0 verbose cli /usr/local/bin/node /usr/local/bin/npm
1 info using npm@10.5.0
2 info using node@v20.12.2
3 timing npm:load:whichnode Completed in 2ms
4 timing config:load:defaults Completed in 6ms
5 timing config:load:file:/usr/local/lib/node_modules/npm/npmrc Completed in 1ms
6 timing config:load:builtin Completed in 3ms
7 timing config:load:cli Completed in 3ms
8 timing config:load:env Completed in 0ms
9 timing config:load:project Completed in 1ms
10 timing config:load:file:/root/.npmrc Completed in 2ms
11 timing config:load:user Completed in 2ms
12 timing config:load:file:/usr/local/etc/npmrc Completed in 1ms
13 timing config:load:global Completed in 1ms
14 timing config:load:setEnvs Completed in 1ms
15 timing config:load Completed in 17ms
16 timing npm:load:configload Completed in 17ms
17 timing config:load:flatten Completed in 2ms
18 timing npm:load:mkdirpcache Completed in 2ms
19 timing npm:load:mkdirplogs Completed in 1ms
20 verbose title npm install
21 verbose argv "install"
22 timing npm:load:setTitle Completed in 1ms
23 timing npm:load:display Completed in 1ms
24 verbose logfile logs-max:10 dir:/root/.npm/_logs/2026-05-10T17_59_39_086Z-
25 verbose logfile /root/.npm/_logs/2026-05-10T17_59_39_086Z-debug-0.log
26 timing npm:load:logFile Completed in 9ms
27 timing npm:load:timers Completed in 0ms
28 timing npm:load:configScope Completed in 0ms
29 timing npm:load Completed in 60ms
30 timing arborist:ctor Completed in 0ms
31 silly logfile done cleaning log files
32 timing idealTree:init Completed in 629ms
33 timing idealTree:userRequests Completed in 0ms
34 silly idealTree buildDeps
35 timing idealTree:#root Completed in 0ms
36 timing idealTree:buildDeps Completed in 2ms
37 timing idealTree:fixDepFlags Completed in 0ms
38 timing idealTree Completed in 641ms
39 timing reify:loadTrees Completed in 667ms
40 timing reify:diffTrees Completed in 9ms
41 silly reify moves {}
42 timing reify:retireShallow Completed in 2ms
43 http fetch GET 200 https://registry.npmjs.org/npm 1450ms
44 timing reify:createSparse Completed in 944ms
45 timing reify:loadBundles Completed in 0ms
46 silly audit bulk request {
46 silly audit   '@aashutoshrathi/word-wrap': [ '1.2.6' ],
46 silly audit   '@ampproject/remapping': [ '2.3.0' ],
46 silly audit   '@babel/code-frame': [ '7.24.2' ],
46 silly audit   '@babel/compat-data': [ '7.24.4' ],
46 silly audit   '@babel/core': [ '7.24.4' ],
46 silly audit   semver: [ '6.3.1', '7.6.0' ],
46 silly audit   '@babel/generator': [ '7.24.4' ],
46 silly audit   '@babel/helper-compilation-targets': [ '7.23.6' ],
46 silly audit   '@babel/helper-environment-visitor': [ '7.22.20' ],
46 silly audit   '@babel/helper-function-name': [ '7.23.0' ],
46 silly audit   '@babel/helper-hoist-variables': [ '7.22.5' ],
46 silly audit   '@babel/helper-module-imports': [ '7.24.3' ],
46 silly audit   '@babel/helper-module-transforms': [ '7.23.3' ],
46 silly audit   '@babel/helper-plugin-utils': [ '7.24.0' ],
46 silly audit   '@babel/helper-simple-access': [ '7.22.5' ],
46 silly audit   '@babel/helper-split-export-declaration': [ '7.22.6' ],
46 silly audit   '@babel/helper-string-parser': [ '7.24.1' ],
46 silly audit   '@babel/helper-validator-identifier': [ '7.22.20' ],
46 silly audit   '@babel/helper-validator-option': [ '7.23.5' ],
46 silly audit   '@babel/helpers': [ '7.24.4' ],
46 silly audit   '@babel/highlight': [ '7.24.2' ],
46 silly audit   'ansi-styles': [ '3.2.1', '4.3.0', '5.2.0', '6.1.0' ],
46 silly audit   chalk: [ '2.4.2', '5.0.1', '4.1.2', '5.3.0' ],
46 silly audit   'color-convert': [ '1.9.3', '2.0.1' ],
46 silly audit   'color-name': [ '1.1.3', '1.1.4' ],
46 silly audit   'has-flag': [ '3.0.0', '4.0.0' ],
46 silly audit   'supports-color': [ '5.5.0', '8.1.1', '7.2.0' ],
46 silly audit   '@babel/parser': [ '7.24.4' ],
46 silly audit   '@babel/plugin-syntax-async-generators': [ '7.8.4' ],
46 silly audit   '@babel/plugin-syntax-bigint': [ '7.8.3' ],
46 silly audit   '@babel/plugin-syntax-class-properties': [ '7.12.13' ],
46 silly audit   '@babel/plugin-syntax-import-meta': [ '7.10.4' ],
46 silly audit   '@babel/plugin-syntax-json-strings': [ '7.8.3' ],
46 silly audit   '@babel/plugin-syntax-jsx': [ '7.24.1' ],
46 silly audit   '@babel/plugin-syntax-logical-assignment-operators': [ '7.10.4' ],
46 silly audit   '@babel/plugin-syntax-nullish-coalescing-operator': [ '7.8.3' ],
46 silly audit   '@babel/plugin-syntax-numeric-separator': [ '7.10.4' ],
46 silly audit   '@babel/plugin-syntax-object-rest-spread': [ '7.8.3' ],
46 silly audit   '@babel/plugin-syntax-optional-catch-binding': [ '7.8.3' ],
46 silly audit   '@babel/plugin-syntax-optional-chaining': [ '7.8.3' ],
46 silly audit   '@babel/plugin-syntax-top-level-await': [ '7.14.5' ],
46 silly audit   '@babel/plugin-syntax-typescript': [ '7.24.1' ],
46 silly audit   '@babel/runtime': [ '7.24.4' ],
46 silly audit   '@babel/template': [ '7.24.0' ],
46 silly audit   '@babel/traverse': [ '7.24.1' ],
46 silly audit   globals: [ '11.12.0', '14.0.0', '13.24.0', '15.0.0' ],
46 silly audit   '@babel/types': [ '7.24.0' ],
46 silly audit   '@bcoe/v8-coverage': [ '0.2.3' ],
46 silly audit   '@colors/colors': [ '1.5.0' ],
46 silly audit   '@discoveryjs/json-ext': [ '0.5.7' ],
46 silly audit   '@eslint-community/eslint-utils': [ '4.4.0' ],
46 silly audit   '@eslint-community/regexpp': [ '4.10.0' ],
46 silly audit   '@eslint/eslintrc': [ '3.0.2', '2.1.4' ],
46 silly audit   '@eslint/js': [ '9.1.1', '8.57.0' ],
46 silly audit   '@fastify/accept-negotiator': [ '1.0.0' ],
46 silly audit   '@fastify/ajv-compiler': [ '3.5.0' ],
46 silly audit   ajv: [ '8.12.0', '6.12.6', '8.11.0' ],
46 silly audit   'json-schema-traverse': [ '1.0.0', '0.4.1' ],
46 silly audit   '@fastify/cookie': [ '9.3.1' ],
46 silly audit   'fastify-plugin': [ '4.5.1', '4.2.0', '2.3.4', '3.0.1' ],
46 silly audit   '@fastify/deepmerge': [ '1.3.0' ],
46 silly audit   '@fastify/error': [ '3.4.1' ],
46 silly audit   '@fastify/fast-json-stringify-compiler': [ '4.3.0' ],
46 silly audit   '@fastify/flash': [ '5.1.0' ],
46 silly audit   '@fastify/formbody': [ '7.4.0' ],
46 silly audit   '@fastify/merge-json-schemas': [ '0.1.1' ],
46 silly audit   '@fastify/secure-session': [ '7.5.1' ],
46 silly audit   '@fastify/send': [ '2.1.0' ],
46 silly audit   '@fastify/sensible': [ '5.5.0' ],
46 silly audit   '@fastify/static': [ '7.0.3' ],
46 silly audit   '@fastify/view': [ '9.0.0' ],
46 silly audit   '@gar/promisify': [ '1.1.3' ],
46 silly audit   '@humanwhocodes/config-array': [ '0.11.14' ],
46 silly audit   '@humanwhocodes/module-importer': [ '1.0.1' ],
46 silly audit   '@humanwhocodes/object-schema': [ '2.0.3' ],
46 silly audit   '@isaacs/cliui': [ '8.0.2' ],
46 silly audit   'ansi-regex': [ '6.0.1', '5.0.1' ],
46 silly audit   'emoji-regex': [ '9.2.2', '8.0.0' ],
46 silly audit   'string-width': [ '5.1.2', '4.2.3' ],
46 silly audit   'strip-ansi': [ '7.1.0', '7.0.1', '6.0.1' ],
46 silly audit   '@istanbuljs/load-nyc-config': [ '1.1.0' ],
46 silly audit   argparse: [ '1.0.10', '2.0.1' ],
46 silly audit   'find-up': [ '4.1.0', '5.0.0', '3.0.0' ],
46 silly audit   'js-yaml': [ '3.14.1', '4.1.0' ],
46 silly audit   'locate-path': [ '5.0.0', '6.0.0', '3.0.0' ],
46 silly audit   'p-limit': [ '2.3.0', '3.1.0' ],
46 silly audit   'p-locate': [ '4.1.0', '5.0.0', '3.0.0' ],
46 silly audit   '@istanbuljs/schema': [ '0.1.3' ],
46 silly audit   '@jest/console': [ '29.7.0' ],
46 silly audit   '@jest/core': [ '29.7.0' ],
46 silly audit   '@jest/environment': [ '29.7.0' ],
46 silly audit   '@jest/expect': [ '29.7.0' ],
46 silly audit   '@jest/expect-utils': [ '29.7.0' ],
46 silly audit   '@jest/fake-timers': [ '29.7.0' ],
46 silly audit   '@jest/globals': [ '29.7.0' ],
46 silly audit   '@jest/reporters': [ '29.7.0' ],
46 silly audit   glob: [ '7.2.3', '10.3.12', '8.1.0' ],
46 silly audit   '@jest/schemas': [ '29.6.3' ],
46 silly audit   '@jest/source-map': [ '29.6.3' ],
46 silly audit   '@jest/test-result': [ '29.7.0' ],
46 silly audit   '@jest/test-sequencer': [ '29.7.0' ],
46 silly audit   '@jest/transform': [ '29.7.0' ],
46 silly audit   '@jest/types': [ '29.6.3' ],
46 silly audit   '@jridgewell/gen-mapping': [ '0.3.5' ],
46 silly audit   '@jridgewell/resolve-uri': [ '3.1.2' ],
46 silly audit   '@jridgewell/set-array': [ '1.2.1' ],
46 silly audit   '@jridgewell/source-map': [ '0.3.6' ],
46 silly audit   '@jridgewell/sourcemap-codec': [ '1.4.15' ],
46 silly audit   '@jridgewell/trace-mapping': [ '0.3.25' ],
46 silly audit   '@lukeed/ms': [ '2.0.2' ],
46 silly audit   '@nodelib/fs.scandir': [ '2.1.5' ],
46 silly audit   '@nodelib/fs.stat': [ '2.0.5' ],
46 silly audit   '@nodelib/fs.walk': [ '1.2.8' ],
46 silly audit   '@npmcli/fs': [ '3.1.0', '2.1.2', '1.1.1' ],
46 silly audit   '@npmcli/git': [ '4.1.0' ],
46 silly audit   'lru-cache': [ '7.18.3', '5.1.1', '10.2.0', '6.0.0' ],
46 silly audit   which: [ '3.0.1', '2.0.2' ],
46 silly audit   '@npmcli/installed-package-contents': [ '2.0.2' ],
46 silly audit   '@npmcli/move-file': [ '2.0.1', '1.1.2' ],
46 silly audit   '@npmcli/node-gyp': [ '3.0.0' ],
46 silly audit   '@npmcli/promise-spawn': [ '6.0.2' ],
46 silly audit   '@npmcli/run-script': [ '6.0.2' ],
46 silly audit   '@one-ini/wasm': [ '0.1.1' ],
46 silly audit   '@pkgjs/parseargs': [ '0.11.0' ],
46 silly audit   '@pnpm/network.ca-file': [ '1.0.1' ],
46 silly audit   '@pnpm/npm-conf': [ '1.0.5' ],
46 silly audit   '@popperjs/core': [ '2.11.8' ],
46 silly audit   '@rails/ujs': [ '7.1.3-2' ],
46 silly audit   '@sigstore/bundle': [ '1.1.0' ],
46 silly audit   '@sigstore/protobuf-specs': [ '0.2.1' ],
46 silly audit   '@sigstore/sign': [ '1.0.0' ],
46 silly audit   '@sigstore/tuf': [ '1.0.3' ],
46 silly audit   '@sinclair/typebox': [ '0.27.8' ],
46 silly audit   '@sindresorhus/is': [ '5.3.0' ],
46 silly audit   '@sinonjs/commons': [ '3.0.1' ],
46 silly audit   '@sinonjs/fake-timers': [ '10.3.0' ],
46 silly audit   '@szmarczak/http-timer': [ '5.0.1' ],
46 silly audit   '@tootallnate/once': [ '2.0.0', '1.1.2' ],
46 silly audit   '@tufjs/canonical-json': [ '1.0.0' ],
46 silly audit   '@tufjs/models': [ '1.0.4' ],
46 silly audit   'brace-expansion': [ '2.0.1', '1.1.11' ],
46 silly audit   minimatch: [ '9.0.4', '9.0.1', '5.1.6', '3.1.2' ],
46 silly audit   '@types/babel__core': [ '7.20.5' ],
46 silly audit   '@types/babel__generator': [ '7.6.8' ],
46 silly audit   '@types/babel__template': [ '7.4.4' ],
46 silly audit   '@types/babel__traverse': [ '7.20.5' ],
46 silly audit   '@types/cacheable-request': [ '6.0.2' ],
46 silly audit   '@types/debug': [ '4.1.12' ],
46 silly audit   '@types/eslint': [ '8.4.6' ],
46 silly audit   '@types/eslint-scope': [ '3.7.4' ],
46 silly audit   '@types/estree': [ '1.0.5' ],
46 silly audit   '@types/graceful-fs': [ '4.1.9' ],
46 silly audit   '@types/http-cache-semantics': [ '4.0.1' ],
46 silly audit   '@types/istanbul-lib-coverage': [ '2.0.6' ],
46 silly audit   '@types/istanbul-lib-report': [ '3.0.3' ],
46 silly audit   '@types/istanbul-reports': [ '3.0.4' ],
46 silly audit   '@types/jest': [ '29.5.12' ],
46 silly audit   '@types/json-schema': [ '7.0.11' ],
46 silly audit   '@types/json5': [ '0.0.29' ],
46 silly audit   '@types/keyv': [ '3.1.4' ],
46 silly audit   '@types/ms': [ '0.7.34' ],
46 silly audit   '@types/node': [ '20.12.7' ],
46 silly audit   '@types/responselike': [ '1.0.0' ],
46 silly audit   '@types/semver-utils': [ '1.1.3' ],
46 silly audit   '@types/stack-trace': [ '0.0.29' ],
46 silly audit   '@types/stack-utils': [ '2.0.3' ],
46 silly audit   '@types/validator': [ '13.11.9' ],
46 silly audit   '@types/yargs': [ '17.0.32' ],
46 silly audit   '@types/yargs-parser': [ '21.0.3' ],
46 silly audit   '@ungap/structured-clone': [ '1.2.0' ],
46 silly audit   '@vscode/sqlite3': [ '5.1.2' ],
46 silly audit   '@webassemblyjs/ast': [ '1.12.1' ],
46 silly audit   '@webassemblyjs/floating-point-hex-parser': [ '1.11.6' ],
46 silly audit   '@webassemblyjs/helper-api-error': [ '1.11.6' ],
46 silly audit   '@webassemblyjs/helper-buffer': [ '1.12.1' ],
46 silly audit   '@webassemblyjs/helper-numbers': [ '1.11.6' ],
46 silly audit   '@webassemblyjs/helper-wasm-bytecode': [ '1.11.6' ],
46 silly audit   '@webassemblyjs/helper-wasm-section': [ '1.12.1' ],
46 silly audit   '@webassemblyjs/ieee754': [ '1.11.6' ],
46 silly audit   '@webassemblyjs/leb128': [ '1.11.6' ],
46 silly audit   '@webassemblyjs/utf8': [ '1.11.6' ],
46 silly audit   '@webassemblyjs/wasm-edit': [ '1.12.1' ],
46 silly audit   '@webassemblyjs/wasm-gen': [ '1.12.1' ],
46 silly audit   '@webassemblyjs/wasm-opt': [ '1.12.1' ],
46 silly audit   '@webassemblyjs/wasm-parser': [ '1.12.1' ],
46 silly audit   '@webassemblyjs/wast-printer': [ '1.12.1' ],
46 silly audit   '@webpack-cli/configtest': [ '2.1.1' ],
46 silly audit   '@webpack-cli/info': [ '2.0.2' ],
46 silly audit   '@webpack-cli/serve': [ '2.0.5' ],
46 silly audit   '@xtuc/ieee754': [ '1.2.0' ],
46 silly audit   '@xtuc/long': [ '4.2.2' ],
46 silly audit   abbrev: [ '1.1.1', '2.0.0' ],
46 silly audit   'abort-controller': [ '3.0.0' ],
46 silly audit   'abstract-logging': [ '2.0.1' ],
46 silly audit   acorn: [ '8.11.3', '7.4.1' ],
46 silly audit   'acorn-import-assertions': [ '1.9.0' ],
46 silly audit   'acorn-jsx': [ '5.3.2' ],
46 silly audit   'agent-base': [ '6.0.2' ],
46 silly audit   agentkeepalive: [ '4.2.1' ],
46 silly audit   depd: [ '1.1.2', '2.0.0' ],
46 silly audit   'aggregate-error': [ '3.1.0' ],
46 silly audit   'ajv-formats': [ '2.1.1', '3.0.1' ],
46 silly audit   'ajv-keywords': [ '3.5.2', '5.1.0' ],
46 silly audit   'ansi-align': [ '3.0.1' ],
46 silly audit   'ansi-escapes': [ '4.3.2' ],
46 silly audit   'type-fest': [ '0.21.3', '2.19.0', '1.4.0', '0.20.2' ],
46 silly audit   anymatch: [ '3.1.2' ],
46 silly audit   aproba: [ '2.0.0' ],
46 silly audit   archy: [ '1.0.0' ],
46 silly audit   'are-we-there-yet': [ '3.0.1' ],
46 silly audit   'array-buffer-byte-length': [ '1.0.1' ],
46 silly audit   'array-includes': [ '3.1.8' ],
46 silly audit   'array-union': [ '2.1.0' ],
46 silly audit   'array.prototype.findlastindex': [ '1.2.5' ],
46 silly audit   'array.prototype.flat': [ '1.3.2' ],
46 silly audit   'array.prototype.flatmap': [ '1.3.2' ],
46 silly audit   'arraybuffer.prototype.slice': [ '1.0.3' ],
46 silly audit   asap: [ '2.0.6' ],
46 silly audit   'assert-never': [ '1.2.1' ],
46 silly audit   'at-least-node': [ '1.0.0' ],
46 silly audit   'atomic-sleep': [ '1.0.0' ],
46 silly audit   'available-typed-arrays': [ '1.0.7' ],
46 silly audit   avvio: [ '8.3.0' ],
46 silly audit   'babel-jest': [ '29.7.0' ],
46 silly audit   'babel-plugin-istanbul': [ '6.1.1' ],
46 silly audit   'istanbul-lib-instrument': [ '5.2.1', '6.0.2' ],
46 silly audit   'babel-plugin-jest-hoist': [ '29.6.3' ],
46 silly audit   'babel-preset-current-node-syntax': [ '1.0.1' ],
46 silly audit   'babel-preset-jest': [ '29.6.3' ],
46 silly audit   'babel-walk': [ '3.0.0-canary-5' ],
46 silly audit   'balanced-match': [ '1.0.2' ],
46 silly audit   'base64-js': [ '1.5.1' ],
46 silly audit   'better-sqlite3': [ '8.7.0' ],
46 silly audit   'binary-extensions': [ '2.2.0' ],
46 silly audit   bindings: [ '1.5.0' ],
46 silly audit   bl: [ '4.1.0' ],
46 silly audit   bluebird: [ '3.7.2' ],
46 silly audit   bootstrap: [ '5.3.3' ],
46 silly audit   boxen: [ '7.0.0' ],
46 silly audit   camelcase: [ '7.0.0', '5.3.1', '6.3.0' ],
46 silly audit   braces: [ '3.0.2' ],
46 silly audit   browserslist: [ '4.23.0' ],
46 silly audit   bser: [ '2.1.1' ],
46 silly audit   buffer: [ '5.7.1', '6.0.3' ],
46 silly audit   'buffer-from': [ '1.1.2' ],
46 silly audit   builtins: [ '5.1.0' ],
46 silly audit   cacache: [ '17.1.4', '16.1.3', '15.3.0' ],
46 silly audit   'fs-minipass': [ '3.0.3', '2.1.0' ],
46 silly audit   minipass: [ '7.0.4', '5.0.0', '3.3.4' ],
46 silly audit   'unique-filename': [ '3.0.0', '2.0.1', '1.1.1' ],
46 silly audit   'unique-slug': [ '4.0.0', '3.0.0', '2.0.2' ],
46 silly audit   'cacheable-lookup': [ '6.1.0' ],
46 silly audit   'cacheable-request': [ '7.0.2' ],
46 silly audit   'get-stream': [ '5.2.0', '6.0.1' ],
46 silly audit   'lowercase-keys': [ '2.0.0', '3.0.0' ],
46 silly audit   'call-bind': [ '1.0.7' ],
46 silly audit   callsites: [ '3.1.0' ],
46 silly audit   'caniuse-lite': [ '1.0.30001612' ],
46 silly audit   'char-regex': [ '1.0.2' ],
46 silly audit   'character-parser': [ '2.2.0' ],
46 silly audit   chokidar: [ '3.5.3' ],
46 silly audit   'glob-parent': [ '5.1.2', '6.0.2' ],
46 silly audit   chownr: [ '2.0.0', '1.1.4' ],
46 silly audit   'chrome-trace-event': [ '1.0.3' ],
46 silly audit   'ci-info': [ '3.3.2' ],
46 silly audit   'cjs-module-lexer': [ '1.2.3' ],
46 silly audit   'clean-stack': [ '2.2.0' ],
46 silly audit   'cli-boxes': [ '3.0.0' ],
46 silly audit   'cli-color': [ '2.0.4' ],
46 silly audit   'cli-table3': [ '0.6.4' ],
46 silly audit   cliui: [ '8.0.1', '7.0.4' ],
46 silly audit   'wrap-ansi': [ '7.0.0', '8.1.0' ],
46 silly audit   'clone-deep': [ '4.0.1' ],
46 silly audit   'clone-response': [ '1.0.3' ],
46 silly audit   'close-with-grace': [ '1.1.0' ],
46 silly audit   co: [ '4.6.0' ],
46 silly audit   'collect-v8-coverage': [ '1.0.2' ],
46 silly audit   'color-support': [ '1.1.3' ],
46 silly audit   colorette: [ '2.0.19' ],
46 silly audit   commander: [ '10.0.1', '2.20.3' ],
46 silly audit   commist: [ '3.0.0' ],
46 silly audit   'concat-map': [ '0.0.1' ],
46 silly audit   concurrently: [ '8.2.2' ],
46 silly audit   'config-chain': [ '1.1.13' ],
46 silly audit   ini: [ '1.3.8', '2.0.0', '4.1.2' ],
46 silly audit   configstore: [ '6.0.0' ],
46 silly audit   'write-file-atomic': [ '3.0.3', '4.0.2' ],
46 silly audit   'confusing-browser-globals': [ '1.0.11' ],
46 silly audit   'console-control-strings': [ '1.1.0' ],
46 silly audit   constantinople: [ '4.0.1' ],
46 silly audit   'content-disposition': [ '0.5.4' ],
46 silly audit   'convert-source-map': [ '2.0.0' ],
46 silly audit   cookie: [ '0.6.0', '0.4.2' ],
46 silly audit   'cookie-signature': [ '1.2.1' ],
46 silly audit   'create-jest': [ '29.7.0' ],
46 silly audit   'cross-spawn': [ '7.0.3' ],
46 silly audit   'crypto-random-string': [ '4.0.0' ],
46 silly audit   'css-loader': [ '7.1.1' ],
46 silly audit   cssesc: [ '3.0.0' ],
46 silly audit   d: [ '1.0.2' ],
46 silly audit   'data-view-buffer': [ '1.0.1' ],
46 silly audit   'data-view-byte-length': [ '1.0.1' ],
46 silly audit   'data-view-byte-offset': [ '1.0.0' ],
46 silly audit   'date-fns': [ '2.30.0' ],
46 silly audit   dateformat: [ '4.6.3' ],
46 silly audit   'db-errors': [ '0.2.3' ],
46 silly audit   debug: [ '4.3.4', '3.2.7' ],
46 silly audit   ms: [ '2.1.2', '2.1.3' ],
46 silly audit   'decompress-response': [ '6.0.0' ],
46 silly audit   'mimic-response': [ '3.1.0', '1.0.1' ],
46 silly audit   dedent: [ '1.5.3' ],
46 silly audit   'deep-extend': [ '0.6.0' ],
46 silly audit   'deep-is': [ '0.1.4' ],
46 silly audit   deepmerge: [ '4.3.1' ],
46 silly audit   'defer-to-connect': [ '2.0.1' ],
46 silly audit   'define-data-property': [ '1.1.4' ],
46 silly audit   'define-properties': [ '1.2.1' ],
46 silly audit   delegates: [ '1.0.0' ],
46 silly audit   'detect-libc': [ '2.0.3' ],
46 silly audit   'detect-newline': [ '3.1.0' ],
46 silly audit   'diff-sequences': [ '29.6.3' ],
46 silly audit   'dir-glob': [ '3.0.1' ],
46 silly audit   doctrine: [ '3.0.0', '2.1.0' ],
46 silly audit   doctypes: [ '1.1.0' ],
46 silly audit   'dot-prop': [ '6.0.1' ],
46 silly audit   dotenv: [ '16.4.5' ],
46 silly audit   dottie: [ '2.0.6' ],
46 silly audit   eastasianwidth: [ '0.2.0' ],
46 silly audit   editorconfig: [ '1.0.4' ],
46 silly audit   'electron-to-chromium': [ '1.4.746' ],
46 silly audit   emittery: [ '0.13.1' ],
46 silly audit   encoding: [ '0.1.13' ],
46 silly audit   'end-of-stream': [ '1.4.4' ],
46 silly audit   'enhanced-resolve': [ '5.16.0' ],
46 silly audit   entities: [ '3.0.1' ],
46 silly audit   'env-paths': [ '2.2.1' ],
46 silly audit   envinfo: [ '7.12.0' ],
46 silly audit   'err-code': [ '2.0.3' ],
46 silly audit   'error-ex': [ '1.3.2' ],
46 silly audit   'es-abstract': [ '1.23.3' ],
46 silly audit   'es-define-property': [ '1.0.0' ],
46 silly audit   'es-errors': [ '1.3.0' ],
46 silly audit   'es-module-lexer': [ '1.5.0' ],
46 silly audit   'es-object-atoms': [ '1.0.0' ],
46 silly audit   'es-set-tostringtag': [ '2.0.3' ],
46 silly audit   'es-shim-unscopables': [ '1.0.2' ],
46 silly audit   'es-to-primitive': [ '1.2.1' ],
46 silly audit   'es5-ext': [ '0.10.64' ],
46 silly audit   'es6-iterator': [ '2.0.3' ],
46 silly audit   'es6-symbol': [ '3.1.4' ],
46 silly audit   'es6-weak-map': [ '2.0.3' ],
46 silly audit   escalade: [ '3.1.1' ],
46 silly audit   'escape-goat': [ '4.0.0' ],
46 silly audit   'escape-html': [ '1.0.3' ],
46 silly audit   'escape-string-regexp': [ '1.0.5', '4.0.0', '2.0.0' ],
46 silly audit   eslint: [ '8.57.0' ],
46 silly audit   'eslint-config-airbnb-base': [ '15.0.0' ],
46 silly audit   'eslint-import-resolver-node': [ '0.3.9' ],
46 silly audit   'eslint-module-utils': [ '2.8.1' ],
46 silly audit   'eslint-plugin-import': [ '2.29.1' ],
46 silly audit   'eslint-scope': [ '7.2.2', '5.1.1' ],
46 silly audit   'eslint-visitor-keys': [ '3.4.3', '4.0.0' ],
46 silly audit   espree: [ '9.6.1', '10.0.1' ],
46 silly audit   esm: [ '3.2.25' ],
46 silly audit   esniff: [ '2.0.1' ],
46 silly audit   esprima: [ '4.0.1' ],
46 silly audit   esquery: [ '1.5.0' ],
46 silly audit   esrecurse: [ '4.3.0' ],
46 silly audit   estraverse: [ '5.3.0', '4.3.0' ],
46 silly audit   esutils: [ '2.0.3' ],
46 silly audit   'event-emitter': [ '0.3.5' ],
46 silly audit   'event-target-shim': [ '5.0.1' ],
46 silly audit   events: [ '3.3.0' ],
46 silly audit   execa: [ '5.1.1' ],
46 silly audit   exit: [ '0.1.2' ],
46 silly audit   'expand-template': [ '2.0.3' ],
46 silly audit   expect: [ '29.7.0' ],
46 silly audit   'exponential-backoff': [ '3.1.1' ],
46 silly audit   ext: [ '1.7.0' ],
46 silly audit   'fast-content-type-parse': [ '1.1.0' ],
46 silly audit   'fast-copy': [ '3.0.2' ],
46 silly audit   'fast-decode-uri-component': [ '1.0.1' ],
46 silly audit   'fast-deep-equal': [ '3.1.3' ],
46 silly audit   'fast-glob': [ '3.2.11' ],
46 silly audit   'fast-json-stable-stringify': [ '2.1.0' ],
46 silly audit   'fast-json-stringify': [ '5.14.1' ],
46 silly audit   'fast-levenshtein': [ '2.0.6' ],
46 silly audit   'fast-memoize': [ '2.5.2' ],
46 silly audit   'fast-querystring': [ '1.0.0' ],
46 silly audit   'fast-redact': [ '3.5.0' ],
46 silly audit   'fast-safe-stringify': [ '2.1.1' ],
46 silly audit   'fast-uri': [ '2.3.0' ],
46 silly audit   'fastest-levenshtein': [ '1.0.16' ],
46 silly audit   fastify: [ '4.26.2' ],
46 silly audit   'fastify-cli': [ '6.1.1' ],
46 silly audit   'pino-pretty': [ '10.3.1', '11.0.0' ],
46 silly audit   'help-me': [ '5.0.0', '4.2.0' ],
46 silly audit   'readable-stream': [ '4.5.2', '3.6.2' ],
46 silly audit   'fastify-error-page': [ '4.0.0' ],
46 silly audit   'fastify-method-override': [ '1.5.10' ],
46 silly audit   'fastify-objectionjs': [ '2.0.1' ],
46 silly audit   knex: [ '2.5.1', '3.1.0' ],
46 silly audit   'pg-connection-string': [ '2.6.1', '2.6.2', '2.6.4' ],
46 silly audit   'fastify-reverse-routes': [ '3.0.0' ],
46 silly audit   fastq: [ '1.17.1' ],
46 silly audit   'fb-watchman': [ '2.0.2' ],
46 silly audit   'file-entry-cache': [ '6.0.1' ],
46 silly audit   'file-uri-to-path': [ '1.0.0' ],
46 silly audit   'fill-range': [ '7.0.1' ],
46 silly audit   'find-my-way': [ '8.1.0' ],
46 silly audit   'flat-cache': [ '3.2.0' ],
46 silly audit   flatted: [ '3.3.1' ],
46 silly audit   'for-each': [ '0.3.3' ],
46 silly audit   'foreground-child': [ '3.1.1' ],
46 silly audit   'signal-exit': [ '4.1.0', '3.0.7' ],
46 silly audit   'form-data-encoder': [ '2.1.0' ],
46 silly audit   forwarded: [ '0.2.0' ],
46 silly audit   'fp-and-or': [ '0.1.4' ],
46 silly audit   'fs-constants': [ '1.0.0' ],
46 silly audit   'fs-extra': [ '9.1.0' ],
46 silly audit   'fs.realpath': [ '1.0.0' ],
46 silly audit   fsevents: [ '2.3.2' ],
46 silly audit   'function-bind': [ '1.1.2' ],
46 silly audit   'function.prototype.name': [ '1.1.6' ],
46 silly audit   'functions-have-names': [ '1.2.3' ],
46 silly audit   gauge: [ '4.0.4' ],
46 silly audit   generify: [ '4.2.0' ],
46 silly audit   gensync: [ '1.0.0-beta.2' ],
46 silly audit   'get-caller-file': [ '2.0.5' ],
46 silly audit   'get-intrinsic': [ '1.2.4' ],
46 silly audit   'get-package-type': [ '0.1.0' ],
46 silly audit   'get-stdin': [ '8.0.0' ],
46 silly audit   'get-symbol-description': [ '1.0.2' ],
46 silly audit   getopts: [ '2.3.0' ],
46 silly audit   'github-from-package': [ '0.0.0' ],
46 silly audit   'glob-to-regexp': [ '0.4.1' ],
46 silly audit   'global-dirs': [ '3.0.0' ],
46 silly audit   globalthis: [ '1.0.3' ],
46 silly audit   globby: [ '11.1.0' ],
46 silly audit   gopd: [ '1.0.1' ],
46 silly audit   got: [ '12.3.1' ],
46 silly audit   'graceful-fs': [ '4.2.10', '4.2.11' ],
46 silly audit   graphemer: [ '1.4.0' ],
46 silly audit   'has-bigints': [ '1.0.2' ],
46 silly audit   'has-property-descriptors': [ '1.0.2' ],
46 silly audit   'has-proto': [ '1.0.3' ],
46 silly audit   'has-symbols': [ '1.0.3' ],
46 silly audit   'has-tostringtag': [ '1.0.2' ],
46 silly audit   'has-unicode': [ '2.0.1' ],
46 silly audit   'has-yarn': [ '3.0.0' ],
46 silly audit   hashlru: [ '2.3.0' ],
46 silly audit   hasown: [ '2.0.2' ],
46 silly audit   'hosted-git-info': [ '5.2.1', '6.1.1' ],
46 silly audit   'html-escaper': [ '2.0.2' ],
46 silly audit   'http-cache-semantics': [ '4.1.1' ],
46 silly audit   'http-errors': [ '2.0.0' ],
46 silly audit   'http-proxy-agent': [ '5.0.0', '4.0.1' ],
46 silly audit   'http2-wrapper': [ '2.1.11' ],
46 silly audit   'https-proxy-agent': [ '5.0.1' ],
46 silly audit   'human-signals': [ '2.1.0' ],
46 silly audit   'humanize-ms': [ '1.2.1' ],
46 silly audit   i18next: [ '23.11.2' ],
46 silly audit   'iconv-lite': [ '0.6.3' ],
46 silly audit   'icss-utils': [ '5.1.0' ],
46 silly audit   ieee754: [ '1.2.1' ],
46 silly audit   ignore: [ '5.2.0' ],
46 silly audit   'ignore-walk': [ '6.0.4' ],
46 silly audit   'import-fresh': [ '3.3.0' ],
46 silly audit   'resolve-from': [ '4.0.0', '5.0.0' ],
46 silly audit   'import-lazy': [ '4.0.0' ],
46 silly audit   'import-local': [ '3.1.0' ],
46 silly audit   imurmurhash: [ '0.1.4' ],
46 silly audit   'indent-string': [ '4.0.0' ],
46 silly audit   'infer-owner': [ '1.0.4' ],
46 silly audit   inflection: [ '1.13.4' ],
46 silly audit   inflight: [ '1.0.6' ],
46 silly audit   inherits: [ '2.0.4' ],
46 silly audit   'internal-slot': [ '1.0.7' ],
46 silly audit   interpret: [ '2.2.0', '3.1.1' ],
46 silly audit   ip: [ '2.0.0' ],
46 silly audit   'ipaddr.js': [ '1.9.1' ],
46 silly audit   'is-array-buffer': [ '3.0.4' ],
46 silly audit   'is-arrayish': [ '0.2.1' ],
46 silly audit   'is-bigint': [ '1.0.4' ],
46 silly audit   'is-binary-path': [ '2.1.0' ],
46 silly audit   'is-boolean-object': [ '1.1.2' ],
46 silly audit   'is-callable': [ '1.2.7' ],
46 silly audit   'is-ci': [ '3.0.1' ],
46 silly audit   'is-core-module': [ '2.13.1' ],
46 silly audit   'is-data-view': [ '1.0.1' ],
46 silly audit   'is-date-object': [ '1.0.5' ],
46 silly audit   'is-docker': [ '2.2.1' ],
46 silly audit   'is-expression': [ '4.0.0' ],
46 silly audit   'is-extglob': [ '2.1.1' ],
46 silly audit   'is-fullwidth-code-point': [ '3.0.0' ],
46 silly audit   'is-generator-fn': [ '2.1.0' ],
46 silly audit   'is-glob': [ '4.0.3' ],
46 silly audit   'is-installed-globally': [ '0.4.0' ],
46 silly audit   'is-lambda': [ '1.0.1' ],
46 silly audit   'is-negative-zero': [ '2.0.3' ],
46 silly audit   'is-npm': [ '6.0.0' ],
46 silly audit   'is-number': [ '7.0.0' ],
46 silly audit   'is-number-object': [ '1.0.7' ],
46 silly audit   'is-obj': [ '2.0.0' ],
46 silly audit   'is-path-inside': [ '3.0.3' ],
46 silly audit   'is-plain-object': [ '2.0.4' ],
46 silly audit   'is-promise': [ '2.2.2' ],
46 silly audit   'is-regex': [ '1.1.4' ],
46 silly audit   'is-shared-array-buffer': [ '1.0.3' ],
46 silly audit   'is-stream': [ '2.0.1' ],
46 silly audit   'is-string': [ '1.0.7' ],
46 silly audit   'is-symbol': [ '1.0.4' ],
46 silly audit   'is-typed-array': [ '1.1.13' ],
46 silly audit   'is-typedarray': [ '1.0.0' ],
46 silly audit   'is-weakref': [ '1.0.2' ],
46 silly audit   'is-yarn-global': [ '0.4.0' ],
46 silly audit   isarray: [ '2.0.5' ],
46 silly audit   isbinaryfile: [ '4.0.10' ],
46 silly audit   isexe: [ '2.0.0' ],
46 silly audit   isobject: [ '3.0.1' ],
46 silly audit   'istanbul-lib-coverage': [ '3.2.2' ],
46 silly audit   'istanbul-lib-report': [ '3.0.1' ],
46 silly audit   'istanbul-lib-source-maps': [ '4.0.1' ],
46 silly audit   'istanbul-reports': [ '3.1.7' ],
46 silly audit   jackspeak: [ '2.3.6' ],
46 silly audit   jest: [ '29.7.0' ],
46 silly audit   'jest-changed-files': [ '29.7.0' ],
46 silly audit   'jest-circus': [ '29.7.0' ],
46 silly audit   'jest-cli': [ '29.7.0' ],
46 silly audit   'jest-config': [ '29.7.0' ],
46 silly audit   'jest-diff': [ '29.7.0' ],
46 silly audit   'jest-docblock': [ '29.7.0' ],
46 silly audit   'jest-each': [ '29.7.0' ],
46 silly audit   'jest-environment-node': [ '29.7.0' ],
46 silly audit   'jest-get-type': [ '29.6.3' ],
46 silly audit   'jest-haste-map': [ '29.7.0' ],
46 silly audit   'jest-leak-detector': [ '29.7.0' ],
46 silly audit   'jest-matcher-utils': [ '29.7.0' ],
46 silly audit   'jest-message-util': [ '29.7.0' ],
46 silly audit   'jest-mock': [ '29.7.0' ],
46 silly audit   'jest-pnp-resolver': [ '1.2.3' ],
46 silly audit   'jest-regex-util': [ '29.6.3' ],
46 silly audit   'jest-resolve': [ '29.7.0' ],
46 silly audit   'jest-resolve-dependencies': [ '29.7.0' ],
46 silly audit   'jest-runner': [ '29.7.0' ],
46 silly audit   'jest-runtime': [ '29.7.0' ],
46 silly audit   'jest-snapshot': [ '29.7.0' ],
46 silly audit   'jest-util': [ '29.7.0' ],
46 silly audit   'jest-validate': [ '29.7.0' ],
46 silly audit   'jest-watcher': [ '29.7.0' ],
46 silly audit   'jest-worker': [ '29.7.0', '27.5.1' ],
46 silly audit   jju: [ '1.4.0' ],
46 silly audit   joycon: [ '3.1.1' ],
46 silly audit   jquery: [ '3.7.1' ],
46 silly audit   'js-beautify': [ '1.15.1' ],
46 silly audit   nopt: [ '7.2.0', '6.0.0', '5.0.0' ],
46 silly audit   'js-cookie': [ '3.0.5' ],
46 silly audit   'js-stringify': [ '1.0.2' ],
46 silly audit   'js-tokens': [ '4.0.0' ],
46 silly audit   jsesc: [ '2.5.2' ],
46 silly audit   'json-buffer': [ '3.0.1' ],
46 silly audit   'json-parse-even-better-errors': [ '2.3.1', '3.0.1' ],
46 silly audit   'json-parse-helpfulerror': [ '1.0.3' ],
46 silly audit   'json-schema-ref-resolver': [ '1.0.1' ],
46 silly audit   'json-stable-stringify-without-jsonify': [ '1.0.1' ],
46 silly audit   json5: [ '2.2.3', '1.0.2' ],
46 silly audit   jsonfile: [ '6.1.0' ],
46 silly audit   jsonlines: [ '0.1.1' ],
46 silly audit   jsonparse: [ '1.3.1' ],
46 silly audit   jstransformer: [ '1.0.0' ],
46 silly audit   'jstransformer-markdown-it': [ '3.0.0' ],
46 silly audit   keyv: [ '4.5.4' ],
46 silly audit   'kind-of': [ '6.0.3' ],
46 silly audit   kleur: [ '3.0.3', '4.1.5' ],
46 silly audit   'latest-version': [ '7.0.0' ],
46 silly audit   leven: [ '3.1.0' ],
46 silly audit   levn: [ '0.4.1' ],
46 silly audit   'light-my-request': [ '5.13.0' ],
46 silly audit   'lines-and-columns': [ '1.2.4' ],
46 silly audit   'linkify-it': [ '4.0.1' ],
46 silly audit   'loader-runner': [ '4.3.0' ],
46 silly audit   lodash: [ '4.17.21' ],
46 silly audit   'lodash.castarray': [ '4.4.0' ],
46 silly audit   'lodash.compact': [ '3.0.1' ],
46 silly audit   'lodash.isempty': [ '4.4.0' ],
46 silly audit   'lodash.merge': [ '4.6.2' ],
46 silly audit   yallist: [ '3.1.1', '4.0.0' ],
46 silly audit   'lru-queue': [ '0.1.0' ],
46 silly audit   'make-dir': [ '4.0.0' ],
46 silly audit   'make-fetch-happen': [ '11.1.1', '10.2.1', '9.1.0' ],
46 silly audit   'make-promises-safe': [ '5.1.0' ],
46 silly audit   makeerror: [ '1.0.12' ],
46 silly audit   'markdown-it': [ '13.0.2' ],
46 silly audit   mdurl: [ '1.0.1' ],
46 silly audit   'media-typer': [ '0.3.0' ],
46 silly audit   memoizee: [ '0.4.15' ],
46 silly audit   'merge-stream': [ '2.0.0' ],
46 silly audit   merge2: [ '1.4.1' ],
46 silly audit   micromatch: [ '4.0.5' ],
46 silly audit   mime: [ '3.0.0' ],
46 silly audit   'mime-db': [ '1.52.0' ],
46 silly audit   'mime-types': [ '2.1.35' ],
46 silly audit   'mimic-fn': [ '2.1.0' ],
46 silly audit   'mini-css-extract-plugin': [ '2.9.0' ],
46 silly audit   minimist: [ '1.2.6' ],
46 silly audit   'minipass-collect': [ '1.0.2' ],
46 silly audit   'minipass-fetch': [ '3.0.4', '2.1.2', '1.4.1' ],
46 silly audit   'minipass-flush': [ '1.0.5' ],
46 silly audit   'minipass-json-stream': [ '1.0.1' ],
46 silly audit   'minipass-pipeline': [ '1.2.4' ],
46 silly audit   'minipass-sized': [ '1.0.3' ],
46 silly audit   minizlib: [ '2.1.2' ],
46 silly audit   mkdirp: [ '1.0.4' ],
46 silly audit   'mkdirp-classic': [ '0.5.3' ],
46 silly audit   moment: [ '2.30.1' ],
46 silly audit   'moment-timezone': [ '0.5.45' ],
46 silly audit   mustache: [ '4.2.0' ],
46 silly audit   nanoid: [ '3.3.7' ],
46 silly audit   'napi-build-utils': [ '1.0.2' ],
46 silly audit   'natural-compare': [ '1.4.0' ],
46 silly audit   negotiator: [ '0.6.3' ],
46 silly audit   'neo-async': [ '2.6.2' ],
46 silly audit   'next-tick': [ '1.1.0' ],
46 silly audit   'node-abi': [ '3.60.0' ],
46 silly audit   'node-addon-api': [ '4.3.0', '7.1.0' ],
46 silly audit   'node-gyp': [ '9.4.1', '8.4.1' ],
46 silly audit   'node-gyp-build': [ '4.8.0' ],
46 silly audit   ssri: [ '9.0.1', '8.0.1', '10.0.5' ],
46 silly audit   'node-int64': [ '0.4.0' ],
46 silly audit   'node-releases': [ '2.0.14' ],
46 silly audit   'normalize-package-data': [ '5.0.0' ],
46 silly audit   'normalize-path': [ '3.0.0' ],
46 silly audit   'normalize-url': [ '6.1.0' ],
46 silly audit   'npm-bundled': [ '3.0.0' ],
46 silly audit   'npm-check-updates': [ '16.14.18' ],
46 silly audit   rimraf: [ '5.0.5', '3.0.2' ],
46 silly audit   'source-map-support': [ '0.5.21', '0.5.13' ],
46 silly audit   'strip-json-comments': [ '5.0.1', '2.0.1', '3.1.1' ],
46 silly audit   'npm-install-checks': [ '6.3.0' ],
46 silly audit   'npm-normalize-package-bin': [ '3.0.1' ],
46 silly audit   'npm-package-arg': [ '10.1.0' ],
46 silly audit   'npm-packlist': [ '7.0.4' ],
46 silly audit   'npm-pick-manifest': [ '8.0.2' ],
46 silly audit   'npm-registry-fetch': [ '14.0.5' ],
46 silly audit   'npm-run-path': [ '4.0.1' ],
46 silly audit   npmlog: [ '6.0.2' ],
46 silly audit   'object-assign': [ '4.1.1' ],
46 silly audit   'object-inspect': [ '1.13.1' ],
46 silly audit   'object-keys': [ '1.1.1' ],
46 silly audit   'object.assign': [ '4.1.5' ],
46 silly audit   'object.entries': [ '1.1.8' ],
46 silly audit   'object.fromentries': [ '2.0.8' ],
46 silly audit   'object.groupby': [ '1.0.3' ],
46 silly audit   'object.values': [ '1.2.0' ],
46 silly audit   objection: [ '3.1.4' ],
46 silly audit   'objection-unique': [ '1.2.2' ],
46 silly audit   'on-exit-leak-free': [ '2.1.2' ],
46 silly audit   once: [ '1.4.0' ],
46 silly audit   onetime: [ '5.1.2' ],
46 silly audit   optionator: [ '0.9.3' ],
46 silly audit   'p-cancelable': [ '3.0.0' ],
46 silly audit   'p-map': [ '4.0.0' ],
46 silly audit   'p-try': [ '2.2.0' ],
46 silly audit   'package-json': [ '8.1.0' ],
46 silly audit   pacote: [ '15.2.0' ],
46 silly audit   'parent-module': [ '1.0.1' ],
46 silly audit   'parse-github-url': [ '1.0.2' ],
46 silly audit   'parse-json': [ '5.2.0' ],
46 silly audit   'path-exists': [ '4.0.0', '3.0.0' ],
46 silly audit   'path-is-absolute': [ '1.0.1' ],
46 silly audit   'path-key': [ '3.1.1' ],
46 silly audit   'path-parse': [ '1.0.7' ],
46 silly audit   'path-scurry': [ '1.10.2' ],
46 silly audit   'path-to-regexp': [ '6.2.1' ],
46 silly audit   'path-type': [ '4.0.0' ],
46 silly audit   pg: [ '8.11.5' ],
46 silly audit   'pg-cloudflare': [ '1.1.1' ],
46 silly audit   'pg-int8': [ '1.0.1' ],
46 silly audit   'pg-pool': [ '3.6.2' ],
46 silly audit   'pg-protocol': [ '1.6.1' ],
46 silly audit   'pg-types': [ '2.2.0' ],
46 silly audit   pgpass: [ '1.0.5' ],
46 silly audit   split2: [ '4.2.0', '3.2.2' ],
46 silly audit   picocolors: [ '1.0.0' ],
46 silly audit   picomatch: [ '2.3.1' ],
46 silly audit   pino: [ '8.20.0' ],
46 silly audit   'pino-abstract-transport': [ '1.2.0' ],
46 silly audit   'pino-std-serializers': [ '6.2.2' ],
46 silly audit   pirates: [ '4.0.6' ],
46 silly audit   'pkg-dir': [ '4.2.0' ],
46 silly audit   'pkg-up': [ '3.1.0' ],
46 silly audit   'possible-typed-array-names': [ '1.0.0' ],
46 silly audit   postcss: [ '8.4.38' ],
46 silly audit   'postcss-modules-extract-imports': [ '3.1.0' ],
46 silly audit   'postcss-modules-local-by-default': [ '4.0.5' ],
46 silly audit   'postcss-modules-scope': [ '3.2.0' ],
46 silly audit   'postcss-modules-values': [ '4.0.0' ],
46 silly audit   'postcss-selector-parser': [ '6.0.16' ],
46 silly audit   'postcss-value-parser': [ '4.2.0' ],
46 silly audit   'postgres-array': [ '2.0.0' ],
46 silly audit   'postgres-bytea': [ '1.0.0' ],
46 silly audit   'postgres-date': [ '1.0.7' ],
46 silly audit   'postgres-interval': [ '1.2.0' ],
46 silly audit   'prebuild-install': [ '7.1.2' ],
46 silly audit   'prelude-ls': [ '1.2.1' ],
46 silly audit   'pretty-format': [ '29.7.0' ],
46 silly audit   'proc-log': [ '3.0.0' ],
46 silly audit   process: [ '0.11.10' ],
46 silly audit   'process-warning': [ '3.0.0' ],
46 silly audit   progress: [ '2.0.3' ],
46 silly audit   promise: [ '7.3.1' ],
46 silly audit   'promise-inflight': [ '1.0.1' ],
46 silly audit   'promise-retry': [ '2.0.1' ],
46 silly audit   prompts: [ '2.4.2' ],
46 silly audit   'prompts-ncu': [ '3.0.0' ],
46 silly audit   'proto-list': [ '1.2.4' ],
46 silly audit   'proxy-addr': [ '2.0.7' ],
46 silly audit   pug: [ '3.0.2' ],
46 silly audit   'pug-attrs': [ '3.0.0' ],
46 silly audit   'pug-code-gen': [ '3.0.2' ],
46 silly audit   'pug-error': [ '2.0.0' ],
46 silly audit   'pug-filters': [ '4.0.0' ],
46 silly audit   'pug-lexer': [ '5.0.1' ],
46 silly audit   'pug-linker': [ '4.0.0' ],
46 silly audit   'pug-load': [ '3.0.0' ],
46 silly audit   'pug-parser': [ '6.0.0' ],
46 silly audit   'pug-runtime': [ '3.0.1' ],
46 silly audit   'pug-strip-comments': [ '2.0.0' ],
46 silly audit   'pug-walk': [ '2.0.0' ],
46 silly audit   pump: [ '3.0.0' ],
46 silly audit   punycode: [ '2.1.1' ],
46 silly audit   pupa: [ '3.1.0' ],
46 silly audit   'pure-rand': [ '6.1.0' ],
46 silly audit   qs: [ '6.12.1' ],
46 silly audit   'queue-microtask': [ '1.2.3' ],
46 silly audit   'quick-format-unescaped': [ '4.0.4' ],
46 silly audit   'quick-lru': [ '5.1.1' ],
46 silly audit   randombytes: [ '2.1.0' ],
46 silly audit   rc: [ '1.2.8' ],
46 silly audit   'rc-config-loader': [ '4.1.3' ],
46 silly audit   'react-is': [ '18.2.0' ],
46 silly audit   'read-package-json': [ '6.0.4' ],
46 silly audit   'read-package-json-fast': [ '3.0.2' ],
46 silly audit   readdirp: [ '3.6.0' ],
46 silly audit   'real-require': [ '0.2.0' ],
46 silly audit   rechoir: [ '0.8.0' ],
46 silly audit   'regenerator-runtime': [ '0.14.1' ],
46 silly audit   'regexp.prototype.flags': [ '1.5.2' ],
46 silly audit   'registry-auth-token': [ '5.0.1' ],
46 silly audit   'registry-url': [ '6.0.1' ],
46 silly audit   'remote-git-tags': [ '3.0.0' ],
46 silly audit   'require-directory': [ '2.1.1' ],
46 silly audit   'require-from-string': [ '2.0.2' ],
46 silly audit   resolve: [ '1.22.8' ],
46 silly audit   'resolve-alpn': [ '1.2.1' ],
46 silly audit   'resolve-cwd': [ '3.0.0' ],
46 silly audit   'resolve.exports': [ '2.0.2' ],
46 silly audit   responselike: [ '2.0.1' ],
46 silly audit   ret: [ '0.2.2' ],
46 silly audit   retry: [ '0.12.0' ],
46 silly audit   'retry-as-promised': [ '7.0.4' ],
46 silly audit   reusify: [ '1.0.4' ],
46 silly audit   rfdc: [ '1.3.1' ],
46 silly audit   'run-parallel': [ '1.2.0' ],
46 silly audit   rxjs: [ '7.8.1' ],
46 silly audit   'safe-array-concat': [ '1.1.2' ],
46 silly audit   'safe-buffer': [ '5.2.1' ],
46 silly audit   'safe-regex-test': [ '1.0.3' ],
46 silly audit   'safe-regex2': [ '2.0.0' ],
46 silly audit   'safe-stable-stringify': [ '2.4.3' ],
46 silly audit   'safer-buffer': [ '2.1.2' ],
46 silly audit   'schema-utils': [ '4.0.0', '3.3.0' ],
46 silly audit   'secure-json-parse': [ '2.7.0' ],
46 silly audit   'semver-diff': [ '4.0.0' ],
46 silly audit   'semver-utils': [ '1.1.4' ],
46 silly audit   sequelize: [ '6.37.3' ],
46 silly audit   'sequelize-cli': [ '6.6.2' ],
46 silly audit   yargs: [ '16.2.0', '17.7.2' ],
46 silly audit   'yargs-parser': [ '20.2.9', '21.1.1' ],
46 silly audit   'sequelize-pool': [ '7.1.0' ],
46 silly audit   'serialize-javascript': [ '6.0.2' ],
46 silly audit   'set-blocking': [ '2.0.0' ],
46 silly audit   'set-cookie-parser': [ '2.6.0' ],
46 silly audit   'set-function-length': [ '1.2.2' ],
46 silly audit   'set-function-name': [ '2.0.2' ],
46 silly audit   setprototypeof: [ '1.2.0' ],
46 silly audit   'shallow-clone': [ '3.0.1' ],
46 silly audit   'shebang-command': [ '2.0.0' ],
46 silly audit   'shebang-regex': [ '3.0.0' ],
46 silly audit   'shell-quote': [ '1.8.1' ],
46 silly audit   'side-channel': [ '1.0.6' ],
46 silly audit   sigstore: [ '1.9.0' ],
46 silly audit   'simple-concat': [ '1.0.1' ],
46 silly audit   'simple-get': [ '4.0.1' ],
46 silly audit   sisteransi: [ '1.0.5' ],
46 silly audit   slash: [ '3.0.0' ],
46 silly audit   'smart-buffer': [ '4.2.0' ],
46 silly audit   socks: [ '2.7.0' ],
46 silly audit   'socks-proxy-agent': [ '7.0.0', '6.2.1' ],
46 silly audit   'sodium-native': [ '4.1.1' ],
46 silly audit   'sonic-boom': [ '3.8.1' ],
46 silly audit   'source-map': [ '0.6.1' ],
46 silly audit   'source-map-js': [ '1.2.0' ],
46 silly audit   'spawn-command': [ '0.0.2' ],
46 silly audit   'spawn-please': [ '2.0.2' ],
46 silly audit   'spdx-correct': [ '3.2.0' ],
46 silly audit   'spdx-exceptions': [ '2.5.0' ],
46 silly audit   'spdx-expression-parse': [ '3.0.1' ],
46 silly audit   'spdx-license-ids': [ '3.0.17' ],
46 silly audit   'sprintf-js': [ '1.0.3' ],
46 silly audit   sqlite3: [ '5.1.7' ],
46 silly audit   'stack-trace': [ '0.0.10' ],
46 silly audit   'stack-utils': [ '2.0.6' ],
46 silly audit   statuses: [ '2.0.1' ],
46 silly audit   string_decoder: [ '1.3.0' ],
46 silly audit   'string-length': [ '4.0.2' ],
46 silly audit   'string.prototype.trim': [ '1.2.9' ],
46 silly audit   'string.prototype.trimend': [ '1.0.8' ],
46 silly audit   'string.prototype.trimstart': [ '1.0.8' ],
46 silly audit   'strip-bom': [ '4.0.0', '3.0.0' ],
46 silly audit   'strip-final-newline': [ '2.0.0' ],
46 silly audit   'style-loader': [ '4.0.0' ],
46 silly audit   'supports-preserve-symlinks-flag': [ '1.0.0' ],
46 silly audit   tapable: [ '2.2.1' ],
46 silly audit   tar: [ '6.1.11' ],
46 silly audit   'tar-fs': [ '2.1.1' ],
46 silly audit   'tar-stream': [ '2.2.0' ],
46 silly audit   tarn: [ '3.0.2' ],
46 silly audit   terser: [ '5.30.4' ],
46 silly audit   'terser-webpack-plugin': [ '5.3.10' ],
46 silly audit   'test-exclude': [ '6.0.0' ],
46 silly audit   'text-table': [ '0.2.0' ],
46 silly audit   'thread-stream': [ '2.6.0' ],
46 silly audit   tildify: [ '2.0.0' ],
46 silly audit   'timers-ext': [ '0.1.7' ],
46 silly audit   tmpl: [ '1.0.5' ],
46 silly audit   'to-fast-properties': [ '2.0.0' ],
46 silly audit   'to-regex-range': [ '5.0.1' ],
46 silly audit   'toad-cache': [ '3.7.0' ],
46 silly audit   toidentifier: [ '1.0.1' ],
46 silly audit   'token-stream': [ '1.0.0' ],
46 silly audit   'toposort-class': [ '1.0.1' ],
46 silly audit   'tree-kill': [ '1.2.2' ],
46 silly audit   'tsconfig-paths': [ '3.15.0' ],
46 silly audit   tslib: [ '2.6.2' ],
46 silly audit   'tuf-js': [ '1.1.7' ],
46 silly audit   'tunnel-agent': [ '0.6.0' ],
46 silly audit   type: [ '2.7.2' ],
46 silly audit   'type-check': [ '0.4.0' ],
46 silly audit   'type-detect': [ '4.0.8' ],
46 silly audit   'type-is': [ '1.6.18' ],
46 silly audit   'typed-array-buffer': [ '1.0.2' ],
46 silly audit   'typed-array-byte-length': [ '1.0.1' ],
46 silly audit   'typed-array-byte-offset': [ '1.0.2' ],
46 silly audit   'typed-array-length': [ '1.0.6' ],
46 silly audit   'typedarray-to-buffer': [ '3.1.5' ],
46 silly audit   'uc.micro': [ '1.0.6' ],
46 silly audit   umzug: [ '2.3.0' ],
46 silly audit   'unbox-primitive': [ '1.0.2' ],
46 silly audit   'undici-types': [ '5.26.5' ],
46 silly audit   'unique-string': [ '3.0.0' ],
46 silly audit   universalify: [ '2.0.1' ],
46 silly audit   untildify: [ '4.0.0' ],
46 silly audit   'update-browserslist-db': [ '1.0.13' ],
46 silly audit   'update-notifier': [ '6.0.2' ],
46 silly audit   'uri-js': [ '4.4.1' ],
46 silly audit   'util-deprecate': [ '1.0.2' ],
46 silly audit   uuid: [ '8.3.2' ],
46 silly audit   'v8-to-istanbul': [ '9.2.0' ],
46 silly audit   'validate-npm-package-license': [ '3.0.4' ],
46 silly audit   'validate-npm-package-name': [ '5.0.0' ],
46 silly audit   validator: [ '13.11.0' ],
46 silly audit   vary: [ '1.1.2' ],
46 silly audit   'void-elements': [ '3.1.0' ],
46 silly audit   walker: [ '1.0.8' ],
46 silly audit   watchpack: [ '2.4.1' ],
46 silly audit   webpack: [ '5.91.0' ],
46 silly audit   'webpack-cli': [ '5.1.4' ],
46 silly audit   'webpack-merge': [ '5.8.0' ],
46 silly audit   'webpack-sources': [ '3.2.3' ],
46 silly audit   'which-boxed-primitive': [ '1.0.2' ],
46 silly audit   'which-typed-array': [ '1.1.15' ],
46 silly audit   'wide-align': [ '1.1.5' ],
46 silly audit   'widest-line': [ '4.0.1' ],
46 silly audit   wildcard: [ '2.0.0' ],
46 silly audit   with: [ '7.0.2' ],
46 silly audit   wkx: [ '0.5.0' ],
46 silly audit   wrappy: [ '1.0.2' ],
46 silly audit   'xdg-basedir': [ '5.1.0' ],
46 silly audit   xtend: [ '4.0.2' ],
46 silly audit   y18n: [ '5.0.8' ],
46 silly audit   'yocto-queue': [ '0.1.0' ],
46 silly audit   youch: [ '2.2.2' ]
46 silly audit }
47 verbose reify failed optional dependency /root/node_modules/fsevents
48 silly reify mark deleted [ '/root/node_modules/fsevents' ]
49 timing reifyNode:node_modules/fsevents Completed in 326ms
50 silly tarball no local data for youch@https://registry.npmjs.org/youch/-/youch-2.2.2.tgz. Extracting by manifest.
51 silly tarball no local data for yocto-queue@https://registry.npmjs.org/yocto-queue/-/yocto-queue-0.1.0.tgz. Extracting by manifest.
52 silly tarball no local data for yargs-parser@https://registry.npmjs.org/yargs-parser/-/yargs-parser-21.1.1.tgz. Extracting by manifest.
53 silly tarball no local data for yargs@https://registry.npmjs.org/yargs/-/yargs-17.7.2.tgz. Extracting by manifest.
54 silly tarball no local data for y18n@https://registry.npmjs.org/y18n/-/y18n-5.0.8.tgz. Extracting by manifest.
55 silly tarball no local data for xtend@https://registry.npmjs.org/xtend/-/xtend-4.0.2.tgz. Extracting by manifest.
56 silly tarball no local data for xdg-basedir@https://registry.npmjs.org/xdg-basedir/-/xdg-basedir-5.1.0.tgz. Extracting by manifest.
57 silly tarball no local data for write-file-atomic@https://registry.npmjs.org/write-file-atomic/-/write-file-atomic-4.0.2.tgz. Extracting by manifest.
58 silly tarball no local data for yallist@https://registry.npmjs.org/yallist/-/yallist-4.0.0.tgz. Extracting by manifest.
59 silly tarball no local data for wrappy@https://registry.npmjs.org/wrappy/-/wrappy-1.0.2.tgz. Extracting by manifest.
60 silly tarball no local data for wrap-ansi-cjs@https://registry.npmjs.org/wrap-ansi/-/wrap-ansi-7.0.0.tgz. Extracting by manifest.
61 silly tarball no local data for wrap-ansi@https://registry.npmjs.org/wrap-ansi/-/wrap-ansi-8.1.0.tgz. Extracting by manifest.
62 silly tarball no local data for wkx@https://registry.npmjs.org/wkx/-/wkx-0.5.0.tgz. Extracting by manifest.
63 silly tarball no local data for with@https://registry.npmjs.org/with/-/with-7.0.2.tgz. Extracting by manifest.
64 silly tarball no local data for wildcard@https://registry.npmjs.org/wildcard/-/wildcard-2.0.0.tgz. Extracting by manifest.
65 silly tarball no local data for widest-line@https://registry.npmjs.org/widest-line/-/widest-line-4.0.1.tgz. Extracting by manifest.
66 silly tarball no local data for wide-align@https://registry.npmjs.org/wide-align/-/wide-align-1.1.5.tgz. Extracting by manifest.
67 silly tarball no local data for which-typed-array@https://registry.npmjs.org/which-typed-array/-/which-typed-array-1.1.15.tgz. Extracting by manifest.
68 silly tarball no local data for which-boxed-primitive@https://registry.npmjs.org/which-boxed-primitive/-/which-boxed-primitive-1.0.2.tgz. Extracting by manifest.
69 silly tarball no local data for which@https://registry.npmjs.org/which/-/which-2.0.2.tgz. Extracting by manifest.
70 silly tarball no local data for webpack-sources@https://registry.npmjs.org/webpack-sources/-/webpack-sources-3.2.3.tgz. Extracting by manifest.
71 silly tarball no local data for webpack-merge@https://registry.npmjs.org/webpack-merge/-/webpack-merge-5.8.0.tgz. Extracting by manifest.
72 silly tarball no local data for webpack-cli@https://registry.npmjs.org/webpack-cli/-/webpack-cli-5.1.4.tgz. Extracting by manifest.
73 silly tarball no local data for webpack@https://registry.npmjs.org/webpack/-/webpack-5.91.0.tgz. Extracting by manifest.
74 silly tarball no local data for watchpack@https://registry.npmjs.org/watchpack/-/watchpack-2.4.1.tgz. Extracting by manifest.
75 silly tarball no local data for walker@https://registry.npmjs.org/walker/-/walker-1.0.8.tgz. Extracting by manifest.
76 silly tarball no local data for void-elements@https://registry.npmjs.org/void-elements/-/void-elements-3.1.0.tgz. Extracting by manifest.
77 silly tarball no local data for vary@https://registry.npmjs.org/vary/-/vary-1.1.2.tgz. Extracting by manifest.
78 silly tarball no local data for validator@https://registry.npmjs.org/validator/-/validator-13.11.0.tgz. Extracting by manifest.
79 silly tarball no local data for validate-npm-package-name@https://registry.npmjs.org/validate-npm-package-name/-/validate-npm-package-name-5.0.0.tgz. Extracting by manifest.
80 silly tarball no local data for validate-npm-package-license@https://registry.npmjs.org/validate-npm-package-license/-/validate-npm-package-license-3.0.4.tgz. Extracting by manifest.
81 silly tarball no local data for v8-to-istanbul@https://registry.npmjs.org/v8-to-istanbul/-/v8-to-istanbul-9.2.0.tgz. Extracting by manifest.
82 silly tarball no local data for uuid@https://registry.npmjs.org/uuid/-/uuid-8.3.2.tgz. Extracting by manifest.
83 silly tarball no local data for util-deprecate@https://registry.npmjs.org/util-deprecate/-/util-deprecate-1.0.2.tgz. Extracting by manifest.
84 silly tarball no local data for uri-js@https://registry.npmjs.org/uri-js/-/uri-js-4.4.1.tgz. Extracting by manifest.
85 silly tarball no local data for update-notifier@https://registry.npmjs.org/update-notifier/-/update-notifier-6.0.2.tgz. Extracting by manifest.
86 silly tarball no local data for update-browserslist-db@https://registry.npmjs.org/update-browserslist-db/-/update-browserslist-db-1.0.13.tgz. Extracting by manifest.
87 silly tarball no local data for untildify@https://registry.npmjs.org/untildify/-/untildify-4.0.0.tgz. Extracting by manifest.
88 silly tarball no local data for universalify@https://registry.npmjs.org/universalify/-/universalify-2.0.1.tgz. Extracting by manifest.
89 silly tarball no local data for unique-string@https://registry.npmjs.org/unique-string/-/unique-string-3.0.0.tgz. Extracting by manifest.
90 silly tarball no local data for unique-slug@https://registry.npmjs.org/unique-slug/-/unique-slug-2.0.2.tgz. Extracting by manifest.
91 silly tarball no local data for unique-filename@https://registry.npmjs.org/unique-filename/-/unique-filename-1.1.1.tgz. Extracting by manifest.
92 silly tarball no local data for undici-types@https://registry.npmjs.org/undici-types/-/undici-types-5.26.5.tgz. Extracting by manifest.
93 silly tarball no local data for umzug@https://registry.npmjs.org/umzug/-/umzug-2.3.0.tgz. Extracting by manifest.
94 silly tarball no local data for unbox-primitive@https://registry.npmjs.org/unbox-primitive/-/unbox-primitive-1.0.2.tgz. Extracting by manifest.
95 silly tarball no local data for uc.micro@https://registry.npmjs.org/uc.micro/-/uc.micro-1.0.6.tgz. Extracting by manifest.
96 silly tarball no local data for typedarray-to-buffer@https://registry.npmjs.org/typedarray-to-buffer/-/typedarray-to-buffer-3.1.5.tgz. Extracting by manifest.
97 silly tarball no local data for typed-array-length@https://registry.npmjs.org/typed-array-length/-/typed-array-length-1.0.6.tgz. Extracting by manifest.
98 silly tarball no local data for typed-array-byte-offset@https://registry.npmjs.org/typed-array-byte-offset/-/typed-array-byte-offset-1.0.2.tgz. Extracting by manifest.
99 silly tarball no local data for typed-array-byte-length@https://registry.npmjs.org/typed-array-byte-length/-/typed-array-byte-length-1.0.1.tgz. Extracting by manifest.
100 silly tarball no local data for typed-array-buffer@https://registry.npmjs.org/typed-array-buffer/-/typed-array-buffer-1.0.2.tgz. Extracting by manifest.
101 silly tarball no local data for type-is@https://registry.npmjs.org/type-is/-/type-is-1.6.18.tgz. Extracting by manifest.
102 silly tarball no local data for type-fest@https://registry.npmjs.org/type-fest/-/type-fest-0.20.2.tgz. Extracting by manifest.
103 silly tarball no local data for type-detect@https://registry.npmjs.org/type-detect/-/type-detect-4.0.8.tgz. Extracting by manifest.
104 silly tarball no local data for type-check@https://registry.npmjs.org/type-check/-/type-check-0.4.0.tgz. Extracting by manifest.
105 silly tarball no local data for type@https://registry.npmjs.org/type/-/type-2.7.2.tgz. Extracting by manifest.
106 silly tarball no local data for tunnel-agent@https://registry.npmjs.org/tunnel-agent/-/tunnel-agent-0.6.0.tgz. Extracting by manifest.
107 silly tarball no local data for tuf-js@https://registry.npmjs.org/tuf-js/-/tuf-js-1.1.7.tgz. Extracting by manifest.
108 silly tarball no local data for tslib@https://registry.npmjs.org/tslib/-/tslib-2.6.2.tgz. Extracting by manifest.
109 silly tarball no local data for tsconfig-paths@https://registry.npmjs.org/tsconfig-paths/-/tsconfig-paths-3.15.0.tgz. Extracting by manifest.
110 silly tarball no local data for tree-kill@https://registry.npmjs.org/tree-kill/-/tree-kill-1.2.2.tgz. Extracting by manifest.
111 silly tarball no local data for toposort-class@https://registry.npmjs.org/toposort-class/-/toposort-class-1.0.1.tgz. Extracting by manifest.
112 silly tarball no local data for token-stream@https://registry.npmjs.org/token-stream/-/token-stream-1.0.0.tgz. Extracting by manifest.
113 silly tarball no local data for toidentifier@https://registry.npmjs.org/toidentifier/-/toidentifier-1.0.1.tgz. Extracting by manifest.
114 silly tarball no local data for toad-cache@https://registry.npmjs.org/toad-cache/-/toad-cache-3.7.0.tgz. Extracting by manifest.
115 silly tarball no local data for to-regex-range@https://registry.npmjs.org/to-regex-range/-/to-regex-range-5.0.1.tgz. Extracting by manifest.
116 silly tarball no local data for tmpl@https://registry.npmjs.org/tmpl/-/tmpl-1.0.5.tgz. Extracting by manifest.
117 silly tarball no local data for timers-ext@https://registry.npmjs.org/timers-ext/-/timers-ext-0.1.7.tgz. Extracting by manifest.
118 silly tarball no local data for tildify@https://registry.npmjs.org/tildify/-/tildify-2.0.0.tgz. Extracting by manifest.
119 silly tarball no local data for thread-stream@https://registry.npmjs.org/thread-stream/-/thread-stream-2.6.0.tgz. Extracting by manifest.
120 silly tarball no local data for text-table@https://registry.npmjs.org/text-table/-/text-table-0.2.0.tgz. Extracting by manifest.
121 silly tarball no local data for test-exclude@https://registry.npmjs.org/test-exclude/-/test-exclude-6.0.0.tgz. Extracting by manifest.
122 silly tarball no local data for terser-webpack-plugin@https://registry.npmjs.org/terser-webpack-plugin/-/terser-webpack-plugin-5.3.10.tgz. Extracting by manifest.
123 silly tarball no local data for terser@https://registry.npmjs.org/terser/-/terser-5.30.4.tgz. Extracting by manifest.
124 silly tarball no local data for tarn@https://registry.npmjs.org/tarn/-/tarn-3.0.2.tgz. Extracting by manifest.
125 silly tarball no local data for tar-stream@https://registry.npmjs.org/tar-stream/-/tar-stream-2.2.0.tgz. Extracting by manifest.
126 silly tarball no local data for tar-fs@https://registry.npmjs.org/tar-fs/-/tar-fs-2.1.1.tgz. Extracting by manifest.
127 silly tarball no local data for tar@https://registry.npmjs.org/tar/-/tar-6.1.11.tgz. Extracting by manifest.
128 silly tarball no local data for tapable@https://registry.npmjs.org/tapable/-/tapable-2.2.1.tgz. Extracting by manifest.
129 silly tarball no local data for supports-color@https://registry.npmjs.org/supports-color/-/supports-color-7.2.0.tgz. Extracting by manifest.
130 silly tarball no local data for style-loader@https://registry.npmjs.org/style-loader/-/style-loader-4.0.0.tgz. Extracting by manifest.
131 silly tarball no local data for strip-json-comments@https://registry.npmjs.org/strip-json-comments/-/strip-json-comments-3.1.1.tgz. Extracting by manifest.
132 silly tarball no local data for strip-final-newline@https://registry.npmjs.org/strip-final-newline/-/strip-final-newline-2.0.0.tgz. Extracting by manifest.
133 silly tarball no local data for strip-bom@https://registry.npmjs.org/strip-bom/-/strip-bom-4.0.0.tgz. Extracting by manifest.
134 silly tarball no local data for strip-ansi-cjs@https://registry.npmjs.org/strip-ansi/-/strip-ansi-6.0.1.tgz. Extracting by manifest.
135 silly tarball no local data for strip-ansi@https://registry.npmjs.org/strip-ansi/-/strip-ansi-6.0.1.tgz. Extracting by manifest.
136 silly tarball no local data for string.prototype.trimstart@https://registry.npmjs.org/string.prototype.trimstart/-/string.prototype.trimstart-1.0.8.tgz. Extracting by manifest.
137 silly tarball no local data for string.prototype.trimend@https://registry.npmjs.org/string.prototype.trimend/-/string.prototype.trimend-1.0.8.tgz. Extracting by manifest.
138 silly tarball no local data for string.prototype.trim@https://registry.npmjs.org/string.prototype.trim/-/string.prototype.trim-1.2.9.tgz. Extracting by manifest.
139 silly tarball no local data for supports-preserve-symlinks-flag@https://registry.npmjs.org/supports-preserve-symlinks-flag/-/supports-preserve-symlinks-flag-1.0.0.tgz. Extracting by manifest.
140 silly tarball no local data for string-width-cjs@https://registry.npmjs.org/string-width/-/string-width-4.2.3.tgz. Extracting by manifest.
141 silly tarball no local data for string-width@https://registry.npmjs.org/string-width/-/string-width-4.2.3.tgz. Extracting by manifest.
142 silly tarball no local data for string-length@https://registry.npmjs.org/string-length/-/string-length-4.0.2.tgz. Extracting by manifest.
143 silly tarball no local data for string_decoder@https://registry.npmjs.org/string_decoder/-/string_decoder-1.3.0.tgz. Extracting by manifest.
144 silly tarball no local data for statuses@https://registry.npmjs.org/statuses/-/statuses-2.0.1.tgz. Extracting by manifest.
145 silly tarball no local data for stack-utils@https://registry.npmjs.org/stack-utils/-/stack-utils-2.0.6.tgz. Extracting by manifest.
146 silly tarball no local data for stack-trace@https://registry.npmjs.org/stack-trace/-/stack-trace-0.0.10.tgz. Extracting by manifest.
147 silly tarball no local data for ssri@https://registry.npmjs.org/ssri/-/ssri-10.0.5.tgz. Extracting by manifest.
148 silly tarball no local data for sqlite3@https://registry.npmjs.org/sqlite3/-/sqlite3-5.1.7.tgz. Extracting by manifest.
149 silly tarball no local data for split2@https://registry.npmjs.org/split2/-/split2-3.2.2.tgz. Extracting by manifest.
150 silly tarball no local data for spdx-license-ids@https://registry.npmjs.org/spdx-license-ids/-/spdx-license-ids-3.0.17.tgz. Extracting by manifest.
151 silly tarball no local data for sprintf-js@https://registry.npmjs.org/sprintf-js/-/sprintf-js-1.0.3.tgz. Extracting by manifest.
152 silly tarball no local data for spdx-expression-parse@https://registry.npmjs.org/spdx-expression-parse/-/spdx-expression-parse-3.0.1.tgz. Extracting by manifest.
153 silly tarball no local data for spdx-exceptions@https://registry.npmjs.org/spdx-exceptions/-/spdx-exceptions-2.5.0.tgz. Extracting by manifest.
154 silly tarball no local data for spawn-please@https://registry.npmjs.org/spawn-please/-/spawn-please-2.0.2.tgz. Extracting by manifest.
155 silly tarball no local data for source-map-support@https://registry.npmjs.org/source-map-support/-/source-map-support-0.5.13.tgz. Extracting by manifest.
156 silly tarball no local data for spawn-command@https://registry.npmjs.org/spawn-command/-/spawn-command-0.0.2.tgz. Extracting by manifest.
157 silly tarball no local data for source-map-js@https://registry.npmjs.org/source-map-js/-/source-map-js-1.2.0.tgz. Extracting by manifest.
158 silly tarball no local data for source-map@https://registry.npmjs.org/source-map/-/source-map-0.6.1.tgz. Extracting by manifest.
159 silly tarball no local data for sonic-boom@https://registry.npmjs.org/sonic-boom/-/sonic-boom-3.8.1.tgz. Extracting by manifest.
160 silly tarball no local data for sodium-native@https://registry.npmjs.org/sodium-native/-/sodium-native-4.1.1.tgz. Extracting by manifest.
161 silly tarball no local data for socks-proxy-agent@https://registry.npmjs.org/socks-proxy-agent/-/socks-proxy-agent-7.0.0.tgz. Extracting by manifest.
162 silly tarball no local data for socks@https://registry.npmjs.org/socks/-/socks-2.7.0.tgz. Extracting by manifest.
163 silly tarball no local data for smart-buffer@https://registry.npmjs.org/smart-buffer/-/smart-buffer-4.2.0.tgz. Extracting by manifest.
164 silly tarball no local data for sisteransi@https://registry.npmjs.org/sisteransi/-/sisteransi-1.0.5.tgz. Extracting by manifest.
165 silly tarball no local data for simple-get@https://registry.npmjs.org/simple-get/-/simple-get-4.0.1.tgz. Extracting by manifest.
166 silly tarball no local data for simple-concat@https://registry.npmjs.org/simple-concat/-/simple-concat-1.0.1.tgz. Extracting by manifest.
167 silly tarball no local data for sigstore@https://registry.npmjs.org/sigstore/-/sigstore-1.9.0.tgz. Extracting by manifest.
168 silly tarball no local data for signal-exit@https://registry.npmjs.org/signal-exit/-/signal-exit-3.0.7.tgz. Extracting by manifest.
169 silly tarball no local data for slash@https://registry.npmjs.org/slash/-/slash-3.0.0.tgz. Extracting by manifest.
170 silly tarball no local data for side-channel@https://registry.npmjs.org/side-channel/-/side-channel-1.0.6.tgz. Extracting by manifest.
171 silly tarball no local data for shebang-regex@https://registry.npmjs.org/shebang-regex/-/shebang-regex-3.0.0.tgz. Extracting by manifest.
172 silly tarball no local data for shebang-command@https://registry.npmjs.org/shebang-command/-/shebang-command-2.0.0.tgz. Extracting by manifest.
173 silly tarball no local data for shallow-clone@https://registry.npmjs.org/shallow-clone/-/shallow-clone-3.0.1.tgz. Extracting by manifest.
174 silly tarball no local data for shell-quote@https://registry.npmjs.org/shell-quote/-/shell-quote-1.8.1.tgz. Extracting by manifest.
175 silly tarball no local data for setprototypeof@https://registry.npmjs.org/setprototypeof/-/setprototypeof-1.2.0.tgz. Extracting by manifest.
176 silly tarball no local data for set-function-name@https://registry.npmjs.org/set-function-name/-/set-function-name-2.0.2.tgz. Extracting by manifest.
177 silly tarball no local data for set-function-length@https://registry.npmjs.org/set-function-length/-/set-function-length-1.2.2.tgz. Extracting by manifest.
178 silly tarball no local data for set-cookie-parser@https://registry.npmjs.org/set-cookie-parser/-/set-cookie-parser-2.6.0.tgz. Extracting by manifest.
179 silly tarball no local data for set-blocking@https://registry.npmjs.org/set-blocking/-/set-blocking-2.0.0.tgz. Extracting by manifest.
180 silly tarball no local data for sequelize-pool@https://registry.npmjs.org/sequelize-pool/-/sequelize-pool-7.1.0.tgz. Extracting by manifest.
181 silly tarball no local data for sequelize-cli@https://registry.npmjs.org/sequelize-cli/-/sequelize-cli-6.6.2.tgz. Extracting by manifest.
182 silly tarball no local data for sequelize@https://registry.npmjs.org/sequelize/-/sequelize-6.37.3.tgz. Extracting by manifest.
183 silly tarball no local data for serialize-javascript@https://registry.npmjs.org/serialize-javascript/-/serialize-javascript-6.0.2.tgz. Extracting by manifest.
184 silly tarball no local data for semver-utils@https://registry.npmjs.org/semver-utils/-/semver-utils-1.1.4.tgz. Extracting by manifest.
185 silly tarball no local data for semver-diff@https://registry.npmjs.org/semver-diff/-/semver-diff-4.0.0.tgz. Extracting by manifest.
186 silly tarball no local data for semver@https://registry.npmjs.org/semver/-/semver-7.6.0.tgz. Extracting by manifest.
187 silly tarball no local data for secure-json-parse@https://registry.npmjs.org/secure-json-parse/-/secure-json-parse-2.7.0.tgz. Extracting by manifest.
188 silly tarball no local data for schema-utils@https://registry.npmjs.org/schema-utils/-/schema-utils-4.0.0.tgz. Extracting by manifest.
189 silly tarball no local data for spdx-correct@https://registry.npmjs.org/spdx-correct/-/spdx-correct-3.2.0.tgz. Extracting by manifest.
190 silly tarball no local data for safer-buffer@https://registry.npmjs.org/safer-buffer/-/safer-buffer-2.1.2.tgz. Extracting by manifest.
191 silly tarball no local data for to-fast-properties@https://registry.npmjs.org/to-fast-properties/-/to-fast-properties-2.0.0.tgz. Extracting by manifest.
192 silly tarball no local data for safe-stable-stringify@https://registry.npmjs.org/safe-stable-stringify/-/safe-stable-stringify-2.4.3.tgz. Extracting by manifest.
193 silly tarball no local data for safe-regex-test@https://registry.npmjs.org/safe-regex-test/-/safe-regex-test-1.0.3.tgz. Extracting by manifest.
194 silly tarball no local data for safe-buffer@https://registry.npmjs.org/safe-buffer/-/safe-buffer-5.2.1.tgz. Extracting by manifest.
195 silly tarball no local data for safe-regex2@https://registry.npmjs.org/safe-regex2/-/safe-regex2-2.0.0.tgz. Extracting by manifest.
196 silly tarball no local data for safe-array-concat@https://registry.npmjs.org/safe-array-concat/-/safe-array-concat-1.1.2.tgz. Extracting by manifest.
197 silly tarball no local data for rxjs@https://registry.npmjs.org/rxjs/-/rxjs-7.8.1.tgz. Extracting by manifest.
198 silly tarball no local data for run-parallel@https://registry.npmjs.org/run-parallel/-/run-parallel-1.2.0.tgz. Extracting by manifest.
199 silly tarball no local data for rimraf@https://registry.npmjs.org/rimraf/-/rimraf-3.0.2.tgz. Extracting by manifest.
200 silly tarball no local data for rfdc@https://registry.npmjs.org/rfdc/-/rfdc-1.3.1.tgz. Extracting by manifest.
201 silly tarball no local data for reusify@https://registry.npmjs.org/reusify/-/reusify-1.0.4.tgz. Extracting by manifest.
202 silly tarball no local data for retry-as-promised@https://registry.npmjs.org/retry-as-promised/-/retry-as-promised-7.0.4.tgz. Extracting by manifest.
203 silly tarball no local data for retry@https://registry.npmjs.org/retry/-/retry-0.12.0.tgz. Extracting by manifest.
204 silly tarball no local data for ret@https://registry.npmjs.org/ret/-/ret-0.2.2.tgz. Extracting by manifest.
205 silly tarball no local data for responselike@https://registry.npmjs.org/responselike/-/responselike-2.0.1.tgz. Extracting by manifest.
206 silly tarball no local data for resolve.exports@https://registry.npmjs.org/resolve.exports/-/resolve.exports-2.0.2.tgz. Extracting by manifest.
207 silly tarball no local data for resolve-from@https://registry.npmjs.org/resolve-from/-/resolve-from-5.0.0.tgz. Extracting by manifest.
208 silly tarball no local data for resolve-cwd@https://registry.npmjs.org/resolve-cwd/-/resolve-cwd-3.0.0.tgz. Extracting by manifest.
209 silly tarball no local data for resolve-alpn@https://registry.npmjs.org/resolve-alpn/-/resolve-alpn-1.2.1.tgz. Extracting by manifest.
210 silly tarball no local data for resolve@https://registry.npmjs.org/resolve/-/resolve-1.22.8.tgz. Extracting by manifest.
211 silly tarball no local data for require-from-string@https://registry.npmjs.org/require-from-string/-/require-from-string-2.0.2.tgz. Extracting by manifest.
212 silly tarball no local data for require-directory@https://registry.npmjs.org/require-directory/-/require-directory-2.1.1.tgz. Extracting by manifest.
213 silly tarball no local data for remote-git-tags@https://registry.npmjs.org/remote-git-tags/-/remote-git-tags-3.0.0.tgz. Extracting by manifest.
214 silly tarball no local data for registry-url@https://registry.npmjs.org/registry-url/-/registry-url-6.0.1.tgz. Extracting by manifest.
215 silly tarball no local data for registry-auth-token@https://registry.npmjs.org/registry-auth-token/-/registry-auth-token-5.0.1.tgz. Extracting by manifest.
216 silly tarball no local data for regexp.prototype.flags@https://registry.npmjs.org/regexp.prototype.flags/-/regexp.prototype.flags-1.5.2.tgz. Extracting by manifest.
217 silly tarball no local data for regenerator-runtime@https://registry.npmjs.org/regenerator-runtime/-/regenerator-runtime-0.14.1.tgz. Extracting by manifest.
218 silly tarball no local data for rechoir@https://registry.npmjs.org/rechoir/-/rechoir-0.8.0.tgz. Extracting by manifest.
219 silly tarball no local data for real-require@https://registry.npmjs.org/real-require/-/real-require-0.2.0.tgz. Extracting by manifest.
220 silly tarball no local data for readdirp@https://registry.npmjs.org/readdirp/-/readdirp-3.6.0.tgz. Extracting by manifest.
221 silly tarball no local data for readable-stream@https://registry.npmjs.org/readable-stream/-/readable-stream-3.6.2.tgz. Extracting by manifest.
222 silly tarball no local data for read-package-json-fast@https://registry.npmjs.org/read-package-json-fast/-/read-package-json-fast-3.0.2.tgz. Extracting by manifest.
223 silly tarball no local data for read-package-json@https://registry.npmjs.org/read-package-json/-/read-package-json-6.0.4.tgz. Extracting by manifest.
224 silly tarball no local data for react-is@https://registry.npmjs.org/react-is/-/react-is-18.2.0.tgz. Extracting by manifest.
225 silly tarball no local data for rc-config-loader@https://registry.npmjs.org/rc-config-loader/-/rc-config-loader-4.1.3.tgz. Extracting by manifest.
226 silly tarball no local data for rc@https://registry.npmjs.org/rc/-/rc-1.2.8.tgz. Extracting by manifest.
227 silly tarball no local data for quick-lru@https://registry.npmjs.org/quick-lru/-/quick-lru-5.1.1.tgz. Extracting by manifest.
228 silly tarball no local data for randombytes@https://registry.npmjs.org/randombytes/-/randombytes-2.1.0.tgz. Extracting by manifest.
229 silly tarball no local data for quick-format-unescaped@https://registry.npmjs.org/quick-format-unescaped/-/quick-format-unescaped-4.0.4.tgz. Extracting by manifest.
230 silly tarball no local data for queue-microtask@https://registry.npmjs.org/queue-microtask/-/queue-microtask-1.2.3.tgz. Extracting by manifest.
231 silly tarball no local data for qs@https://registry.npmjs.org/qs/-/qs-6.12.1.tgz. Extracting by manifest.
232 silly tarball no local data for pure-rand@https://registry.npmjs.org/pure-rand/-/pure-rand-6.1.0.tgz. Extracting by manifest.
233 silly tarball no local data for pupa@https://registry.npmjs.org/pupa/-/pupa-3.1.0.tgz. Extracting by manifest.
234 silly tarball no local data for punycode@https://registry.npmjs.org/punycode/-/punycode-2.1.1.tgz. Extracting by manifest.
235 silly tarball no local data for pump@https://registry.npmjs.org/pump/-/pump-3.0.0.tgz. Extracting by manifest.
236 silly tarball no local data for pug-walk@https://registry.npmjs.org/pug-walk/-/pug-walk-2.0.0.tgz. Extracting by manifest.
237 silly tarball no local data for pug-strip-comments@https://registry.npmjs.org/pug-strip-comments/-/pug-strip-comments-2.0.0.tgz. Extracting by manifest.
238 silly tarball no local data for pug-parser@https://registry.npmjs.org/pug-parser/-/pug-parser-6.0.0.tgz. Extracting by manifest.
239 silly tarball no local data for pug-runtime@https://registry.npmjs.org/pug-runtime/-/pug-runtime-3.0.1.tgz. Extracting by manifest.
240 silly tarball no local data for pug-load@https://registry.npmjs.org/pug-load/-/pug-load-3.0.0.tgz. Extracting by manifest.
241 silly tarball no local data for pug-linker@https://registry.npmjs.org/pug-linker/-/pug-linker-4.0.0.tgz. Extracting by manifest.
242 silly tarball no local data for pug-lexer@https://registry.npmjs.org/pug-lexer/-/pug-lexer-5.0.1.tgz. Extracting by manifest.
243 silly tarball no local data for pug-filters@https://registry.npmjs.org/pug-filters/-/pug-filters-4.0.0.tgz. Extracting by manifest.
244 silly tarball no local data for pug-error@https://registry.npmjs.org/pug-error/-/pug-error-2.0.0.tgz. Extracting by manifest.
245 silly tarball no local data for pug-code-gen@https://registry.npmjs.org/pug-code-gen/-/pug-code-gen-3.0.2.tgz. Extracting by manifest.
246 silly tarball no local data for pug-attrs@https://registry.npmjs.org/pug-attrs/-/pug-attrs-3.0.0.tgz. Extracting by manifest.
247 silly tarball no local data for pug@https://registry.npmjs.org/pug/-/pug-3.0.2.tgz. Extracting by manifest.
248 silly tarball no local data for proxy-addr@https://registry.npmjs.org/proxy-addr/-/proxy-addr-2.0.7.tgz. Extracting by manifest.
249 silly tarball no local data for proto-list@https://registry.npmjs.org/proto-list/-/proto-list-1.2.4.tgz. Extracting by manifest.
250 silly tarball no local data for prompts-ncu@https://registry.npmjs.org/prompts-ncu/-/prompts-ncu-3.0.0.tgz. Extracting by manifest.
251 silly tarball no local data for prompts@https://registry.npmjs.org/prompts/-/prompts-2.4.2.tgz. Extracting by manifest.
252 silly tarball no local data for promise-retry@https://registry.npmjs.org/promise-retry/-/promise-retry-2.0.1.tgz. Extracting by manifest.
253 silly tarball no local data for promise-inflight@https://registry.npmjs.org/promise-inflight/-/promise-inflight-1.0.1.tgz. Extracting by manifest.
254 silly tarball no local data for promise@https://registry.npmjs.org/promise/-/promise-7.3.1.tgz. Extracting by manifest.
255 silly tarball no local data for process-warning@https://registry.npmjs.org/process-warning/-/process-warning-3.0.0.tgz. Extracting by manifest.
256 silly tarball no local data for process@https://registry.npmjs.org/process/-/process-0.11.10.tgz. Extracting by manifest.
257 silly tarball no local data for progress@https://registry.npmjs.org/progress/-/progress-2.0.3.tgz. Extracting by manifest.
258 silly tarball no local data for proc-log@https://registry.npmjs.org/proc-log/-/proc-log-3.0.0.tgz. Extracting by manifest.
259 silly tarball no local data for pretty-format@https://registry.npmjs.org/pretty-format/-/pretty-format-29.7.0.tgz. Extracting by manifest.
260 silly tarball no local data for prelude-ls@https://registry.npmjs.org/prelude-ls/-/prelude-ls-1.2.1.tgz. Extracting by manifest.
261 silly tarball no local data for prebuild-install@https://registry.npmjs.org/prebuild-install/-/prebuild-install-7.1.2.tgz. Extracting by manifest.
262 silly tarball no local data for postgres-interval@https://registry.npmjs.org/postgres-interval/-/postgres-interval-1.2.0.tgz. Extracting by manifest.
263 silly tarball no local data for postgres-date@https://registry.npmjs.org/postgres-date/-/postgres-date-1.0.7.tgz. Extracting by manifest.
264 silly tarball no local data for postgres-array@https://registry.npmjs.org/postgres-array/-/postgres-array-2.0.0.tgz. Extracting by manifest.
265 silly tarball no local data for postgres-bytea@https://registry.npmjs.org/postgres-bytea/-/postgres-bytea-1.0.0.tgz. Extracting by manifest.
266 silly tarball no local data for postcss-value-parser@https://registry.npmjs.org/postcss-value-parser/-/postcss-value-parser-4.2.0.tgz. Extracting by manifest.
267 silly tarball no local data for postcss-selector-parser@https://registry.npmjs.org/postcss-selector-parser/-/postcss-selector-parser-6.0.16.tgz. Extracting by manifest.
268 silly tarball no local data for postcss-modules-values@https://registry.npmjs.org/postcss-modules-values/-/postcss-modules-values-4.0.0.tgz. Extracting by manifest.
269 silly tarball no local data for postcss-modules-scope@https://registry.npmjs.org/postcss-modules-scope/-/postcss-modules-scope-3.2.0.tgz. Extracting by manifest.
270 silly tarball no local data for postcss-modules-local-by-default@https://registry.npmjs.org/postcss-modules-local-by-default/-/postcss-modules-local-by-default-4.0.5.tgz. Extracting by manifest.
271 silly tarball no local data for postcss-modules-extract-imports@https://registry.npmjs.org/postcss-modules-extract-imports/-/postcss-modules-extract-imports-3.1.0.tgz. Extracting by manifest.
272 silly tarball no local data for postcss@https://registry.npmjs.org/postcss/-/postcss-8.4.38.tgz. Extracting by manifest.
273 silly tarball no local data for possible-typed-array-names@https://registry.npmjs.org/possible-typed-array-names/-/possible-typed-array-names-1.0.0.tgz. Extracting by manifest.
274 silly tarball no local data for pkg-dir@https://registry.npmjs.org/pkg-dir/-/pkg-dir-4.2.0.tgz. Extracting by manifest.
275 silly tarball no local data for pino-std-serializers@https://registry.npmjs.org/pino-std-serializers/-/pino-std-serializers-6.2.2.tgz. Extracting by manifest.
276 silly tarball no local data for pirates@https://registry.npmjs.org/pirates/-/pirates-4.0.6.tgz. Extracting by manifest.
277 silly tarball no local data for pino-pretty@https://registry.npmjs.org/pino-pretty/-/pino-pretty-11.0.0.tgz. Extracting by manifest.
278 silly tarball no local data for pino-abstract-transport@https://registry.npmjs.org/pino-abstract-transport/-/pino-abstract-transport-1.2.0.tgz. Extracting by manifest.
279 silly tarball no local data for pino@https://registry.npmjs.org/pino/-/pino-8.20.0.tgz. Extracting by manifest.
280 silly tarball no local data for pkg-up@https://registry.npmjs.org/pkg-up/-/pkg-up-3.1.0.tgz. Extracting by manifest.
281 silly tarball no local data for picomatch@https://registry.npmjs.org/picomatch/-/picomatch-2.3.1.tgz. Extracting by manifest.
282 silly tarball no local data for picocolors@https://registry.npmjs.org/picocolors/-/picocolors-1.0.0.tgz. Extracting by manifest.
283 silly tarball no local data for pgpass@https://registry.npmjs.org/pgpass/-/pgpass-1.0.5.tgz. Extracting by manifest.
284 silly tarball no local data for pg-protocol@https://registry.npmjs.org/pg-protocol/-/pg-protocol-1.6.1.tgz. Extracting by manifest.
285 silly tarball no local data for pg-pool@https://registry.npmjs.org/pg-pool/-/pg-pool-3.6.2.tgz. Extracting by manifest.
286 silly tarball no local data for pg-types@https://registry.npmjs.org/pg-types/-/pg-types-2.2.0.tgz. Extracting by manifest.
287 silly tarball no local data for pg-int8@https://registry.npmjs.org/pg-int8/-/pg-int8-1.0.1.tgz. Extracting by manifest.
288 silly tarball no local data for pg-connection-string@https://registry.npmjs.org/pg-connection-string/-/pg-connection-string-2.6.2.tgz. Extracting by manifest.
289 silly tarball no local data for pg-cloudflare@https://registry.npmjs.org/pg-cloudflare/-/pg-cloudflare-1.1.1.tgz. Extracting by manifest.
290 silly tarball no local data for pg@https://registry.npmjs.org/pg/-/pg-8.11.5.tgz. Extracting by manifest.
291 silly tarball no local data for path-type@https://registry.npmjs.org/path-type/-/path-type-4.0.0.tgz. Extracting by manifest.
292 silly tarball no local data for path-to-regexp@https://registry.npmjs.org/path-to-regexp/-/path-to-regexp-6.2.1.tgz. Extracting by manifest.
293 silly tarball no local data for path-scurry@https://registry.npmjs.org/path-scurry/-/path-scurry-1.10.2.tgz. Extracting by manifest.
294 silly tarball no local data for path-parse@https://registry.npmjs.org/path-parse/-/path-parse-1.0.7.tgz. Extracting by manifest.
295 silly tarball no local data for path-key@https://registry.npmjs.org/path-key/-/path-key-3.1.1.tgz. Extracting by manifest.
296 silly tarball no local data for path-is-absolute@https://registry.npmjs.org/path-is-absolute/-/path-is-absolute-1.0.1.tgz. Extracting by manifest.
297 silly tarball no local data for path-exists@https://registry.npmjs.org/path-exists/-/path-exists-4.0.0.tgz. Extracting by manifest.
298 silly tarball no local data for parse-json@https://registry.npmjs.org/parse-json/-/parse-json-5.2.0.tgz. Extracting by manifest.
299 silly tarball no local data for parse-github-url@https://registry.npmjs.org/parse-github-url/-/parse-github-url-1.0.2.tgz. Extracting by manifest.
300 silly tarball no local data for parent-module@https://registry.npmjs.org/parent-module/-/parent-module-1.0.1.tgz. Extracting by manifest.
301 silly tarball no local data for pacote@https://registry.npmjs.org/pacote/-/pacote-15.2.0.tgz. Extracting by manifest.
302 silly tarball no local data for package-json@https://registry.npmjs.org/package-json/-/package-json-8.1.0.tgz. Extracting by manifest.
303 silly tarball no local data for p-try@https://registry.npmjs.org/p-try/-/p-try-2.2.0.tgz. Extracting by manifest.
304 silly tarball no local data for p-map@https://registry.npmjs.org/p-map/-/p-map-4.0.0.tgz. Extracting by manifest.
305 silly tarball no local data for p-limit@https://registry.npmjs.org/p-limit/-/p-limit-3.1.0.tgz. Extracting by manifest.
306 silly tarball no local data for p-locate@https://registry.npmjs.org/p-locate/-/p-locate-5.0.0.tgz. Extracting by manifest.
307 silly tarball no local data for p-cancelable@https://registry.npmjs.org/p-cancelable/-/p-cancelable-3.0.0.tgz. Extracting by manifest.
308 silly tarball no local data for optionator@https://registry.npmjs.org/optionator/-/optionator-0.9.3.tgz. Extracting by manifest.
309 silly tarball no local data for onetime@https://registry.npmjs.org/onetime/-/onetime-5.1.2.tgz. Extracting by manifest.
310 silly tarball no local data for on-exit-leak-free@https://registry.npmjs.org/on-exit-leak-free/-/on-exit-leak-free-2.1.2.tgz. Extracting by manifest.
311 silly tarball no local data for objection-unique@https://registry.npmjs.org/objection-unique/-/objection-unique-1.2.2.tgz. Extracting by manifest.
312 silly tarball no local data for objection@https://registry.npmjs.org/objection/-/objection-3.1.4.tgz. Extracting by manifest.
313 silly tarball no local data for object.groupby@https://registry.npmjs.org/object.groupby/-/object.groupby-1.0.3.tgz. Extracting by manifest.
314 silly tarball no local data for object.values@https://registry.npmjs.org/object.values/-/object.values-1.2.0.tgz. Extracting by manifest.
315 silly tarball no local data for once@https://registry.npmjs.org/once/-/once-1.4.0.tgz. Extracting by manifest.
316 silly tarball no local data for object.fromentries@https://registry.npmjs.org/object.fromentries/-/object.fromentries-2.0.8.tgz. Extracting by manifest.
317 silly tarball no local data for object.assign@https://registry.npmjs.org/object.assign/-/object.assign-4.1.5.tgz. Extracting by manifest.
318 silly tarball no local data for object.entries@https://registry.npmjs.org/object.entries/-/object.entries-1.1.8.tgz. Extracting by manifest.
319 silly tarball no local data for object-keys@https://registry.npmjs.org/object-keys/-/object-keys-1.1.1.tgz. Extracting by manifest.
320 silly tarball no local data for object-inspect@https://registry.npmjs.org/object-inspect/-/object-inspect-1.13.1.tgz. Extracting by manifest.
321 silly tarball no local data for object-assign@https://registry.npmjs.org/object-assign/-/object-assign-4.1.1.tgz. Extracting by manifest.
322 silly tarball no local data for npm-run-path@https://registry.npmjs.org/npm-run-path/-/npm-run-path-4.0.1.tgz. Extracting by manifest.
323 silly tarball no local data for npmlog@https://registry.npmjs.org/npmlog/-/npmlog-6.0.2.tgz. Extracting by manifest.
324 silly tarball no local data for npm-pick-manifest@https://registry.npmjs.org/npm-pick-manifest/-/npm-pick-manifest-8.0.2.tgz. Extracting by manifest.
325 silly tarball no local data for npm-packlist@https://registry.npmjs.org/npm-packlist/-/npm-packlist-7.0.4.tgz. Extracting by manifest.
326 silly tarball no local data for npm-package-arg@https://registry.npmjs.org/npm-package-arg/-/npm-package-arg-10.1.0.tgz. Extracting by manifest.
327 silly tarball no local data for npm-normalize-package-bin@https://registry.npmjs.org/npm-normalize-package-bin/-/npm-normalize-package-bin-3.0.1.tgz. Extracting by manifest.
328 silly tarball no local data for npm-install-checks@https://registry.npmjs.org/npm-install-checks/-/npm-install-checks-6.3.0.tgz. Extracting by manifest.
329 silly tarball no local data for npm-check-updates@https://registry.npmjs.org/npm-check-updates/-/npm-check-updates-16.14.18.tgz. Extracting by manifest.
330 silly tarball no local data for npm-bundled@https://registry.npmjs.org/npm-bundled/-/npm-bundled-3.0.0.tgz. Extracting by manifest.
331 silly tarball no local data for normalize-url@https://registry.npmjs.org/normalize-url/-/normalize-url-6.1.0.tgz. Extracting by manifest.
332 silly tarball no local data for normalize-path@https://registry.npmjs.org/normalize-path/-/normalize-path-3.0.0.tgz. Extracting by manifest.
333 silly tarball no local data for normalize-package-data@https://registry.npmjs.org/normalize-package-data/-/normalize-package-data-5.0.0.tgz. Extracting by manifest.
334 silly tarball no local data for nopt@https://registry.npmjs.org/nopt/-/nopt-5.0.0.tgz. Extracting by manifest.
335 silly tarball no local data for node-releases@https://registry.npmjs.org/node-releases/-/node-releases-2.0.14.tgz. Extracting by manifest.
336 silly tarball no local data for node-int64@https://registry.npmjs.org/node-int64/-/node-int64-0.4.0.tgz. Extracting by manifest.
337 silly tarball no local data for npm-registry-fetch@https://registry.npmjs.org/npm-registry-fetch/-/npm-registry-fetch-14.0.5.tgz. Extracting by manifest.
338 silly tarball no local data for node-gyp@https://registry.npmjs.org/node-gyp/-/node-gyp-9.4.1.tgz. Extracting by manifest.
339 silly tarball no local data for node-addon-api@https://registry.npmjs.org/node-addon-api/-/node-addon-api-4.3.0.tgz. Extracting by manifest.
340 silly tarball no local data for node-abi@https://registry.npmjs.org/node-abi/-/node-abi-3.60.0.tgz. Extracting by manifest.
341 silly tarball no local data for next-tick@https://registry.npmjs.org/next-tick/-/next-tick-1.1.0.tgz. Extracting by manifest.
342 silly tarball no local data for neo-async@https://registry.npmjs.org/neo-async/-/neo-async-2.6.2.tgz. Extracting by manifest.
343 silly tarball no local data for negotiator@https://registry.npmjs.org/negotiator/-/negotiator-0.6.3.tgz. Extracting by manifest.
344 silly tarball no local data for natural-compare@https://registry.npmjs.org/natural-compare/-/natural-compare-1.4.0.tgz. Extracting by manifest.
345 silly tarball no local data for napi-build-utils@https://registry.npmjs.org/napi-build-utils/-/napi-build-utils-1.0.2.tgz. Extracting by manifest.
346 silly tarball no local data for nanoid@https://registry.npmjs.org/nanoid/-/nanoid-3.3.7.tgz. Extracting by manifest.
347 silly tarball no local data for mustache@https://registry.npmjs.org/mustache/-/mustache-4.2.0.tgz. Extracting by manifest.
348 silly tarball no local data for ms@https://registry.npmjs.org/ms/-/ms-2.1.3.tgz. Extracting by manifest.
349 silly tarball no local data for moment-timezone@https://registry.npmjs.org/moment-timezone/-/moment-timezone-0.5.45.tgz. Extracting by manifest.
350 silly tarball no local data for moment@https://registry.npmjs.org/moment/-/moment-2.30.1.tgz. Extracting by manifest.
351 silly tarball no local data for mkdirp-classic@https://registry.npmjs.org/mkdirp-classic/-/mkdirp-classic-0.5.3.tgz. Extracting by manifest.
352 silly tarball no local data for mkdirp@https://registry.npmjs.org/mkdirp/-/mkdirp-1.0.4.tgz. Extracting by manifest.
353 silly tarball no local data for minizlib@https://registry.npmjs.org/minizlib/-/minizlib-2.1.2.tgz. Extracting by manifest.
354 silly tarball no local data for minipass-pipeline@https://registry.npmjs.org/minipass-pipeline/-/minipass-pipeline-1.2.4.tgz. Extracting by manifest.
355 silly tarball no local data for minipass-json-stream@https://registry.npmjs.org/minipass-json-stream/-/minipass-json-stream-1.0.1.tgz. Extracting by manifest.
356 silly tarball no local data for minipass-flush@https://registry.npmjs.org/minipass-flush/-/minipass-flush-1.0.5.tgz. Extracting by manifest.
357 silly tarball no local data for minipass-sized@https://registry.npmjs.org/minipass-sized/-/minipass-sized-1.0.3.tgz. Extracting by manifest.
358 silly tarball no local data for minipass-fetch@https://registry.npmjs.org/minipass-fetch/-/minipass-fetch-3.0.4.tgz. Extracting by manifest.
359 silly tarball no local data for minipass-collect@https://registry.npmjs.org/minipass-collect/-/minipass-collect-1.0.2.tgz. Extracting by manifest.
360 silly tarball no local data for minimist@https://registry.npmjs.org/minimist/-/minimist-1.2.6.tgz. Extracting by manifest.
361 silly tarball no local data for minimatch@https://registry.npmjs.org/minimatch/-/minimatch-3.1.2.tgz. Extracting by manifest.
362 silly tarball no local data for mini-css-extract-plugin@https://registry.npmjs.org/mini-css-extract-plugin/-/mini-css-extract-plugin-2.9.0.tgz. Extracting by manifest.
363 silly tarball no local data for mimic-fn@https://registry.npmjs.org/mimic-fn/-/mimic-fn-2.1.0.tgz. Extracting by manifest.
364 silly tarball no local data for mimic-response@https://registry.npmjs.org/mimic-response/-/mimic-response-1.0.1.tgz. Extracting by manifest.
365 silly tarball no local data for mime-types@https://registry.npmjs.org/mime-types/-/mime-types-2.1.35.tgz. Extracting by manifest.
366 silly tarball no local data for mime@https://registry.npmjs.org/mime/-/mime-3.0.0.tgz. Extracting by manifest.
367 silly tarball no local data for node-gyp-build@https://registry.npmjs.org/node-gyp-build/-/node-gyp-build-4.8.0.tgz. Extracting by manifest.
368 silly tarball no local data for micromatch@https://registry.npmjs.org/micromatch/-/micromatch-4.0.5.tgz. Extracting by manifest.
369 silly tarball no local data for merge-stream@https://registry.npmjs.org/merge-stream/-/merge-stream-2.0.0.tgz. Extracting by manifest.
370 silly tarball no local data for merge2@https://registry.npmjs.org/merge2/-/merge2-1.4.1.tgz. Extracting by manifest.
371 silly tarball no local data for memoizee@https://registry.npmjs.org/memoizee/-/memoizee-0.4.15.tgz. Extracting by manifest.
372 silly tarball no local data for media-typer@https://registry.npmjs.org/media-typer/-/media-typer-0.3.0.tgz. Extracting by manifest.
373 silly tarball no local data for mdurl@https://registry.npmjs.org/mdurl/-/mdurl-1.0.1.tgz. Extracting by manifest.
374 silly tarball no local data for markdown-it@https://registry.npmjs.org/markdown-it/-/markdown-it-13.0.2.tgz. Extracting by manifest.
375 silly tarball no local data for minipass@https://registry.npmjs.org/minipass/-/minipass-3.3.4.tgz. Extracting by manifest.
376 silly tarball no local data for makeerror@https://registry.npmjs.org/makeerror/-/makeerror-1.0.12.tgz. Extracting by manifest.
377 silly tarball no local data for make-fetch-happen@https://registry.npmjs.org/make-fetch-happen/-/make-fetch-happen-11.1.1.tgz. Extracting by manifest.
378 silly tarball no local data for make-promises-safe@https://registry.npmjs.org/make-promises-safe/-/make-promises-safe-5.1.0.tgz. Extracting by manifest.
379 silly tarball no local data for make-dir@https://registry.npmjs.org/make-dir/-/make-dir-4.0.0.tgz. Extracting by manifest.
380 silly tarball no local data for lru-queue@https://registry.npmjs.org/lru-queue/-/lru-queue-0.1.0.tgz. Extracting by manifest.
381 silly tarball no local data for lru-cache@https://registry.npmjs.org/lru-cache/-/lru-cache-5.1.1.tgz. Extracting by manifest.
382 silly tarball no local data for lowercase-keys@https://registry.npmjs.org/lowercase-keys/-/lowercase-keys-3.0.0.tgz. Extracting by manifest.
383 silly tarball no local data for lodash.merge@https://registry.npmjs.org/lodash.merge/-/lodash.merge-4.6.2.tgz. Extracting by manifest.
384 silly tarball no local data for lodash.isempty@https://registry.npmjs.org/lodash.isempty/-/lodash.isempty-4.4.0.tgz. Extracting by manifest.
385 silly tarball no local data for lodash.compact@https://registry.npmjs.org/lodash.compact/-/lodash.compact-3.0.1.tgz. Extracting by manifest.
386 silly tarball no local data for lodash.castarray@https://registry.npmjs.org/lodash.castarray/-/lodash.castarray-4.4.0.tgz. Extracting by manifest.
387 silly tarball no local data for lodash@https://registry.npmjs.org/lodash/-/lodash-4.17.21.tgz. Extracting by manifest.
388 silly tarball no local data for locate-path@https://registry.npmjs.org/locate-path/-/locate-path-6.0.0.tgz. Extracting by manifest.
389 silly tarball no local data for loader-runner@https://registry.npmjs.org/loader-runner/-/loader-runner-4.3.0.tgz. Extracting by manifest.
390 silly tarball no local data for linkify-it@https://registry.npmjs.org/linkify-it/-/linkify-it-4.0.1.tgz. Extracting by manifest.
391 silly tarball no local data for lines-and-columns@https://registry.npmjs.org/lines-and-columns/-/lines-and-columns-1.2.4.tgz. Extracting by manifest.
392 silly tarball no local data for light-my-request@https://registry.npmjs.org/light-my-request/-/light-my-request-5.13.0.tgz. Extracting by manifest.
393 silly tarball no local data for levn@https://registry.npmjs.org/levn/-/levn-0.4.1.tgz. Extracting by manifest.
394 silly tarball no local data for leven@https://registry.npmjs.org/leven/-/leven-3.1.0.tgz. Extracting by manifest.
395 silly tarball no local data for latest-version@https://registry.npmjs.org/latest-version/-/latest-version-7.0.0.tgz. Extracting by manifest.
396 silly tarball no local data for kind-of@https://registry.npmjs.org/kind-of/-/kind-of-6.0.3.tgz. Extracting by manifest.
397 silly tarball no local data for kleur@https://registry.npmjs.org/kleur/-/kleur-3.0.3.tgz. Extracting by manifest.
398 silly tarball no local data for mime-db@https://registry.npmjs.org/mime-db/-/mime-db-1.52.0.tgz. Extracting by manifest.
399 silly tarball no local data for keyv@https://registry.npmjs.org/keyv/-/keyv-4.5.4.tgz. Extracting by manifest.
400 silly tarball no local data for jstransformer-markdown-it@https://registry.npmjs.org/jstransformer-markdown-it/-/jstransformer-markdown-it-3.0.0.tgz. Extracting by manifest.
401 silly tarball no local data for knex@https://registry.npmjs.org/knex/-/knex-3.1.0.tgz. Extracting by manifest.
402 silly tarball no local data for jstransformer@https://registry.npmjs.org/jstransformer/-/jstransformer-1.0.0.tgz. Extracting by manifest.
403 silly tarball no local data for jsonparse@https://registry.npmjs.org/jsonparse/-/jsonparse-1.3.1.tgz. Extracting by manifest.
404 silly tarball no local data for jsonlines@https://registry.npmjs.org/jsonlines/-/jsonlines-0.1.1.tgz. Extracting by manifest.
405 silly tarball no local data for json5@https://registry.npmjs.org/json5/-/json5-2.2.3.tgz. Extracting by manifest.
406 silly tarball no local data for jsonfile@https://registry.npmjs.org/jsonfile/-/jsonfile-6.1.0.tgz. Extracting by manifest.
407 silly tarball no local data for json-stable-stringify-without-jsonify@https://registry.npmjs.org/json-stable-stringify-without-jsonify/-/json-stable-stringify-without-jsonify-1.0.1.tgz. Extracting by manifest.
408 silly tarball no local data for json-schema-traverse@https://registry.npmjs.org/json-schema-traverse/-/json-schema-traverse-0.4.1.tgz. Extracting by manifest.
409 silly tarball no local data for json-schema-ref-resolver@https://registry.npmjs.org/json-schema-ref-resolver/-/json-schema-ref-resolver-1.0.1.tgz. Extracting by manifest.
410 silly tarball no local data for json-parse-helpfulerror@https://registry.npmjs.org/json-parse-helpfulerror/-/json-parse-helpfulerror-1.0.3.tgz. Extracting by manifest.
411 silly tarball no local data for json-parse-even-better-errors@https://registry.npmjs.org/json-parse-even-better-errors/-/json-parse-even-better-errors-2.3.1.tgz. Extracting by manifest.
412 silly tarball no local data for json-buffer@https://registry.npmjs.org/json-buffer/-/json-buffer-3.0.1.tgz. Extracting by manifest.
413 silly tarball no local data for jsesc@https://registry.npmjs.org/jsesc/-/jsesc-2.5.2.tgz. Extracting by manifest.
414 silly tarball no local data for js-yaml@https://registry.npmjs.org/js-yaml/-/js-yaml-4.1.0.tgz. Extracting by manifest.
415 silly tarball no local data for js-tokens@https://registry.npmjs.org/js-tokens/-/js-tokens-4.0.0.tgz. Extracting by manifest.
416 silly tarball no local data for js-stringify@https://registry.npmjs.org/js-stringify/-/js-stringify-1.0.2.tgz. Extracting by manifest.
417 silly tarball no local data for js-cookie@https://registry.npmjs.org/js-cookie/-/js-cookie-3.0.5.tgz. Extracting by manifest.
418 silly tarball no local data for js-beautify@https://registry.npmjs.org/js-beautify/-/js-beautify-1.15.1.tgz. Extracting by manifest.
419 silly tarball no local data for jquery@https://registry.npmjs.org/jquery/-/jquery-3.7.1.tgz. Extracting by manifest.
420 silly tarball no local data for joycon@https://registry.npmjs.org/joycon/-/joycon-3.1.1.tgz. Extracting by manifest.
421 silly tarball no local data for jju@https://registry.npmjs.org/jju/-/jju-1.4.0.tgz. Extracting by manifest.
422 silly tarball no local data for jest-worker@https://registry.npmjs.org/jest-worker/-/jest-worker-29.7.0.tgz. Extracting by manifest.
423 silly tarball no local data for jest-watcher@https://registry.npmjs.org/jest-watcher/-/jest-watcher-29.7.0.tgz. Extracting by manifest.
424 silly tarball no local data for jest-validate@https://registry.npmjs.org/jest-validate/-/jest-validate-29.7.0.tgz. Extracting by manifest.
425 silly tarball no local data for jest-util@https://registry.npmjs.org/jest-util/-/jest-util-29.7.0.tgz. Extracting by manifest.
426 silly tarball no local data for jest-snapshot@https://registry.npmjs.org/jest-snapshot/-/jest-snapshot-29.7.0.tgz. Extracting by manifest.
427 silly tarball no local data for jest-runner@https://registry.npmjs.org/jest-runner/-/jest-runner-29.7.0.tgz. Extracting by manifest.
428 silly tarball no local data for jest-runtime@https://registry.npmjs.org/jest-runtime/-/jest-runtime-29.7.0.tgz. Extracting by manifest.
429 silly tarball no local data for jest-regex-util@https://registry.npmjs.org/jest-regex-util/-/jest-regex-util-29.6.3.tgz. Extracting by manifest.
430 silly tarball no local data for jest-resolve-dependencies@https://registry.npmjs.org/jest-resolve-dependencies/-/jest-resolve-dependencies-29.7.0.tgz. Extracting by manifest.
431 silly tarball no local data for jest-pnp-resolver@https://registry.npmjs.org/jest-pnp-resolver/-/jest-pnp-resolver-1.2.3.tgz. Extracting by manifest.
432 silly tarball no local data for jest-resolve@https://registry.npmjs.org/jest-resolve/-/jest-resolve-29.7.0.tgz. Extracting by manifest.
433 silly tarball no local data for jest-mock@https://registry.npmjs.org/jest-mock/-/jest-mock-29.7.0.tgz. Extracting by manifest.
434 silly tarball no local data for jest-matcher-utils@https://registry.npmjs.org/jest-matcher-utils/-/jest-matcher-utils-29.7.0.tgz. Extracting by manifest.
435 silly tarball no local data for jest-message-util@https://registry.npmjs.org/jest-message-util/-/jest-message-util-29.7.0.tgz. Extracting by manifest.
436 silly tarball no local data for jest-haste-map@https://registry.npmjs.org/jest-haste-map/-/jest-haste-map-29.7.0.tgz. Extracting by manifest.
437 silly tarball no local data for jest-leak-detector@https://registry.npmjs.org/jest-leak-detector/-/jest-leak-detector-29.7.0.tgz. Extracting by manifest.
438 silly tarball no local data for jest-get-type@https://registry.npmjs.org/jest-get-type/-/jest-get-type-29.6.3.tgz. Extracting by manifest.
439 silly tarball no local data for jest-environment-node@https://registry.npmjs.org/jest-environment-node/-/jest-environment-node-29.7.0.tgz. Extracting by manifest.
440 silly tarball no local data for jest-each@https://registry.npmjs.org/jest-each/-/jest-each-29.7.0.tgz. Extracting by manifest.
441 silly tarball no local data for jest-docblock@https://registry.npmjs.org/jest-docblock/-/jest-docblock-29.7.0.tgz. Extracting by manifest.
442 silly tarball no local data for jest-diff@https://registry.npmjs.org/jest-diff/-/jest-diff-29.7.0.tgz. Extracting by manifest.
443 silly tarball no local data for jest-config@https://registry.npmjs.org/jest-config/-/jest-config-29.7.0.tgz. Extracting by manifest.
444 silly tarball no local data for jest-cli@https://registry.npmjs.org/jest-cli/-/jest-cli-29.7.0.tgz. Extracting by manifest.
445 silly tarball no local data for jest-circus@https://registry.npmjs.org/jest-circus/-/jest-circus-29.7.0.tgz. Extracting by manifest.
446 silly tarball no local data for jest-changed-files@https://registry.npmjs.org/jest-changed-files/-/jest-changed-files-29.7.0.tgz. Extracting by manifest.
447 silly tarball no local data for jest@https://registry.npmjs.org/jest/-/jest-29.7.0.tgz. Extracting by manifest.
448 silly tarball no local data for jackspeak@https://registry.npmjs.org/jackspeak/-/jackspeak-2.3.6.tgz. Extracting by manifest.
449 silly tarball no local data for istanbul-reports@https://registry.npmjs.org/istanbul-reports/-/istanbul-reports-3.1.7.tgz. Extracting by manifest.
450 silly tarball no local data for istanbul-lib-source-maps@https://registry.npmjs.org/istanbul-lib-source-maps/-/istanbul-lib-source-maps-4.0.1.tgz. Extracting by manifest.
451 silly tarball no local data for istanbul-lib-report@https://registry.npmjs.org/istanbul-lib-report/-/istanbul-lib-report-3.0.1.tgz. Extracting by manifest.
452 silly tarball no local data for istanbul-lib-instrument@https://registry.npmjs.org/istanbul-lib-instrument/-/istanbul-lib-instrument-6.0.2.tgz. Extracting by manifest.
453 silly tarball no local data for istanbul-lib-coverage@https://registry.npmjs.org/istanbul-lib-coverage/-/istanbul-lib-coverage-3.2.2.tgz. Extracting by manifest.
454 silly tarball no local data for isobject@https://registry.npmjs.org/isobject/-/isobject-3.0.1.tgz. Extracting by manifest.
455 silly tarball no local data for isexe@https://registry.npmjs.org/isexe/-/isexe-2.0.0.tgz. Extracting by manifest.
456 silly tarball no local data for isarray@https://registry.npmjs.org/isarray/-/isarray-2.0.5.tgz. Extracting by manifest.
457 silly tarball no local data for isbinaryfile@https://registry.npmjs.org/isbinaryfile/-/isbinaryfile-4.0.10.tgz. Extracting by manifest.
458 silly tarball no local data for is-yarn-global@https://registry.npmjs.org/is-yarn-global/-/is-yarn-global-0.4.0.tgz. Extracting by manifest.
459 silly tarball no local data for is-weakref@https://registry.npmjs.org/is-weakref/-/is-weakref-1.0.2.tgz. Extracting by manifest.
460 silly tarball no local data for is-typedarray@https://registry.npmjs.org/is-typedarray/-/is-typedarray-1.0.0.tgz. Extracting by manifest.
461 silly tarball no local data for is-typed-array@https://registry.npmjs.org/is-typed-array/-/is-typed-array-1.1.13.tgz. Extracting by manifest.
462 silly tarball no local data for is-symbol@https://registry.npmjs.org/is-symbol/-/is-symbol-1.0.4.tgz. Extracting by manifest.
463 silly tarball no local data for is-string@https://registry.npmjs.org/is-string/-/is-string-1.0.7.tgz. Extracting by manifest.
464 silly tarball no local data for is-stream@https://registry.npmjs.org/is-stream/-/is-stream-2.0.1.tgz. Extracting by manifest.
465 silly tarball no local data for is-shared-array-buffer@https://registry.npmjs.org/is-shared-array-buffer/-/is-shared-array-buffer-1.0.3.tgz. Extracting by manifest.
466 silly tarball no local data for is-regex@https://registry.npmjs.org/is-regex/-/is-regex-1.1.4.tgz. Extracting by manifest.
467 silly tarball no local data for is-promise@https://registry.npmjs.org/is-promise/-/is-promise-2.2.2.tgz. Extracting by manifest.
468 silly tarball no local data for is-plain-object@https://registry.npmjs.org/is-plain-object/-/is-plain-object-2.0.4.tgz. Extracting by manifest.
469 silly tarball no local data for is-path-inside@https://registry.npmjs.org/is-path-inside/-/is-path-inside-3.0.3.tgz. Extracting by manifest.
470 silly tarball no local data for is-number-object@https://registry.npmjs.org/is-number-object/-/is-number-object-1.0.7.tgz. Extracting by manifest.
471 silly tarball no local data for is-obj@https://registry.npmjs.org/is-obj/-/is-obj-2.0.0.tgz. Extracting by manifest.
472 silly tarball no local data for is-number@https://registry.npmjs.org/is-number/-/is-number-7.0.0.tgz. Extracting by manifest.
473 silly tarball no local data for is-npm@https://registry.npmjs.org/is-npm/-/is-npm-6.0.0.tgz. Extracting by manifest.
474 silly tarball no local data for is-negative-zero@https://registry.npmjs.org/is-negative-zero/-/is-negative-zero-2.0.3.tgz. Extracting by manifest.
475 silly tarball no local data for is-lambda@https://registry.npmjs.org/is-lambda/-/is-lambda-1.0.1.tgz. Extracting by manifest.
476 silly tarball no local data for is-installed-globally@https://registry.npmjs.org/is-installed-globally/-/is-installed-globally-0.4.0.tgz. Extracting by manifest.
477 silly tarball no local data for is-generator-fn@https://registry.npmjs.org/is-generator-fn/-/is-generator-fn-2.1.0.tgz. Extracting by manifest.
478 silly tarball no local data for is-fullwidth-code-point@https://registry.npmjs.org/is-fullwidth-code-point/-/is-fullwidth-code-point-3.0.0.tgz. Extracting by manifest.
479 silly tarball no local data for is-glob@https://registry.npmjs.org/is-glob/-/is-glob-4.0.3.tgz. Extracting by manifest.
480 silly tarball no local data for is-extglob@https://registry.npmjs.org/is-extglob/-/is-extglob-2.1.1.tgz. Extracting by manifest.
481 silly tarball no local data for is-expression@https://registry.npmjs.org/is-expression/-/is-expression-4.0.0.tgz. Extracting by manifest.
482 silly tarball no local data for is-date-object@https://registry.npmjs.org/is-date-object/-/is-date-object-1.0.5.tgz. Extracting by manifest.
483 silly tarball no local data for is-docker@https://registry.npmjs.org/is-docker/-/is-docker-2.2.1.tgz. Extracting by manifest.
484 silly tarball no local data for is-data-view@https://registry.npmjs.org/is-data-view/-/is-data-view-1.0.1.tgz. Extracting by manifest.
485 silly tarball no local data for is-core-module@https://registry.npmjs.org/is-core-module/-/is-core-module-2.13.1.tgz. Extracting by manifest.
486 silly tarball no local data for is-ci@https://registry.npmjs.org/is-ci/-/is-ci-3.0.1.tgz. Extracting by manifest.
487 silly tarball no local data for is-callable@https://registry.npmjs.org/is-callable/-/is-callable-1.2.7.tgz. Extracting by manifest.
488 silly tarball no local data for is-boolean-object@https://registry.npmjs.org/is-boolean-object/-/is-boolean-object-1.1.2.tgz. Extracting by manifest.
489 silly tarball no local data for is-binary-path@https://registry.npmjs.org/is-binary-path/-/is-binary-path-2.1.0.tgz. Extracting by manifest.
490 silly tarball no local data for is-bigint@https://registry.npmjs.org/is-bigint/-/is-bigint-1.0.4.tgz. Extracting by manifest.
491 silly tarball no local data for is-arrayish@https://registry.npmjs.org/is-arrayish/-/is-arrayish-0.2.1.tgz. Extracting by manifest.
492 silly tarball no local data for ip@https://registry.npmjs.org/ip/-/ip-2.0.0.tgz. Extracting by manifest.
493 silly tarball no local data for ipaddr.js@https://registry.npmjs.org/ipaddr.js/-/ipaddr.js-1.9.1.tgz. Extracting by manifest.
494 silly tarball no local data for interpret@https://registry.npmjs.org/interpret/-/interpret-2.2.0.tgz. Extracting by manifest.
495 silly tarball no local data for internal-slot@https://registry.npmjs.org/internal-slot/-/internal-slot-1.0.7.tgz. Extracting by manifest.
496 silly tarball no local data for ini@https://registry.npmjs.org/ini/-/ini-2.0.0.tgz. Extracting by manifest.
497 silly tarball no local data for inherits@https://registry.npmjs.org/inherits/-/inherits-2.0.4.tgz. Extracting by manifest.
498 silly tarball no local data for inflight@https://registry.npmjs.org/inflight/-/inflight-1.0.6.tgz. Extracting by manifest.
499 silly tarball no local data for is-array-buffer@https://registry.npmjs.org/is-array-buffer/-/is-array-buffer-3.0.4.tgz. Extracting by manifest.
500 silly tarball no local data for inflection@https://registry.npmjs.org/inflection/-/inflection-1.13.4.tgz. Extracting by manifest.
501 silly tarball no local data for infer-owner@https://registry.npmjs.org/infer-owner/-/infer-owner-1.0.4.tgz. Extracting by manifest.
502 silly tarball no local data for imurmurhash@https://registry.npmjs.org/imurmurhash/-/imurmurhash-0.1.4.tgz. Extracting by manifest.
503 silly tarball no local data for indent-string@https://registry.npmjs.org/indent-string/-/indent-string-4.0.0.tgz. Extracting by manifest.
504 silly tarball no local data for import-local@https://registry.npmjs.org/import-local/-/import-local-3.1.0.tgz. Extracting by manifest.
505 silly tarball no local data for import-lazy@https://registry.npmjs.org/import-lazy/-/import-lazy-4.0.0.tgz. Extracting by manifest.
506 silly tarball no local data for import-fresh@https://registry.npmjs.org/import-fresh/-/import-fresh-3.3.0.tgz. Extracting by manifest.
507 silly tarball no local data for ignore@https://registry.npmjs.org/ignore/-/ignore-5.2.0.tgz. Extracting by manifest.
508 silly tarball no local data for ignore-walk@https://registry.npmjs.org/ignore-walk/-/ignore-walk-6.0.4.tgz. Extracting by manifest.
509 silly tarball no local data for ieee754@https://registry.npmjs.org/ieee754/-/ieee754-1.2.1.tgz. Extracting by manifest.
510 silly tarball no local data for icss-utils@https://registry.npmjs.org/icss-utils/-/icss-utils-5.1.0.tgz. Extracting by manifest.
511 silly tarball no local data for iconv-lite@https://registry.npmjs.org/iconv-lite/-/iconv-lite-0.6.3.tgz. Extracting by manifest.
512 silly tarball no local data for i18next@https://registry.npmjs.org/i18next/-/i18next-23.11.2.tgz. Extracting by manifest.
513 silly tarball no local data for humanize-ms@https://registry.npmjs.org/humanize-ms/-/humanize-ms-1.2.1.tgz. Extracting by manifest.
514 silly tarball no local data for human-signals@https://registry.npmjs.org/human-signals/-/human-signals-2.1.0.tgz. Extracting by manifest.
515 silly tarball no local data for https-proxy-agent@https://registry.npmjs.org/https-proxy-agent/-/https-proxy-agent-5.0.1.tgz. Extracting by manifest.
516 silly tarball no local data for http2-wrapper@https://registry.npmjs.org/http2-wrapper/-/http2-wrapper-2.1.11.tgz. Extracting by manifest.
517 silly tarball no local data for http-proxy-agent@https://registry.npmjs.org/http-proxy-agent/-/http-proxy-agent-5.0.0.tgz. Extracting by manifest.
518 silly tarball no local data for http-errors@https://registry.npmjs.org/http-errors/-/http-errors-2.0.0.tgz. Extracting by manifest.
519 silly tarball no local data for http-cache-semantics@https://registry.npmjs.org/http-cache-semantics/-/http-cache-semantics-4.1.1.tgz. Extracting by manifest.
520 silly tarball no local data for html-escaper@https://registry.npmjs.org/html-escaper/-/html-escaper-2.0.2.tgz. Extracting by manifest.
521 silly tarball no local data for hosted-git-info@https://registry.npmjs.org/hosted-git-info/-/hosted-git-info-5.2.1.tgz. Extracting by manifest.
522 silly tarball no local data for help-me@https://registry.npmjs.org/help-me/-/help-me-4.2.0.tgz. Extracting by manifest.
523 silly tarball no local data for hasown@https://registry.npmjs.org/hasown/-/hasown-2.0.2.tgz. Extracting by manifest.
524 silly tarball no local data for hashlru@https://registry.npmjs.org/hashlru/-/hashlru-2.3.0.tgz. Extracting by manifest.
525 silly tarball no local data for has-yarn@https://registry.npmjs.org/has-yarn/-/has-yarn-3.0.0.tgz. Extracting by manifest.
526 silly tarball no local data for has-unicode@https://registry.npmjs.org/has-unicode/-/has-unicode-2.0.1.tgz. Extracting by manifest.
527 silly tarball no local data for has-tostringtag@https://registry.npmjs.org/has-tostringtag/-/has-tostringtag-1.0.2.tgz. Extracting by manifest.
528 silly tarball no local data for has-symbols@https://registry.npmjs.org/has-symbols/-/has-symbols-1.0.3.tgz. Extracting by manifest.
529 silly tarball no local data for has-proto@https://registry.npmjs.org/has-proto/-/has-proto-1.0.3.tgz. Extracting by manifest.
530 silly tarball no local data for has-property-descriptors@https://registry.npmjs.org/has-property-descriptors/-/has-property-descriptors-1.0.2.tgz. Extracting by manifest.
531 silly tarball no local data for has-flag@https://registry.npmjs.org/has-flag/-/has-flag-4.0.0.tgz. Extracting by manifest.
532 silly tarball no local data for has-bigints@https://registry.npmjs.org/has-bigints/-/has-bigints-1.0.2.tgz. Extracting by manifest.
533 silly tarball no local data for graceful-fs@https://registry.npmjs.org/graceful-fs/-/graceful-fs-4.2.10.tgz. Extracting by manifest.
534 silly tarball no local data for graphemer@https://registry.npmjs.org/graphemer/-/graphemer-1.4.0.tgz. Extracting by manifest.
535 silly tarball no local data for got@https://registry.npmjs.org/got/-/got-12.3.1.tgz. Extracting by manifest.
536 silly tarball no local data for gopd@https://registry.npmjs.org/gopd/-/gopd-1.0.1.tgz. Extracting by manifest.
537 silly tarball no local data for globby@https://registry.npmjs.org/globby/-/globby-11.1.0.tgz. Extracting by manifest.
538 silly tarball no local data for globalthis@https://registry.npmjs.org/globalthis/-/globalthis-1.0.3.tgz. Extracting by manifest.
539 silly tarball no local data for globals@https://registry.npmjs.org/globals/-/globals-15.0.0.tgz. Extracting by manifest.
540 silly tarball no local data for global-dirs@https://registry.npmjs.org/global-dirs/-/global-dirs-3.0.0.tgz. Extracting by manifest.
541 silly tarball no local data for glob-parent@https://registry.npmjs.org/glob-parent/-/glob-parent-6.0.2.tgz. Extracting by manifest.
542 silly tarball no local data for glob-to-regexp@https://registry.npmjs.org/glob-to-regexp/-/glob-to-regexp-0.4.1.tgz. Extracting by manifest.
543 silly tarball no local data for glob@https://registry.npmjs.org/glob/-/glob-10.3.12.tgz. Extracting by manifest.
544 silly tarball no local data for github-from-package@https://registry.npmjs.org/github-from-package/-/github-from-package-0.0.0.tgz. Extracting by manifest.
545 silly tarball no local data for getopts@https://registry.npmjs.org/getopts/-/getopts-2.3.0.tgz. Extracting by manifest.
546 silly tarball no local data for get-symbol-description@https://registry.npmjs.org/get-symbol-description/-/get-symbol-description-1.0.2.tgz. Extracting by manifest.
547 silly tarball no local data for get-stream@https://registry.npmjs.org/get-stream/-/get-stream-6.0.1.tgz. Extracting by manifest.
548 silly tarball no local data for get-stdin@https://registry.npmjs.org/get-stdin/-/get-stdin-8.0.0.tgz. Extracting by manifest.
549 silly tarball no local data for get-package-type@https://registry.npmjs.org/get-package-type/-/get-package-type-0.1.0.tgz. Extracting by manifest.
550 silly tarball no local data for get-intrinsic@https://registry.npmjs.org/get-intrinsic/-/get-intrinsic-1.2.4.tgz. Extracting by manifest.
551 silly tarball no local data for get-caller-file@https://registry.npmjs.org/get-caller-file/-/get-caller-file-2.0.5.tgz. Extracting by manifest.
552 silly tarball no local data for gensync@https://registry.npmjs.org/gensync/-/gensync-1.0.0-beta.2.tgz. Extracting by manifest.
553 silly tarball no local data for generify@https://registry.npmjs.org/generify/-/generify-4.2.0.tgz. Extracting by manifest.
554 silly tarball no local data for gauge@https://registry.npmjs.org/gauge/-/gauge-4.0.4.tgz. Extracting by manifest.
555 silly tarball no local data for functions-have-names@https://registry.npmjs.org/functions-have-names/-/functions-have-names-1.2.3.tgz. Extracting by manifest.
556 silly tarball no local data for function.prototype.name@https://registry.npmjs.org/function.prototype.name/-/function.prototype.name-1.1.6.tgz. Extracting by manifest.
557 silly tarball no local data for function-bind@https://registry.npmjs.org/function-bind/-/function-bind-1.1.2.tgz. Extracting by manifest.
558 silly tarball no local data for fs.realpath@https://registry.npmjs.org/fs.realpath/-/fs.realpath-1.0.0.tgz. Extracting by manifest.
559 silly tarball no local data for fs-minipass@https://registry.npmjs.org/fs-minipass/-/fs-minipass-2.1.0.tgz. Extracting by manifest.
560 silly tarball no local data for fs-extra@https://registry.npmjs.org/fs-extra/-/fs-extra-9.1.0.tgz. Extracting by manifest.
561 silly tarball no local data for fs-constants@https://registry.npmjs.org/fs-constants/-/fs-constants-1.0.0.tgz. Extracting by manifest.
562 silly tarball no local data for fp-and-or@https://registry.npmjs.org/fp-and-or/-/fp-and-or-0.1.4.tgz. Extracting by manifest.
563 silly tarball no local data for form-data-encoder@https://registry.npmjs.org/form-data-encoder/-/form-data-encoder-2.1.0.tgz. Extracting by manifest.
564 silly tarball no local data for foreground-child@https://registry.npmjs.org/foreground-child/-/foreground-child-3.1.1.tgz. Extracting by manifest.
565 silly tarball no local data for forwarded@https://registry.npmjs.org/forwarded/-/forwarded-0.2.0.tgz. Extracting by manifest.
566 silly tarball no local data for for-each@https://registry.npmjs.org/for-each/-/for-each-0.3.3.tgz. Extracting by manifest.
567 silly tarball no local data for flatted@https://registry.npmjs.org/flatted/-/flatted-3.3.1.tgz. Extracting by manifest.
568 silly tarball no local data for flat-cache@https://registry.npmjs.org/flat-cache/-/flat-cache-3.2.0.tgz. Extracting by manifest.
569 silly tarball no local data for find-up@https://registry.npmjs.org/find-up/-/find-up-5.0.0.tgz. Extracting by manifest.
570 silly tarball no local data for find-my-way@https://registry.npmjs.org/find-my-way/-/find-my-way-8.1.0.tgz. Extracting by manifest.
571 silly tarball no local data for fill-range@https://registry.npmjs.org/fill-range/-/fill-range-7.0.1.tgz. Extracting by manifest.
572 silly tarball no local data for file-uri-to-path@https://registry.npmjs.org/file-uri-to-path/-/file-uri-to-path-1.0.0.tgz. Extracting by manifest.
573 silly tarball no local data for file-entry-cache@https://registry.npmjs.org/file-entry-cache/-/file-entry-cache-6.0.1.tgz. Extracting by manifest.
574 silly tarball no local data for fastq@https://registry.npmjs.org/fastq/-/fastq-1.17.1.tgz. Extracting by manifest.
575 silly tarball no local data for fb-watchman@https://registry.npmjs.org/fb-watchman/-/fb-watchman-2.0.2.tgz. Extracting by manifest.
576 silly tarball no local data for fastify-reverse-routes@https://registry.npmjs.org/fastify-reverse-routes/-/fastify-reverse-routes-3.0.0.tgz. Extracting by manifest.
577 silly tarball no local data for fastify-plugin@https://registry.npmjs.org/fastify-plugin/-/fastify-plugin-3.0.1.tgz. Extracting by manifest.
578 silly tarball no local data for fastify-objectionjs@https://registry.npmjs.org/fastify-objectionjs/-/fastify-objectionjs-2.0.1.tgz. Extracting by manifest.
579 silly tarball no local data for fastify-method-override@https://registry.npmjs.org/fastify-method-override/-/fastify-method-override-1.5.10.tgz. Extracting by manifest.
580 silly tarball no local data for fastify-error-page@https://registry.npmjs.org/fastify-error-page/-/fastify-error-page-4.0.0.tgz. Extracting by manifest.
581 silly tarball no local data for fastify-cli@https://registry.npmjs.org/fastify-cli/-/fastify-cli-6.1.1.tgz. Extracting by manifest.
582 silly tarball no local data for fastest-levenshtein@https://registry.npmjs.org/fastest-levenshtein/-/fastest-levenshtein-1.0.16.tgz. Extracting by manifest.
583 silly tarball no local data for fastify@https://registry.npmjs.org/fastify/-/fastify-4.26.2.tgz. Extracting by manifest.
584 silly tarball no local data for fast-uri@https://registry.npmjs.org/fast-uri/-/fast-uri-2.3.0.tgz. Extracting by manifest.
585 silly tarball no local data for fast-redact@https://registry.npmjs.org/fast-redact/-/fast-redact-3.5.0.tgz. Extracting by manifest.
586 silly tarball no local data for fast-safe-stringify@https://registry.npmjs.org/fast-safe-stringify/-/fast-safe-stringify-2.1.1.tgz. Extracting by manifest.
587 silly tarball no local data for fast-querystring@https://registry.npmjs.org/fast-querystring/-/fast-querystring-1.0.0.tgz. Extracting by manifest.
588 silly tarball no local data for fast-json-stringify@https://registry.npmjs.org/fast-json-stringify/-/fast-json-stringify-5.14.1.tgz. Extracting by manifest.
589 silly tarball no local data for fast-memoize@https://registry.npmjs.org/fast-memoize/-/fast-memoize-2.5.2.tgz. Extracting by manifest.
590 silly tarball no local data for fast-json-stable-stringify@https://registry.npmjs.org/fast-json-stable-stringify/-/fast-json-stable-stringify-2.1.0.tgz. Extracting by manifest.
591 silly tarball no local data for fast-glob@https://registry.npmjs.org/fast-glob/-/fast-glob-3.2.11.tgz. Extracting by manifest.
592 silly tarball no local data for fast-deep-equal@https://registry.npmjs.org/fast-deep-equal/-/fast-deep-equal-3.1.3.tgz. Extracting by manifest.
593 silly tarball no local data for fast-decode-uri-component@https://registry.npmjs.org/fast-decode-uri-component/-/fast-decode-uri-component-1.0.1.tgz. Extracting by manifest.
594 silly tarball no local data for fast-copy@https://registry.npmjs.org/fast-copy/-/fast-copy-3.0.2.tgz. Extracting by manifest.
595 silly tarball no local data for ext@https://registry.npmjs.org/ext/-/ext-1.7.0.tgz. Extracting by manifest.
596 silly tarball no local data for fast-content-type-parse@https://registry.npmjs.org/fast-content-type-parse/-/fast-content-type-parse-1.1.0.tgz. Extracting by manifest.
597 silly tarball no local data for exponential-backoff@https://registry.npmjs.org/exponential-backoff/-/exponential-backoff-3.1.1.tgz. Extracting by manifest.
598 silly tarball no local data for expect@https://registry.npmjs.org/expect/-/expect-29.7.0.tgz. Extracting by manifest.
599 silly tarball no local data for expand-template@https://registry.npmjs.org/expand-template/-/expand-template-2.0.3.tgz. Extracting by manifest.
600 silly tarball no local data for exit@https://registry.npmjs.org/exit/-/exit-0.1.2.tgz. Extracting by manifest.
601 silly tarball no local data for execa@https://registry.npmjs.org/execa/-/execa-5.1.1.tgz. Extracting by manifest.
602 silly tarball no local data for event-target-shim@https://registry.npmjs.org/event-target-shim/-/event-target-shim-5.0.1.tgz. Extracting by manifest.
603 silly tarball no local data for events@https://registry.npmjs.org/events/-/events-3.3.0.tgz. Extracting by manifest.
604 silly tarball no local data for esutils@https://registry.npmjs.org/esutils/-/esutils-2.0.3.tgz. Extracting by manifest.
605 silly tarball no local data for event-emitter@https://registry.npmjs.org/event-emitter/-/event-emitter-0.3.5.tgz. Extracting by manifest.
606 silly tarball no local data for esrecurse@https://registry.npmjs.org/esrecurse/-/esrecurse-4.3.0.tgz. Extracting by manifest.
607 silly tarball no local data for esquery@https://registry.npmjs.org/esquery/-/esquery-1.5.0.tgz. Extracting by manifest.
608 silly tarball no local data for estraverse@https://registry.npmjs.org/estraverse/-/estraverse-5.3.0.tgz. Extracting by manifest.
609 silly tarball no local data for esprima@https://registry.npmjs.org/esprima/-/esprima-4.0.1.tgz. Extracting by manifest.
610 silly tarball no local data for espree@https://registry.npmjs.org/espree/-/espree-10.0.1.tgz. Extracting by manifest.
611 silly tarball no local data for esniff@https://registry.npmjs.org/esniff/-/esniff-2.0.1.tgz. Extracting by manifest.
612 silly tarball no local data for esm@https://registry.npmjs.org/esm/-/esm-3.2.25.tgz. Extracting by manifest.
613 silly tarball no local data for eslint-visitor-keys@https://registry.npmjs.org/eslint-visitor-keys/-/eslint-visitor-keys-3.4.3.tgz. Extracting by manifest.
614 silly tarball no local data for eslint-plugin-import@https://registry.npmjs.org/eslint-plugin-import/-/eslint-plugin-import-2.29.1.tgz. Extracting by manifest.
615 silly tarball no local data for eslint-module-utils@https://registry.npmjs.org/eslint-module-utils/-/eslint-module-utils-2.8.1.tgz. Extracting by manifest.
616 silly tarball no local data for eslint-config-airbnb-base@https://registry.npmjs.org/eslint-config-airbnb-base/-/eslint-config-airbnb-base-15.0.0.tgz. Extracting by manifest.
617 silly tarball no local data for eslint-import-resolver-node@https://registry.npmjs.org/eslint-import-resolver-node/-/eslint-import-resolver-node-0.3.9.tgz. Extracting by manifest.
618 silly tarball no local data for eslint-scope@https://registry.npmjs.org/eslint-scope/-/eslint-scope-7.2.2.tgz. Extracting by manifest.
619 silly tarball no local data for eslint@https://registry.npmjs.org/eslint/-/eslint-8.57.0.tgz. Extracting by manifest.
620 silly tarball no local data for escape-html@https://registry.npmjs.org/escape-html/-/escape-html-1.0.3.tgz. Extracting by manifest.
621 silly tarball no local data for escalade@https://registry.npmjs.org/escalade/-/escalade-3.1.1.tgz. Extracting by manifest.
622 silly tarball no local data for escape-string-regexp@https://registry.npmjs.org/escape-string-regexp/-/escape-string-regexp-1.0.5.tgz. Extracting by manifest.
623 silly tarball no local data for es6-weak-map@https://registry.npmjs.org/es6-weak-map/-/es6-weak-map-2.0.3.tgz. Extracting by manifest.
624 silly tarball no local data for es6-symbol@https://registry.npmjs.org/es6-symbol/-/es6-symbol-3.1.4.tgz. Extracting by manifest.
625 silly tarball no local data for escape-goat@https://registry.npmjs.org/escape-goat/-/escape-goat-4.0.0.tgz. Extracting by manifest.
626 silly tarball no local data for es6-iterator@https://registry.npmjs.org/es6-iterator/-/es6-iterator-2.0.3.tgz. Extracting by manifest.
627 silly tarball no local data for es5-ext@https://registry.npmjs.org/es5-ext/-/es5-ext-0.10.64.tgz. Extracting by manifest.
628 silly tarball no local data for es-to-primitive@https://registry.npmjs.org/es-to-primitive/-/es-to-primitive-1.2.1.tgz. Extracting by manifest.
629 silly tarball no local data for es-set-tostringtag@https://registry.npmjs.org/es-set-tostringtag/-/es-set-tostringtag-2.0.3.tgz. Extracting by manifest.
630 silly tarball no local data for es-shim-unscopables@https://registry.npmjs.org/es-shim-unscopables/-/es-shim-unscopables-1.0.2.tgz. Extracting by manifest.
631 silly tarball no local data for es-object-atoms@https://registry.npmjs.org/es-object-atoms/-/es-object-atoms-1.0.0.tgz. Extracting by manifest.
632 silly tarball no local data for es-errors@https://registry.npmjs.org/es-errors/-/es-errors-1.3.0.tgz. Extracting by manifest.
633 silly tarball no local data for es-define-property@https://registry.npmjs.org/es-define-property/-/es-define-property-1.0.0.tgz. Extracting by manifest.
634 silly tarball no local data for es-module-lexer@https://registry.npmjs.org/es-module-lexer/-/es-module-lexer-1.5.0.tgz. Extracting by manifest.
635 silly tarball no local data for es-abstract@https://registry.npmjs.org/es-abstract/-/es-abstract-1.23.3.tgz. Extracting by manifest.
636 silly tarball no local data for err-code@https://registry.npmjs.org/err-code/-/err-code-2.0.3.tgz. Extracting by manifest.
637 silly tarball no local data for error-ex@https://registry.npmjs.org/error-ex/-/error-ex-1.3.2.tgz. Extracting by manifest.
638 silly tarball no local data for envinfo@https://registry.npmjs.org/envinfo/-/envinfo-7.12.0.tgz. Extracting by manifest.
639 silly tarball no local data for end-of-stream@https://registry.npmjs.org/end-of-stream/-/end-of-stream-1.4.4.tgz. Extracting by manifest.
640 silly tarball no local data for entities@https://registry.npmjs.org/entities/-/entities-3.0.1.tgz. Extracting by manifest.
641 silly tarball no local data for enhanced-resolve@https://registry.npmjs.org/enhanced-resolve/-/enhanced-resolve-5.16.0.tgz. Extracting by manifest.
642 silly tarball no local data for env-paths@https://registry.npmjs.org/env-paths/-/env-paths-2.2.1.tgz. Extracting by manifest.
643 silly tarball no local data for fast-levenshtein@https://registry.npmjs.org/fast-levenshtein/-/fast-levenshtein-2.0.6.tgz. Extracting by manifest.
644 silly tarball no local data for encoding@https://registry.npmjs.org/encoding/-/encoding-0.1.13.tgz. Extracting by manifest.
645 silly tarball no local data for emoji-regex@https://registry.npmjs.org/emoji-regex/-/emoji-regex-8.0.0.tgz. Extracting by manifest.
646 silly tarball no local data for emittery@https://registry.npmjs.org/emittery/-/emittery-0.13.1.tgz. Extracting by manifest.
647 silly tarball no local data for electron-to-chromium@https://registry.npmjs.org/electron-to-chromium/-/electron-to-chromium-1.4.746.tgz. Extracting by manifest.
648 silly tarball no local data for editorconfig@https://registry.npmjs.org/editorconfig/-/editorconfig-1.0.4.tgz. Extracting by manifest.
649 silly tarball no local data for eastasianwidth@https://registry.npmjs.org/eastasianwidth/-/eastasianwidth-0.2.0.tgz. Extracting by manifest.
650 silly tarball no local data for dottie@https://registry.npmjs.org/dottie/-/dottie-2.0.6.tgz. Extracting by manifest.
651 silly tarball no local data for dotenv@https://registry.npmjs.org/dotenv/-/dotenv-16.4.5.tgz. Extracting by manifest.
652 silly tarball no local data for dot-prop@https://registry.npmjs.org/dot-prop/-/dot-prop-6.0.1.tgz. Extracting by manifest.
653 silly tarball no local data for doctrine@https://registry.npmjs.org/doctrine/-/doctrine-3.0.0.tgz. Extracting by manifest.
654 silly tarball no local data for dir-glob@https://registry.npmjs.org/dir-glob/-/dir-glob-3.0.1.tgz. Extracting by manifest.
655 silly tarball no local data for diff-sequences@https://registry.npmjs.org/diff-sequences/-/diff-sequences-29.6.3.tgz. Extracting by manifest.
656 silly tarball no local data for detect-newline@https://registry.npmjs.org/detect-newline/-/detect-newline-3.1.0.tgz. Extracting by manifest.
657 silly tarball no local data for doctypes@https://registry.npmjs.org/doctypes/-/doctypes-1.1.0.tgz. Extracting by manifest.
658 silly tarball no local data for depd@https://registry.npmjs.org/depd/-/depd-2.0.0.tgz. Extracting by manifest.
659 silly tarball no local data for delegates@https://registry.npmjs.org/delegates/-/delegates-1.0.0.tgz. Extracting by manifest.
660 silly tarball no local data for define-data-property@https://registry.npmjs.org/define-data-property/-/define-data-property-1.1.4.tgz. Extracting by manifest.
661 silly tarball no local data for define-properties@https://registry.npmjs.org/define-properties/-/define-properties-1.2.1.tgz. Extracting by manifest.
662 silly tarball no local data for defer-to-connect@https://registry.npmjs.org/defer-to-connect/-/defer-to-connect-2.0.1.tgz. Extracting by manifest.
663 silly tarball no local data for deepmerge@https://registry.npmjs.org/deepmerge/-/deepmerge-4.3.1.tgz. Extracting by manifest.
664 silly tarball no local data for deep-is@https://registry.npmjs.org/deep-is/-/deep-is-0.1.4.tgz. Extracting by manifest.
665 silly tarball no local data for deep-extend@https://registry.npmjs.org/deep-extend/-/deep-extend-0.6.0.tgz. Extracting by manifest.
666 silly tarball no local data for dedent@https://registry.npmjs.org/dedent/-/dedent-1.5.3.tgz. Extracting by manifest.
667 silly tarball no local data for decompress-response@https://registry.npmjs.org/decompress-response/-/decompress-response-6.0.0.tgz. Extracting by manifest.
668 silly tarball no local data for detect-libc@https://registry.npmjs.org/detect-libc/-/detect-libc-2.0.3.tgz. Extracting by manifest.
669 silly tarball no local data for debug@https://registry.npmjs.org/debug/-/debug-4.3.4.tgz. Extracting by manifest.
670 silly tarball no local data for db-errors@https://registry.npmjs.org/db-errors/-/db-errors-0.2.3.tgz. Extracting by manifest.
671 silly tarball no local data for dateformat@https://registry.npmjs.org/dateformat/-/dateformat-4.6.3.tgz. Extracting by manifest.
672 silly tarball no local data for date-fns@https://registry.npmjs.org/date-fns/-/date-fns-2.30.0.tgz. Extracting by manifest.
673 silly tarball no local data for data-view-byte-offset@https://registry.npmjs.org/data-view-byte-offset/-/data-view-byte-offset-1.0.0.tgz. Extracting by manifest.
674 silly tarball no local data for data-view-buffer@https://registry.npmjs.org/data-view-buffer/-/data-view-buffer-1.0.1.tgz. Extracting by manifest.
675 silly tarball no local data for data-view-byte-length@https://registry.npmjs.org/data-view-byte-length/-/data-view-byte-length-1.0.1.tgz. Extracting by manifest.
676 silly tarball no local data for d@https://registry.npmjs.org/d/-/d-1.0.2.tgz. Extracting by manifest.
677 silly tarball no local data for cssesc@https://registry.npmjs.org/cssesc/-/cssesc-3.0.0.tgz. Extracting by manifest.
678 silly tarball no local data for css-loader@https://registry.npmjs.org/css-loader/-/css-loader-7.1.1.tgz. Extracting by manifest.
679 silly tarball no local data for crypto-random-string@https://registry.npmjs.org/crypto-random-string/-/crypto-random-string-4.0.0.tgz. Extracting by manifest.
680 silly tarball no local data for cross-spawn@https://registry.npmjs.org/cross-spawn/-/cross-spawn-7.0.3.tgz. Extracting by manifest.
681 silly tarball no local data for create-jest@https://registry.npmjs.org/create-jest/-/create-jest-29.7.0.tgz. Extracting by manifest.
682 silly tarball no local data for cookie-signature@https://registry.npmjs.org/cookie-signature/-/cookie-signature-1.2.1.tgz. Extracting by manifest.
683 silly tarball no local data for cookie@https://registry.npmjs.org/cookie/-/cookie-0.6.0.tgz. Extracting by manifest.
684 silly tarball no local data for convert-source-map@https://registry.npmjs.org/convert-source-map/-/convert-source-map-2.0.0.tgz. Extracting by manifest.
685 silly tarball no local data for content-disposition@https://registry.npmjs.org/content-disposition/-/content-disposition-0.5.4.tgz. Extracting by manifest.
686 silly tarball no local data for constantinople@https://registry.npmjs.org/constantinople/-/constantinople-4.0.1.tgz. Extracting by manifest.
687 silly tarball no local data for console-control-strings@https://registry.npmjs.org/console-control-strings/-/console-control-strings-1.1.0.tgz. Extracting by manifest.
688 silly tarball no local data for confusing-browser-globals@https://registry.npmjs.org/confusing-browser-globals/-/confusing-browser-globals-1.0.11.tgz. Extracting by manifest.
689 silly tarball no local data for configstore@https://registry.npmjs.org/configstore/-/configstore-6.0.0.tgz. Extracting by manifest.
690 silly tarball no local data for config-chain@https://registry.npmjs.org/config-chain/-/config-chain-1.1.13.tgz. Extracting by manifest.
691 silly tarball no local data for concurrently@https://registry.npmjs.org/concurrently/-/concurrently-8.2.2.tgz. Extracting by manifest.
692 silly tarball no local data for concat-map@https://registry.npmjs.org/concat-map/-/concat-map-0.0.1.tgz. Extracting by manifest.
693 silly tarball no local data for commist@https://registry.npmjs.org/commist/-/commist-3.0.0.tgz. Extracting by manifest.
694 silly tarball no local data for commander@https://registry.npmjs.org/commander/-/commander-10.0.1.tgz. Extracting by manifest.
695 silly tarball no local data for colorette@https://registry.npmjs.org/colorette/-/colorette-2.0.19.tgz. Extracting by manifest.
696 silly tarball no local data for color-support@https://registry.npmjs.org/color-support/-/color-support-1.1.3.tgz. Extracting by manifest.
697 silly tarball no local data for color-convert@https://registry.npmjs.org/color-convert/-/color-convert-2.0.1.tgz. Extracting by manifest.
698 silly tarball no local data for color-name@https://registry.npmjs.org/color-name/-/color-name-1.1.4.tgz. Extracting by manifest.
699 silly tarball no local data for collect-v8-coverage@https://registry.npmjs.org/collect-v8-coverage/-/collect-v8-coverage-1.0.2.tgz. Extracting by manifest.
700 silly tarball no local data for co@https://registry.npmjs.org/co/-/co-4.6.0.tgz. Extracting by manifest.
701 silly tarball no local data for close-with-grace@https://registry.npmjs.org/close-with-grace/-/close-with-grace-1.1.0.tgz. Extracting by manifest.
702 silly tarball no local data for clone-response@https://registry.npmjs.org/clone-response/-/clone-response-1.0.3.tgz. Extracting by manifest.
703 silly tarball no local data for clone-deep@https://registry.npmjs.org/clone-deep/-/clone-deep-4.0.1.tgz. Extracting by manifest.
704 silly tarball no local data for cliui@https://registry.npmjs.org/cliui/-/cliui-8.0.1.tgz. Extracting by manifest.
705 silly tarball no local data for cli-table3@https://registry.npmjs.org/cli-table3/-/cli-table3-0.6.4.tgz. Extracting by manifest.
706 silly tarball no local data for cli-color@https://registry.npmjs.org/cli-color/-/cli-color-2.0.4.tgz. Extracting by manifest.
707 silly tarball no local data for cli-boxes@https://registry.npmjs.org/cli-boxes/-/cli-boxes-3.0.0.tgz. Extracting by manifest.
708 silly tarball no local data for cjs-module-lexer@https://registry.npmjs.org/cjs-module-lexer/-/cjs-module-lexer-1.2.3.tgz. Extracting by manifest.
709 silly tarball no local data for ci-info@https://registry.npmjs.org/ci-info/-/ci-info-3.3.2.tgz. Extracting by manifest.
710 silly tarball no local data for clean-stack@https://registry.npmjs.org/clean-stack/-/clean-stack-2.2.0.tgz. Extracting by manifest.
711 silly tarball no local data for chownr@https://registry.npmjs.org/chownr/-/chownr-2.0.0.tgz. Extracting by manifest.
712 silly tarball no local data for chrome-trace-event@https://registry.npmjs.org/chrome-trace-event/-/chrome-trace-event-1.0.3.tgz. Extracting by manifest.
713 silly tarball no local data for chokidar@https://registry.npmjs.org/chokidar/-/chokidar-3.5.3.tgz. Extracting by manifest.
714 silly tarball no local data for character-parser@https://registry.npmjs.org/character-parser/-/character-parser-2.2.0.tgz. Extracting by manifest.
715 silly tarball no local data for char-regex@https://registry.npmjs.org/char-regex/-/char-regex-1.0.2.tgz. Extracting by manifest.
716 silly tarball no local data for chalk@https://registry.npmjs.org/chalk/-/chalk-4.1.2.tgz. Extracting by manifest.
717 silly tarball no local data for caniuse-lite@https://registry.npmjs.org/caniuse-lite/-/caniuse-lite-1.0.30001612.tgz. Extracting by manifest.
718 silly tarball no local data for camelcase@https://registry.npmjs.org/camelcase/-/camelcase-5.3.1.tgz. Extracting by manifest.
719 silly tarball no local data for callsites@https://registry.npmjs.org/callsites/-/callsites-3.1.0.tgz. Extracting by manifest.
720 silly tarball no local data for call-bind@https://registry.npmjs.org/call-bind/-/call-bind-1.0.7.tgz. Extracting by manifest.
721 silly tarball no local data for cacheable-request@https://registry.npmjs.org/cacheable-request/-/cacheable-request-7.0.2.tgz. Extracting by manifest.
722 silly tarball no local data for cacheable-lookup@https://registry.npmjs.org/cacheable-lookup/-/cacheable-lookup-6.1.0.tgz. Extracting by manifest.
723 silly tarball no local data for cacache@https://registry.npmjs.org/cacache/-/cacache-17.1.4.tgz. Extracting by manifest.
724 silly tarball no local data for builtins@https://registry.npmjs.org/builtins/-/builtins-5.1.0.tgz. Extracting by manifest.
725 silly tarball no local data for buffer-from@https://registry.npmjs.org/buffer-from/-/buffer-from-1.1.2.tgz. Extracting by manifest.
726 silly tarball no local data for buffer@https://registry.npmjs.org/buffer/-/buffer-5.7.1.tgz. Extracting by manifest.
727 silly tarball no local data for bser@https://registry.npmjs.org/bser/-/bser-2.1.1.tgz. Extracting by manifest.
728 silly tarball no local data for browserslist@https://registry.npmjs.org/browserslist/-/browserslist-4.23.0.tgz. Extracting by manifest.
729 silly tarball no local data for braces@https://registry.npmjs.org/braces/-/braces-3.0.2.tgz. Extracting by manifest.
730 silly tarball no local data for brace-expansion@https://registry.npmjs.org/brace-expansion/-/brace-expansion-1.1.11.tgz. Extracting by manifest.
731 silly tarball no local data for boxen@https://registry.npmjs.org/boxen/-/boxen-7.0.0.tgz. Extracting by manifest.
732 silly tarball no local data for bootstrap@https://registry.npmjs.org/bootstrap/-/bootstrap-5.3.3.tgz. Extracting by manifest.
733 silly tarball no local data for bl@https://registry.npmjs.org/bl/-/bl-4.1.0.tgz. Extracting by manifest.
734 silly tarball no local data for bluebird@https://registry.npmjs.org/bluebird/-/bluebird-3.7.2.tgz. Extracting by manifest.
735 silly tarball no local data for bindings@https://registry.npmjs.org/bindings/-/bindings-1.5.0.tgz. Extracting by manifest.
736 silly tarball no local data for better-sqlite3@https://registry.npmjs.org/better-sqlite3/-/better-sqlite3-8.7.0.tgz. Extracting by manifest.
737 silly tarball no local data for binary-extensions@https://registry.npmjs.org/binary-extensions/-/binary-extensions-2.2.0.tgz. Extracting by manifest.
738 silly tarball no local data for base64-js@https://registry.npmjs.org/base64-js/-/base64-js-1.5.1.tgz. Extracting by manifest.
739 silly tarball no local data for balanced-match@https://registry.npmjs.org/balanced-match/-/balanced-match-1.0.2.tgz. Extracting by manifest.
740 silly tarball no local data for babel-walk@https://registry.npmjs.org/babel-walk/-/babel-walk-3.0.0-canary-5.tgz. Extracting by manifest.
741 silly tarball no local data for babel-preset-jest@https://registry.npmjs.org/babel-preset-jest/-/babel-preset-jest-29.6.3.tgz. Extracting by manifest.
742 silly tarball no local data for babel-preset-current-node-syntax@https://registry.npmjs.org/babel-preset-current-node-syntax/-/babel-preset-current-node-syntax-1.0.1.tgz. Extracting by manifest.
743 silly tarball no local data for babel-plugin-jest-hoist@https://registry.npmjs.org/babel-plugin-jest-hoist/-/babel-plugin-jest-hoist-29.6.3.tgz. Extracting by manifest.
744 silly tarball no local data for babel-plugin-istanbul@https://registry.npmjs.org/babel-plugin-istanbul/-/babel-plugin-istanbul-6.1.1.tgz. Extracting by manifest.
745 silly tarball no local data for babel-jest@https://registry.npmjs.org/babel-jest/-/babel-jest-29.7.0.tgz. Extracting by manifest.
746 silly tarball no local data for avvio@https://registry.npmjs.org/avvio/-/avvio-8.3.0.tgz. Extracting by manifest.
747 silly tarball no local data for available-typed-arrays@https://registry.npmjs.org/available-typed-arrays/-/available-typed-arrays-1.0.7.tgz. Extracting by manifest.
748 silly tarball no local data for atomic-sleep@https://registry.npmjs.org/atomic-sleep/-/atomic-sleep-1.0.0.tgz. Extracting by manifest.
749 silly tarball no local data for at-least-node@https://registry.npmjs.org/at-least-node/-/at-least-node-1.0.0.tgz. Extracting by manifest.
750 silly tarball no local data for assert-never@https://registry.npmjs.org/assert-never/-/assert-never-1.2.1.tgz. Extracting by manifest.
751 silly tarball no local data for asap@https://registry.npmjs.org/asap/-/asap-2.0.6.tgz. Extracting by manifest.
752 silly tarball no local data for arraybuffer.prototype.slice@https://registry.npmjs.org/arraybuffer.prototype.slice/-/arraybuffer.prototype.slice-1.0.3.tgz. Extracting by manifest.
753 silly tarball no local data for array.prototype.flat@https://registry.npmjs.org/array.prototype.flat/-/array.prototype.flat-1.3.2.tgz. Extracting by manifest.
754 silly tarball no local data for array.prototype.flatmap@https://registry.npmjs.org/array.prototype.flatmap/-/array.prototype.flatmap-1.3.2.tgz. Extracting by manifest.
755 silly tarball no local data for array.prototype.findlastindex@https://registry.npmjs.org/array.prototype.findlastindex/-/array.prototype.findlastindex-1.2.5.tgz. Extracting by manifest.
756 silly tarball no local data for array-union@https://registry.npmjs.org/array-union/-/array-union-2.1.0.tgz. Extracting by manifest.
757 silly tarball no local data for array-includes@https://registry.npmjs.org/array-includes/-/array-includes-3.1.8.tgz. Extracting by manifest.
758 silly tarball no local data for array-buffer-byte-length@https://registry.npmjs.org/array-buffer-byte-length/-/array-buffer-byte-length-1.0.1.tgz. Extracting by manifest.
759 silly tarball no local data for argparse@https://registry.npmjs.org/argparse/-/argparse-2.0.1.tgz. Extracting by manifest.
760 silly tarball no local data for are-we-there-yet@https://registry.npmjs.org/are-we-there-yet/-/are-we-there-yet-3.0.1.tgz. Extracting by manifest.
761 silly tarball no local data for aproba@https://registry.npmjs.org/aproba/-/aproba-2.0.0.tgz. Extracting by manifest.
762 silly tarball no local data for anymatch@https://registry.npmjs.org/anymatch/-/anymatch-3.1.2.tgz. Extracting by manifest.
763 silly tarball no local data for archy@https://registry.npmjs.org/archy/-/archy-1.0.0.tgz. Extracting by manifest.
764 silly tarball no local data for ansi-styles@https://registry.npmjs.org/ansi-styles/-/ansi-styles-4.3.0.tgz. Extracting by manifest.
765 silly tarball no local data for ansi-escapes@https://registry.npmjs.org/ansi-escapes/-/ansi-escapes-4.3.2.tgz. Extracting by manifest.
766 silly tarball no local data for ansi-regex@https://registry.npmjs.org/ansi-regex/-/ansi-regex-5.0.1.tgz. Extracting by manifest.
767 silly tarball no local data for ansi-align@https://registry.npmjs.org/ansi-align/-/ansi-align-3.0.1.tgz. Extracting by manifest.
768 silly tarball no local data for ajv-keywords@https://registry.npmjs.org/ajv-keywords/-/ajv-keywords-3.5.2.tgz. Extracting by manifest.
769 silly tarball no local data for ajv-formats@https://registry.npmjs.org/ajv-formats/-/ajv-formats-2.1.1.tgz. Extracting by manifest.
770 silly tarball no local data for ajv@https://registry.npmjs.org/ajv/-/ajv-6.12.6.tgz. Extracting by manifest.
771 silly tarball no local data for aggregate-error@https://registry.npmjs.org/aggregate-error/-/aggregate-error-3.1.0.tgz. Extracting by manifest.
772 silly tarball no local data for agentkeepalive@https://registry.npmjs.org/agentkeepalive/-/agentkeepalive-4.2.1.tgz. Extracting by manifest.
773 silly tarball no local data for acorn-jsx@https://registry.npmjs.org/acorn-jsx/-/acorn-jsx-5.3.2.tgz. Extracting by manifest.
774 silly tarball no local data for agent-base@https://registry.npmjs.org/agent-base/-/agent-base-6.0.2.tgz. Extracting by manifest.
775 silly tarball no local data for acorn-import-assertions@https://registry.npmjs.org/acorn-import-assertions/-/acorn-import-assertions-1.9.0.tgz. Extracting by manifest.
776 silly tarball no local data for acorn@https://registry.npmjs.org/acorn/-/acorn-8.11.3.tgz. Extracting by manifest.
777 silly tarball no local data for abstract-logging@https://registry.npmjs.org/abstract-logging/-/abstract-logging-2.0.1.tgz. Extracting by manifest.
778 silly tarball no local data for abort-controller@https://registry.npmjs.org/abort-controller/-/abort-controller-3.0.0.tgz. Extracting by manifest.
779 silly tarball no local data for abbrev@https://registry.npmjs.org/abbrev/-/abbrev-1.1.1.tgz. Extracting by manifest.
780 silly tarball no local data for @xtuc/long@https://registry.npmjs.org/@xtuc/long/-/long-4.2.2.tgz. Extracting by manifest.
781 silly tarball no local data for @xtuc/ieee754@https://registry.npmjs.org/@xtuc/ieee754/-/ieee754-1.2.0.tgz. Extracting by manifest.
782 silly tarball no local data for @webpack-cli/serve@https://registry.npmjs.org/@webpack-cli/serve/-/serve-2.0.5.tgz. Extracting by manifest.
783 silly tarball no local data for @webpack-cli/configtest@https://registry.npmjs.org/@webpack-cli/configtest/-/configtest-2.1.1.tgz. Extracting by manifest.
784 silly tarball no local data for @webpack-cli/info@https://registry.npmjs.org/@webpack-cli/info/-/info-2.0.2.tgz. Extracting by manifest.
785 silly tarball no local data for @webassemblyjs/wast-printer@https://registry.npmjs.org/@webassemblyjs/wast-printer/-/wast-printer-1.12.1.tgz. Extracting by manifest.
786 silly tarball no local data for @webassemblyjs/wasm-parser@https://registry.npmjs.org/@webassemblyjs/wasm-parser/-/wasm-parser-1.12.1.tgz. Extracting by manifest.
787 silly tarball no local data for @webassemblyjs/wasm-edit@https://registry.npmjs.org/@webassemblyjs/wasm-edit/-/wasm-edit-1.12.1.tgz. Extracting by manifest.
788 silly tarball no local data for @webassemblyjs/wasm-opt@https://registry.npmjs.org/@webassemblyjs/wasm-opt/-/wasm-opt-1.12.1.tgz. Extracting by manifest.
789 silly tarball no local data for @webassemblyjs/wasm-gen@https://registry.npmjs.org/@webassemblyjs/wasm-gen/-/wasm-gen-1.12.1.tgz. Extracting by manifest.
790 silly tarball no local data for @webassemblyjs/utf8@https://registry.npmjs.org/@webassemblyjs/utf8/-/utf8-1.11.6.tgz. Extracting by manifest.
791 silly tarball no local data for @webassemblyjs/leb128@https://registry.npmjs.org/@webassemblyjs/leb128/-/leb128-1.11.6.tgz. Extracting by manifest.
792 silly tarball no local data for @webassemblyjs/ieee754@https://registry.npmjs.org/@webassemblyjs/ieee754/-/ieee754-1.11.6.tgz. Extracting by manifest.
793 silly tarball no local data for @webassemblyjs/helper-wasm-section@https://registry.npmjs.org/@webassemblyjs/helper-wasm-section/-/helper-wasm-section-1.12.1.tgz. Extracting by manifest.
794 silly tarball no local data for @webassemblyjs/helper-wasm-bytecode@https://registry.npmjs.org/@webassemblyjs/helper-wasm-bytecode/-/helper-wasm-bytecode-1.11.6.tgz. Extracting by manifest.
795 silly tarball no local data for @webassemblyjs/helper-numbers@https://registry.npmjs.org/@webassemblyjs/helper-numbers/-/helper-numbers-1.11.6.tgz. Extracting by manifest.
796 silly tarball no local data for @webassemblyjs/helper-buffer@https://registry.npmjs.org/@webassemblyjs/helper-buffer/-/helper-buffer-1.12.1.tgz. Extracting by manifest.
797 silly tarball no local data for @webassemblyjs/helper-api-error@https://registry.npmjs.org/@webassemblyjs/helper-api-error/-/helper-api-error-1.11.6.tgz. Extracting by manifest.
798 silly tarball no local data for @webassemblyjs/floating-point-hex-parser@https://registry.npmjs.org/@webassemblyjs/floating-point-hex-parser/-/floating-point-hex-parser-1.11.6.tgz. Extracting by manifest.
799 silly tarball no local data for @webassemblyjs/ast@https://registry.npmjs.org/@webassemblyjs/ast/-/ast-1.12.1.tgz. Extracting by manifest.
800 silly tarball no local data for @vscode/sqlite3@https://registry.npmjs.org/@vscode/sqlite3/-/sqlite3-5.1.2.tgz. Extracting by manifest.
801 silly tarball no local data for @ungap/structured-clone@https://registry.npmjs.org/@ungap/structured-clone/-/structured-clone-1.2.0.tgz. Extracting by manifest.
802 silly tarball no local data for @types/yargs-parser@https://registry.npmjs.org/@types/yargs-parser/-/yargs-parser-21.0.3.tgz. Extracting by manifest.
803 silly tarball no local data for @types/validator@https://registry.npmjs.org/@types/validator/-/validator-13.11.9.tgz. Extracting by manifest.
804 silly tarball no local data for @types/yargs@https://registry.npmjs.org/@types/yargs/-/yargs-17.0.32.tgz. Extracting by manifest.
805 silly tarball no local data for @types/stack-utils@https://registry.npmjs.org/@types/stack-utils/-/stack-utils-2.0.3.tgz. Extracting by manifest.
806 silly tarball no local data for @types/stack-trace@https://registry.npmjs.org/@types/stack-trace/-/stack-trace-0.0.29.tgz. Extracting by manifest.
807 silly tarball no local data for @types/semver-utils@https://registry.npmjs.org/@types/semver-utils/-/semver-utils-1.1.3.tgz. Extracting by manifest.
808 silly tarball no local data for @types/responselike@https://registry.npmjs.org/@types/responselike/-/responselike-1.0.0.tgz. Extracting by manifest.
809 silly tarball no local data for @types/ms@https://registry.npmjs.org/@types/ms/-/ms-0.7.34.tgz. Extracting by manifest.
810 silly tarball no local data for @types/node@https://registry.npmjs.org/@types/node/-/node-20.12.7.tgz. Extracting by manifest.
811 silly tarball no local data for @types/keyv@https://registry.npmjs.org/@types/keyv/-/keyv-3.1.4.tgz. Extracting by manifest.
812 silly tarball no local data for @types/json5@https://registry.npmjs.org/@types/json5/-/json5-0.0.29.tgz. Extracting by manifest.
813 silly tarball no local data for @types/json-schema@https://registry.npmjs.org/@types/json-schema/-/json-schema-7.0.11.tgz. Extracting by manifest.
814 silly tarball no local data for @types/jest@https://registry.npmjs.org/@types/jest/-/jest-29.5.12.tgz. Extracting by manifest.
815 silly tarball no local data for @types/istanbul-reports@https://registry.npmjs.org/@types/istanbul-reports/-/istanbul-reports-3.0.4.tgz. Extracting by manifest.
816 silly tarball no local data for @types/istanbul-lib-report@https://registry.npmjs.org/@types/istanbul-lib-report/-/istanbul-lib-report-3.0.3.tgz. Extracting by manifest.
817 silly tarball no local data for @types/istanbul-lib-coverage@https://registry.npmjs.org/@types/istanbul-lib-coverage/-/istanbul-lib-coverage-2.0.6.tgz. Extracting by manifest.
818 silly tarball no local data for @types/http-cache-semantics@https://registry.npmjs.org/@types/http-cache-semantics/-/http-cache-semantics-4.0.1.tgz. Extracting by manifest.
819 silly tarball no local data for @types/graceful-fs@https://registry.npmjs.org/@types/graceful-fs/-/graceful-fs-4.1.9.tgz. Extracting by manifest.
820 silly tarball no local data for @types/estree@https://registry.npmjs.org/@types/estree/-/estree-1.0.5.tgz. Extracting by manifest.
821 silly tarball no local data for @types/eslint-scope@https://registry.npmjs.org/@types/eslint-scope/-/eslint-scope-3.7.4.tgz. Extracting by manifest.
822 silly tarball no local data for @types/eslint@https://registry.npmjs.org/@types/eslint/-/eslint-8.4.6.tgz. Extracting by manifest.
823 silly tarball no local data for @types/debug@https://registry.npmjs.org/@types/debug/-/debug-4.1.12.tgz. Extracting by manifest.
824 silly tarball no local data for @types/cacheable-request@https://registry.npmjs.org/@types/cacheable-request/-/cacheable-request-6.0.2.tgz. Extracting by manifest.
825 silly tarball no local data for @types/babel__traverse@https://registry.npmjs.org/@types/babel__traverse/-/babel__traverse-7.20.5.tgz. Extracting by manifest.
826 silly tarball no local data for @types/babel__template@https://registry.npmjs.org/@types/babel__template/-/babel__template-7.4.4.tgz. Extracting by manifest.
827 silly tarball no local data for @types/babel__generator@https://registry.npmjs.org/@types/babel__generator/-/babel__generator-7.6.8.tgz. Extracting by manifest.
828 silly tarball no local data for @types/babel__core@https://registry.npmjs.org/@types/babel__core/-/babel__core-7.20.5.tgz. Extracting by manifest.
829 silly tarball no local data for @tufjs/models@https://registry.npmjs.org/@tufjs/models/-/models-1.0.4.tgz. Extracting by manifest.
830 silly tarball no local data for @tufjs/canonical-json@https://registry.npmjs.org/@tufjs/canonical-json/-/canonical-json-1.0.0.tgz. Extracting by manifest.
831 silly tarball no local data for @tootallnate/once@https://registry.npmjs.org/@tootallnate/once/-/once-2.0.0.tgz. Extracting by manifest.
832 silly tarball no local data for @szmarczak/http-timer@https://registry.npmjs.org/@szmarczak/http-timer/-/http-timer-5.0.1.tgz. Extracting by manifest.
833 silly tarball no local data for @sinonjs/fake-timers@https://registry.npmjs.org/@sinonjs/fake-timers/-/fake-timers-10.3.0.tgz. Extracting by manifest.
834 silly tarball no local data for @sinonjs/commons@https://registry.npmjs.org/@sinonjs/commons/-/commons-3.0.1.tgz. Extracting by manifest.
835 silly tarball no local data for @sindresorhus/is@https://registry.npmjs.org/@sindresorhus/is/-/is-5.3.0.tgz. Extracting by manifest.
836 silly tarball no local data for @sinclair/typebox@https://registry.npmjs.org/@sinclair/typebox/-/typebox-0.27.8.tgz. Extracting by manifest.
837 silly tarball no local data for @sigstore/sign@https://registry.npmjs.org/@sigstore/sign/-/sign-1.0.0.tgz. Extracting by manifest.
838 silly tarball no local data for @sigstore/bundle@https://registry.npmjs.org/@sigstore/bundle/-/bundle-1.1.0.tgz. Extracting by manifest.
839 silly tarball no local data for @sigstore/tuf@https://registry.npmjs.org/@sigstore/tuf/-/tuf-1.0.3.tgz. Extracting by manifest.
840 silly tarball no local data for @sigstore/protobuf-specs@https://registry.npmjs.org/@sigstore/protobuf-specs/-/protobuf-specs-0.2.1.tgz. Extracting by manifest.
841 silly tarball no local data for @rails/ujs@https://registry.npmjs.org/@rails/ujs/-/ujs-7.1.3-2.tgz. Extracting by manifest.
842 silly tarball no local data for @popperjs/core@https://registry.npmjs.org/@popperjs/core/-/core-2.11.8.tgz. Extracting by manifest.
843 silly tarball no local data for @pnpm/npm-conf@https://registry.npmjs.org/@pnpm/npm-conf/-/npm-conf-1.0.5.tgz. Extracting by manifest.
844 silly tarball no local data for @pnpm/network.ca-file@https://registry.npmjs.org/@pnpm/network.ca-file/-/network.ca-file-1.0.1.tgz. Extracting by manifest.
845 silly tarball no local data for @pkgjs/parseargs@https://registry.npmjs.org/@pkgjs/parseargs/-/parseargs-0.11.0.tgz. Extracting by manifest.
846 silly tarball no local data for @one-ini/wasm@https://registry.npmjs.org/@one-ini/wasm/-/wasm-0.1.1.tgz. Extracting by manifest.
847 silly tarball no local data for @npmcli/run-script@https://registry.npmjs.org/@npmcli/run-script/-/run-script-6.0.2.tgz. Extracting by manifest.
848 silly tarball no local data for @npmcli/promise-spawn@https://registry.npmjs.org/@npmcli/promise-spawn/-/promise-spawn-6.0.2.tgz. Extracting by manifest.
849 silly tarball no local data for @npmcli/node-gyp@https://registry.npmjs.org/@npmcli/node-gyp/-/node-gyp-3.0.0.tgz. Extracting by manifest.
850 silly tarball no local data for @npmcli/move-file@https://registry.npmjs.org/@npmcli/move-file/-/move-file-2.0.1.tgz. Extracting by manifest.
851 silly tarball no local data for @npmcli/installed-package-contents@https://registry.npmjs.org/@npmcli/installed-package-contents/-/installed-package-contents-2.0.2.tgz. Extracting by manifest.
852 silly tarball no local data for @npmcli/git@https://registry.npmjs.org/@npmcli/git/-/git-4.1.0.tgz. Extracting by manifest.
853 silly tarball no local data for @npmcli/fs@https://registry.npmjs.org/@npmcli/fs/-/fs-3.1.0.tgz. Extracting by manifest.
854 silly tarball no local data for @nodelib/fs.walk@https://registry.npmjs.org/@nodelib/fs.walk/-/fs.walk-1.2.8.tgz. Extracting by manifest.
855 silly tarball no local data for @nodelib/fs.stat@https://registry.npmjs.org/@nodelib/fs.stat/-/fs.stat-2.0.5.tgz. Extracting by manifest.
856 silly tarball no local data for @nodelib/fs.scandir@https://registry.npmjs.org/@nodelib/fs.scandir/-/fs.scandir-2.1.5.tgz. Extracting by manifest.
857 silly tarball no local data for @lukeed/ms@https://registry.npmjs.org/@lukeed/ms/-/ms-2.0.2.tgz. Extracting by manifest.
858 silly tarball no local data for @jridgewell/trace-mapping@https://registry.npmjs.org/@jridgewell/trace-mapping/-/trace-mapping-0.3.25.tgz. Extracting by manifest.
859 silly tarball no local data for @jridgewell/sourcemap-codec@https://registry.npmjs.org/@jridgewell/sourcemap-codec/-/sourcemap-codec-1.4.15.tgz. Extracting by manifest.
860 silly tarball no local data for @jridgewell/source-map@https://registry.npmjs.org/@jridgewell/source-map/-/source-map-0.3.6.tgz. Extracting by manifest.
861 silly tarball no local data for @jridgewell/set-array@https://registry.npmjs.org/@jridgewell/set-array/-/set-array-1.2.1.tgz. Extracting by manifest.
862 silly tarball no local data for @jridgewell/resolve-uri@https://registry.npmjs.org/@jridgewell/resolve-uri/-/resolve-uri-3.1.2.tgz. Extracting by manifest.
863 silly tarball no local data for @jridgewell/gen-mapping@https://registry.npmjs.org/@jridgewell/gen-mapping/-/gen-mapping-0.3.5.tgz. Extracting by manifest.
864 silly tarball no local data for @jest/types@https://registry.npmjs.org/@jest/types/-/types-29.6.3.tgz. Extracting by manifest.
865 silly tarball no local data for @jest/test-sequencer@https://registry.npmjs.org/@jest/test-sequencer/-/test-sequencer-29.7.0.tgz. Extracting by manifest.
866 silly tarball no local data for @jest/transform@https://registry.npmjs.org/@jest/transform/-/transform-29.7.0.tgz. Extracting by manifest.
867 silly tarball no local data for @jest/test-result@https://registry.npmjs.org/@jest/test-result/-/test-result-29.7.0.tgz. Extracting by manifest.
868 silly tarball no local data for @jest/source-map@https://registry.npmjs.org/@jest/source-map/-/source-map-29.6.3.tgz. Extracting by manifest.
869 silly tarball no local data for @jest/schemas@https://registry.npmjs.org/@jest/schemas/-/schemas-29.6.3.tgz. Extracting by manifest.
870 silly tarball no local data for @jest/reporters@https://registry.npmjs.org/@jest/reporters/-/reporters-29.7.0.tgz. Extracting by manifest.
871 silly tarball no local data for @jest/globals@https://registry.npmjs.org/@jest/globals/-/globals-29.7.0.tgz. Extracting by manifest.
872 silly tarball no local data for @jest/fake-timers@https://registry.npmjs.org/@jest/fake-timers/-/fake-timers-29.7.0.tgz. Extracting by manifest.
873 silly tarball no local data for @jest/expect-utils@https://registry.npmjs.org/@jest/expect-utils/-/expect-utils-29.7.0.tgz. Extracting by manifest.
874 silly tarball no local data for @jest/expect@https://registry.npmjs.org/@jest/expect/-/expect-29.7.0.tgz. Extracting by manifest.
875 silly tarball no local data for @jest/environment@https://registry.npmjs.org/@jest/environment/-/environment-29.7.0.tgz. Extracting by manifest.
876 silly tarball no local data for @jest/core@https://registry.npmjs.org/@jest/core/-/core-29.7.0.tgz. Extracting by manifest.
877 silly tarball no local data for @jest/console@https://registry.npmjs.org/@jest/console/-/console-29.7.0.tgz. Extracting by manifest.
878 silly tarball no local data for @istanbuljs/schema@https://registry.npmjs.org/@istanbuljs/schema/-/schema-0.1.3.tgz. Extracting by manifest.
879 silly tarball no local data for @istanbuljs/load-nyc-config@https://registry.npmjs.org/@istanbuljs/load-nyc-config/-/load-nyc-config-1.1.0.tgz. Extracting by manifest.
880 silly tarball no local data for @isaacs/cliui@https://registry.npmjs.org/@isaacs/cliui/-/cliui-8.0.2.tgz. Extracting by manifest.
881 silly tarball no local data for @humanwhocodes/object-schema@https://registry.npmjs.org/@humanwhocodes/object-schema/-/object-schema-2.0.3.tgz. Extracting by manifest.
882 silly tarball no local data for @humanwhocodes/module-importer@https://registry.npmjs.org/@humanwhocodes/module-importer/-/module-importer-1.0.1.tgz. Extracting by manifest.
883 silly tarball no local data for @humanwhocodes/config-array@https://registry.npmjs.org/@humanwhocodes/config-array/-/config-array-0.11.14.tgz. Extracting by manifest.
884 silly tarball no local data for @gar/promisify@https://registry.npmjs.org/@gar/promisify/-/promisify-1.1.3.tgz. Extracting by manifest.
885 silly tarball no local data for @fastify/view@https://registry.npmjs.org/@fastify/view/-/view-9.0.0.tgz. Extracting by manifest.
886 silly tarball no local data for @fastify/static@https://registry.npmjs.org/@fastify/static/-/static-7.0.3.tgz. Extracting by manifest.
887 silly tarball no local data for @fastify/sensible@https://registry.npmjs.org/@fastify/sensible/-/sensible-5.5.0.tgz. Extracting by manifest.
888 silly tarball no local data for @fastify/send@https://registry.npmjs.org/@fastify/send/-/send-2.1.0.tgz. Extracting by manifest.
889 silly tarball no local data for @fastify/merge-json-schemas@https://registry.npmjs.org/@fastify/merge-json-schemas/-/merge-json-schemas-0.1.1.tgz. Extracting by manifest.
890 silly tarball no local data for @fastify/secure-session@https://registry.npmjs.org/@fastify/secure-session/-/secure-session-7.5.1.tgz. Extracting by manifest.
891 silly tarball no local data for @fastify/formbody@https://registry.npmjs.org/@fastify/formbody/-/formbody-7.4.0.tgz. Extracting by manifest.
892 silly tarball no local data for @fastify/flash@https://registry.npmjs.org/@fastify/flash/-/flash-5.1.0.tgz. Extracting by manifest.
893 silly tarball no local data for @fastify/fast-json-stringify-compiler@https://registry.npmjs.org/@fastify/fast-json-stringify-compiler/-/fast-json-stringify-compiler-4.3.0.tgz. Extracting by manifest.
894 silly tarball no local data for @fastify/error@https://registry.npmjs.org/@fastify/error/-/error-3.4.1.tgz. Extracting by manifest.
895 silly tarball no local data for @fastify/deepmerge@https://registry.npmjs.org/@fastify/deepmerge/-/deepmerge-1.3.0.tgz. Extracting by manifest.
896 silly tarball no local data for @fastify/ajv-compiler@https://registry.npmjs.org/@fastify/ajv-compiler/-/ajv-compiler-3.5.0.tgz. Extracting by manifest.
897 silly tarball no local data for @fastify/accept-negotiator@https://registry.npmjs.org/@fastify/accept-negotiator/-/accept-negotiator-1.0.0.tgz. Extracting by manifest.
898 silly tarball no local data for @fastify/cookie@https://registry.npmjs.org/@fastify/cookie/-/cookie-9.3.1.tgz. Extracting by manifest.
899 silly tarball no local data for @eslint/js@https://registry.npmjs.org/@eslint/js/-/js-9.1.1.tgz. Extracting by manifest.
900 silly tarball no local data for @eslint/eslintrc@https://registry.npmjs.org/@eslint/eslintrc/-/eslintrc-3.0.2.tgz. Extracting by manifest.
901 silly tarball no local data for @eslint-community/regexpp@https://registry.npmjs.org/@eslint-community/regexpp/-/regexpp-4.10.0.tgz. Extracting by manifest.
902 silly tarball no local data for @eslint-community/eslint-utils@https://registry.npmjs.org/@eslint-community/eslint-utils/-/eslint-utils-4.4.0.tgz. Extracting by manifest.
903 silly tarball no local data for @discoveryjs/json-ext@https://registry.npmjs.org/@discoveryjs/json-ext/-/json-ext-0.5.7.tgz. Extracting by manifest.
904 silly tarball no local data for @colors/colors@https://registry.npmjs.org/@colors/colors/-/colors-1.5.0.tgz. Extracting by manifest.
905 silly tarball no local data for @bcoe/v8-coverage@https://registry.npmjs.org/@bcoe/v8-coverage/-/v8-coverage-0.2.3.tgz. Extracting by manifest.
906 silly tarball no local data for @babel/types@https://registry.npmjs.org/@babel/types/-/types-7.24.0.tgz. Extracting by manifest.
907 silly tarball no local data for @babel/traverse@https://registry.npmjs.org/@babel/traverse/-/traverse-7.24.1.tgz. Extracting by manifest.
908 silly tarball no local data for @babel/template@https://registry.npmjs.org/@babel/template/-/template-7.24.0.tgz. Extracting by manifest.
909 silly tarball no local data for @babel/runtime@https://registry.npmjs.org/@babel/runtime/-/runtime-7.24.4.tgz. Extracting by manifest.
910 silly tarball no local data for @babel/plugin-syntax-typescript@https://registry.npmjs.org/@babel/plugin-syntax-typescript/-/plugin-syntax-typescript-7.24.1.tgz. Extracting by manifest.
911 silly tarball no local data for @babel/plugin-syntax-top-level-await@https://registry.npmjs.org/@babel/plugin-syntax-top-level-await/-/plugin-syntax-top-level-await-7.14.5.tgz. Extracting by manifest.
912 silly tarball no local data for @babel/plugin-syntax-optional-chaining@https://registry.npmjs.org/@babel/plugin-syntax-optional-chaining/-/plugin-syntax-optional-chaining-7.8.3.tgz. Extracting by manifest.
913 silly tarball no local data for @babel/plugin-syntax-optional-catch-binding@https://registry.npmjs.org/@babel/plugin-syntax-optional-catch-binding/-/plugin-syntax-optional-catch-binding-7.8.3.tgz. Extracting by manifest.
914 silly tarball no local data for @babel/plugin-syntax-object-rest-spread@https://registry.npmjs.org/@babel/plugin-syntax-object-rest-spread/-/plugin-syntax-object-rest-spread-7.8.3.tgz. Extracting by manifest.
915 silly tarball no local data for @babel/plugin-syntax-numeric-separator@https://registry.npmjs.org/@babel/plugin-syntax-numeric-separator/-/plugin-syntax-numeric-separator-7.10.4.tgz. Extracting by manifest.
916 silly tarball no local data for @babel/plugin-syntax-nullish-coalescing-operator@https://registry.npmjs.org/@babel/plugin-syntax-nullish-coalescing-operator/-/plugin-syntax-nullish-coalescing-operator-7.8.3.tgz. Extracting by manifest.
917 silly tarball no local data for @babel/plugin-syntax-logical-assignment-operators@https://registry.npmjs.org/@babel/plugin-syntax-logical-assignment-operators/-/plugin-syntax-logical-assignment-operators-7.10.4.tgz. Extracting by manifest.
918 silly tarball no local data for @babel/plugin-syntax-jsx@https://registry.npmjs.org/@babel/plugin-syntax-jsx/-/plugin-syntax-jsx-7.24.1.tgz. Extracting by manifest.
919 silly tarball no local data for @babel/plugin-syntax-json-strings@https://registry.npmjs.org/@babel/plugin-syntax-json-strings/-/plugin-syntax-json-strings-7.8.3.tgz. Extracting by manifest.
920 silly tarball no local data for @babel/plugin-syntax-import-meta@https://registry.npmjs.org/@babel/plugin-syntax-import-meta/-/plugin-syntax-import-meta-7.10.4.tgz. Extracting by manifest.
921 silly tarball no local data for @babel/plugin-syntax-class-properties@https://registry.npmjs.org/@babel/plugin-syntax-class-properties/-/plugin-syntax-class-properties-7.12.13.tgz. Extracting by manifest.
922 silly tarball no local data for @babel/plugin-syntax-bigint@https://registry.npmjs.org/@babel/plugin-syntax-bigint/-/plugin-syntax-bigint-7.8.3.tgz. Extracting by manifest.
923 silly tarball no local data for @babel/plugin-syntax-async-generators@https://registry.npmjs.org/@babel/plugin-syntax-async-generators/-/plugin-syntax-async-generators-7.8.4.tgz. Extracting by manifest.
924 silly tarball no local data for @babel/highlight@https://registry.npmjs.org/@babel/highlight/-/highlight-7.24.2.tgz. Extracting by manifest.
925 silly tarball no local data for @babel/parser@https://registry.npmjs.org/@babel/parser/-/parser-7.24.4.tgz. Extracting by manifest.
926 silly tarball no local data for @babel/helpers@https://registry.npmjs.org/@babel/helpers/-/helpers-7.24.4.tgz. Extracting by manifest.
927 silly tarball no local data for @babel/helper-validator-option@https://registry.npmjs.org/@babel/helper-validator-option/-/helper-validator-option-7.23.5.tgz. Extracting by manifest.
928 silly tarball no local data for @babel/helper-validator-identifier@https://registry.npmjs.org/@babel/helper-validator-identifier/-/helper-validator-identifier-7.22.20.tgz. Extracting by manifest.
929 silly tarball no local data for @babel/helper-string-parser@https://registry.npmjs.org/@babel/helper-string-parser/-/helper-string-parser-7.24.1.tgz. Extracting by manifest.
930 silly tarball no local data for @babel/helper-split-export-declaration@https://registry.npmjs.org/@babel/helper-split-export-declaration/-/helper-split-export-declaration-7.22.6.tgz. Extracting by manifest.
931 silly tarball no local data for @babel/helper-simple-access@https://registry.npmjs.org/@babel/helper-simple-access/-/helper-simple-access-7.22.5.tgz. Extracting by manifest.
932 silly tarball no local data for @babel/helper-plugin-utils@https://registry.npmjs.org/@babel/helper-plugin-utils/-/helper-plugin-utils-7.24.0.tgz. Extracting by manifest.
933 silly tarball no local data for @babel/helper-module-transforms@https://registry.npmjs.org/@babel/helper-module-transforms/-/helper-module-transforms-7.23.3.tgz. Extracting by manifest.
934 silly tarball no local data for @babel/helper-hoist-variables@https://registry.npmjs.org/@babel/helper-hoist-variables/-/helper-hoist-variables-7.22.5.tgz. Extracting by manifest.
935 silly tarball no local data for @babel/helper-function-name@https://registry.npmjs.org/@babel/helper-function-name/-/helper-function-name-7.23.0.tgz. Extracting by manifest.
936 silly tarball no local data for @babel/helper-module-imports@https://registry.npmjs.org/@babel/helper-module-imports/-/helper-module-imports-7.24.3.tgz. Extracting by manifest.
937 silly tarball no local data for @babel/helper-environment-visitor@https://registry.npmjs.org/@babel/helper-environment-visitor/-/helper-environment-visitor-7.22.20.tgz. Extracting by manifest.
938 silly tarball no local data for @babel/helper-compilation-targets@https://registry.npmjs.org/@babel/helper-compilation-targets/-/helper-compilation-targets-7.23.6.tgz. Extracting by manifest.
939 silly tarball no local data for @babel/generator@https://registry.npmjs.org/@babel/generator/-/generator-7.24.4.tgz. Extracting by manifest.
940 silly tarball no local data for @babel/core@https://registry.npmjs.org/@babel/core/-/core-7.24.4.tgz. Extracting by manifest.
941 silly tarball no local data for @babel/code-frame@https://registry.npmjs.org/@babel/code-frame/-/code-frame-7.24.2.tgz. Extracting by manifest.
942 silly tarball no local data for @babel/compat-data@https://registry.npmjs.org/@babel/compat-data/-/compat-data-7.24.4.tgz. Extracting by manifest.
943 silly tarball no local data for @ampproject/remapping@https://registry.npmjs.org/@ampproject/remapping/-/remapping-2.3.0.tgz. Extracting by manifest.
944 silly tarball no local data for @aashutoshrathi/word-wrap@https://registry.npmjs.org/@aashutoshrathi/word-wrap/-/word-wrap-1.2.6.tgz. Extracting by manifest.
945 silly tarball no local data for cookie@https://registry.npmjs.org/cookie/-/cookie-0.4.2.tgz. Extracting by manifest.
946 silly tarball no local data for string-width@https://registry.npmjs.org/string-width/-/string-width-5.1.2.tgz. Extracting by manifest.
947 silly tarball no local data for strip-ansi@https://registry.npmjs.org/strip-ansi/-/strip-ansi-7.0.1.tgz. Extracting by manifest.
948 silly tarball no local data for emoji-regex@https://registry.npmjs.org/emoji-regex/-/emoji-regex-9.2.2.tgz. Extracting by manifest.
949 silly tarball no local data for ansi-styles@https://registry.npmjs.org/ansi-styles/-/ansi-styles-6.1.0.tgz. Extracting by manifest.
950 silly tarball no local data for strip-ansi@https://registry.npmjs.org/strip-ansi/-/strip-ansi-7.0.1.tgz. Extracting by manifest.
951 silly tarball no local data for ansi-regex@https://registry.npmjs.org/ansi-regex/-/ansi-regex-6.0.1.tgz. Extracting by manifest.
952 silly tarball no local data for emoji-regex@https://registry.npmjs.org/emoji-regex/-/emoji-regex-9.2.2.tgz. Extracting by manifest.
953 silly tarball no local data for string-width@https://registry.npmjs.org/string-width/-/string-width-5.1.2.tgz. Extracting by manifest.
954 silly tarball no local data for ansi-regex@https://registry.npmjs.org/ansi-regex/-/ansi-regex-6.0.1.tgz. Extracting by manifest.
955 silly tarball no local data for interpret@https://registry.npmjs.org/interpret/-/interpret-3.1.1.tgz. Extracting by manifest.
956 silly tarball no local data for schema-utils@https://registry.npmjs.org/schema-utils/-/schema-utils-3.3.0.tgz. Extracting by manifest.
957 silly tarball no local data for estraverse@https://registry.npmjs.org/estraverse/-/estraverse-4.3.0.tgz. Extracting by manifest.
958 silly tarball no local data for eslint-scope@https://registry.npmjs.org/eslint-scope/-/eslint-scope-5.1.1.tgz. Extracting by manifest.
959 silly tarball no local data for graceful-fs@https://registry.npmjs.org/graceful-fs/-/graceful-fs-4.2.11.tgz. Extracting by manifest.
960 silly tarball no local data for chalk@https://registry.npmjs.org/chalk/-/chalk-5.0.1.tgz. Extracting by manifest.
961 silly tarball no local data for json5@https://registry.npmjs.org/json5/-/json5-1.0.2.tgz. Extracting by manifest.
962 silly tarball no local data for strip-bom@https://registry.npmjs.org/strip-bom/-/strip-bom-3.0.0.tgz. Extracting by manifest.
963 silly tarball no local data for glob@https://registry.npmjs.org/glob/-/glob-7.2.3.tgz. Extracting by manifest.
964 silly tarball no local data for jest-worker@https://registry.npmjs.org/jest-worker/-/jest-worker-27.5.1.tgz. Extracting by manifest.
965 silly tarball no local data for supports-color@https://registry.npmjs.org/supports-color/-/supports-color-8.1.1.tgz. Extracting by manifest.
966 silly tarball no local data for source-map-support@https://registry.npmjs.org/source-map-support/-/source-map-support-0.5.21.tgz. Extracting by manifest.
967 silly tarball no local data for chownr@https://registry.npmjs.org/chownr/-/chownr-1.1.4.tgz. Extracting by manifest.
968 silly tarball no local data for commander@https://registry.npmjs.org/commander/-/commander-2.20.3.tgz. Extracting by manifest.
969 silly tarball no local data for schema-utils@https://registry.npmjs.org/schema-utils/-/schema-utils-3.3.0.tgz. Extracting by manifest.
970 silly tarball no local data for escape-string-regexp@https://registry.npmjs.org/escape-string-regexp/-/escape-string-regexp-2.0.0.tgz. Extracting by manifest.
971 silly tarball no local data for minipass@https://registry.npmjs.org/minipass/-/minipass-7.0.4.tgz. Extracting by manifest.
972 silly tarball no local data for ssri@https://registry.npmjs.org/ssri/-/ssri-8.0.1.tgz. Extracting by manifest.
973 silly tarball no local data for socks-proxy-agent@https://registry.npmjs.org/socks-proxy-agent/-/socks-proxy-agent-6.2.1.tgz. Extracting by manifest.
974 silly tarball no local data for node-gyp@https://registry.npmjs.org/node-gyp/-/node-gyp-8.4.1.tgz. Extracting by manifest.
975 silly tarball no local data for node-addon-api@https://registry.npmjs.org/node-addon-api/-/node-addon-api-7.1.0.tgz. Extracting by manifest.
976 silly tarball no local data for minipass-fetch@https://registry.npmjs.org/minipass-fetch/-/minipass-fetch-1.4.1.tgz. Extracting by manifest.
977 silly tarball no local data for make-fetch-happen@https://registry.npmjs.org/make-fetch-happen/-/make-fetch-happen-9.1.0.tgz. Extracting by manifest.
978 silly tarball no local data for lru-cache@https://registry.npmjs.org/lru-cache/-/lru-cache-6.0.0.tgz. Extracting by manifest.
979 silly tarball no local data for http-proxy-agent@https://registry.npmjs.org/http-proxy-agent/-/http-proxy-agent-4.0.1.tgz. Extracting by manifest.
980 silly tarball no local data for glob@https://registry.npmjs.org/glob/-/glob-7.2.3.tgz. Extracting by manifest.
981 silly tarball no local data for cacache@https://registry.npmjs.org/cacache/-/cacache-15.3.0.tgz. Extracting by manifest.
982 silly tarball no local data for @tootallnate/once@https://registry.npmjs.org/@tootallnate/once/-/once-1.1.2.tgz. Extracting by manifest.
983 silly tarball no local data for @npmcli/move-file@https://registry.npmjs.org/@npmcli/move-file/-/move-file-1.1.2.tgz. Extracting by manifest.
984 silly tarball no local data for @npmcli/fs@https://registry.npmjs.org/@npmcli/fs/-/fs-1.1.1.tgz. Extracting by manifest.
985 silly tarball no local data for yargs-parser@https://registry.npmjs.org/yargs-parser/-/yargs-parser-20.2.9.tgz. Extracting by manifest.
986 silly tarball no local data for yargs@https://registry.npmjs.org/yargs/-/yargs-16.2.0.tgz. Extracting by manifest.
987 silly tarball no local data for cliui@https://registry.npmjs.org/cliui/-/cliui-7.0.4.tgz. Extracting by manifest.
988 silly tarball no local data for wrap-ansi@https://registry.npmjs.org/wrap-ansi/-/wrap-ansi-7.0.0.tgz. Extracting by manifest.
989 silly tarball no local data for lru-cache@https://registry.npmjs.org/lru-cache/-/lru-cache-6.0.0.tgz. Extracting by manifest.
990 silly tarball no local data for json-schema-traverse@https://registry.npmjs.org/json-schema-traverse/-/json-schema-traverse-1.0.0.tgz. Extracting by manifest.
991 silly tarball no local data for ajv-keywords@https://registry.npmjs.org/ajv-keywords/-/ajv-keywords-5.1.0.tgz. Extracting by manifest.
992 silly tarball no local data for ajv@https://registry.npmjs.org/ajv/-/ajv-8.11.0.tgz. Extracting by manifest.
993 silly tarball no local data for glob@https://registry.npmjs.org/glob/-/glob-7.2.3.tgz. Extracting by manifest.
994 silly tarball no local data for json-parse-even-better-errors@https://registry.npmjs.org/json-parse-even-better-errors/-/json-parse-even-better-errors-3.0.1.tgz. Extracting by manifest.
995 silly tarball no local data for lowercase-keys@https://registry.npmjs.org/lowercase-keys/-/lowercase-keys-2.0.0.tgz. Extracting by manifest.
996 silly tarball no local data for json-parse-even-better-errors@https://registry.npmjs.org/json-parse-even-better-errors/-/json-parse-even-better-errors-3.0.1.tgz. Extracting by manifest.
997 silly tarball no local data for strip-json-comments@https://registry.npmjs.org/strip-json-comments/-/strip-json-comments-2.0.1.tgz. Extracting by manifest.
998 silly tarball no local data for ini@https://registry.npmjs.org/ini/-/ini-1.3.8.tgz. Extracting by manifest.
999 silly tarball no local data for kleur@https://registry.npmjs.org/kleur/-/kleur-4.1.5.tgz. Extracting by manifest.
1000 silly tarball no local data for ansi-styles@https://registry.npmjs.org/ansi-styles/-/ansi-styles-5.2.0.tgz. Extracting by manifest.
1001 silly tarball no local data for path-exists@https://registry.npmjs.org/path-exists/-/path-exists-3.0.0.tgz. Extracting by manifest.
1002 silly tarball no local data for p-locate@https://registry.npmjs.org/p-locate/-/p-locate-3.0.0.tgz. Extracting by manifest.
1003 silly tarball no local data for p-limit@https://registry.npmjs.org/p-limit/-/p-limit-2.3.0.tgz. Extracting by manifest.
1004 silly tarball no local data for locate-path@https://registry.npmjs.org/locate-path/-/locate-path-3.0.0.tgz. Extracting by manifest.
1005 silly tarball no local data for find-up@https://registry.npmjs.org/find-up/-/find-up-3.0.0.tgz. Extracting by manifest.
1006 silly tarball no local data for p-locate@https://registry.npmjs.org/p-locate/-/p-locate-4.1.0.tgz. Extracting by manifest.
1007 silly tarball no local data for locate-path@https://registry.npmjs.org/locate-path/-/locate-path-5.0.0.tgz. Extracting by manifest.
1008 silly tarball no local data for p-limit@https://registry.npmjs.org/p-limit/-/p-limit-2.3.0.tgz. Extracting by manifest.
1009 silly tarball no local data for help-me@https://registry.npmjs.org/help-me/-/help-me-5.0.0.tgz. Extracting by manifest.
1010 silly tarball no local data for readable-stream@https://registry.npmjs.org/readable-stream/-/readable-stream-4.5.2.tgz. Extracting by manifest.
1011 silly tarball no local data for buffer@https://registry.npmjs.org/buffer/-/buffer-6.0.3.tgz. Extracting by manifest.
1012 silly tarball no local data for split2@https://registry.npmjs.org/split2/-/split2-4.2.0.tgz. Extracting by manifest.
1013 silly tarball no local data for find-up@https://registry.npmjs.org/find-up/-/find-up-4.1.0.tgz. Extracting by manifest.
1014 silly tarball no local data for readable-stream@https://registry.npmjs.org/readable-stream/-/readable-stream-4.5.2.tgz. Extracting by manifest.
1015 silly tarball no local data for buffer@https://registry.npmjs.org/buffer/-/buffer-6.0.3.tgz. Extracting by manifest.
1016 silly tarball no local data for split2@https://registry.npmjs.org/split2/-/split2-4.2.0.tgz. Extracting by manifest.
1017 silly tarball no local data for pg-connection-string@https://registry.npmjs.org/pg-connection-string/-/pg-connection-string-2.6.4.tgz. Extracting by manifest.
1018 silly tarball no local data for minipass@https://registry.npmjs.org/minipass/-/minipass-7.0.4.tgz. Extracting by manifest.
1019 silly tarball no local data for lru-cache@https://registry.npmjs.org/lru-cache/-/lru-cache-10.2.0.tgz. Extracting by manifest.
1020 silly tarball no local data for minipass@https://registry.npmjs.org/minipass/-/minipass-5.0.0.tgz. Extracting by manifest.
1021 silly tarball no local data for fs-minipass@https://registry.npmjs.org/fs-minipass/-/fs-minipass-3.0.3.tgz. Extracting by manifest.
1022 silly tarball no local data for minipass@https://registry.npmjs.org/minipass/-/minipass-7.0.4.tgz. Extracting by manifest.
1023 silly tarball no local data for json-schema-traverse@https://registry.npmjs.org/json-schema-traverse/-/json-schema-traverse-1.0.0.tgz. Extracting by manifest.
1024 silly tarball no local data for ajv@https://registry.npmjs.org/ajv/-/ajv-8.12.0.tgz. Extracting by manifest.
1025 silly tarball no local data for minipass@https://registry.npmjs.org/minipass/-/minipass-5.0.0.tgz. Extracting by manifest.
1026 silly tarball no local data for lru-cache@https://registry.npmjs.org/lru-cache/-/lru-cache-7.18.3.tgz. Extracting by manifest.
1027 silly tarball no local data for hosted-git-info@https://registry.npmjs.org/hosted-git-info/-/hosted-git-info-6.1.1.tgz. Extracting by manifest.
1028 silly tarball no local data for strip-json-comments@https://registry.npmjs.org/strip-json-comments/-/strip-json-comments-5.0.1.tgz. Extracting by manifest.
1029 silly tarball no local data for strip-ansi@https://registry.npmjs.org/strip-ansi/-/strip-ansi-7.1.0.tgz. Extracting by manifest.
1030 silly tarball no local data for source-map-support@https://registry.npmjs.org/source-map-support/-/source-map-support-0.5.21.tgz. Extracting by manifest.
1031 silly tarball no local data for rimraf@https://registry.npmjs.org/rimraf/-/rimraf-5.0.5.tgz. Extracting by manifest.
1032 silly tarball no local data for minimatch@https://registry.npmjs.org/minimatch/-/minimatch-9.0.4.tgz. Extracting by manifest.
1033 silly tarball no local data for ini@https://registry.npmjs.org/ini/-/ini-4.1.2.tgz. Extracting by manifest.
1034 silly tarball no local data for chalk@https://registry.npmjs.org/chalk/-/chalk-5.3.0.tgz. Extracting by manifest.
1035 silly tarball no local data for brace-expansion@https://registry.npmjs.org/brace-expansion/-/brace-expansion-2.0.1.tgz. Extracting by manifest.
1036 silly tarball no local data for ansi-regex@https://registry.npmjs.org/ansi-regex/-/ansi-regex-6.0.1.tgz. Extracting by manifest.
1037 silly tarball no local data for lru-cache@https://registry.npmjs.org/lru-cache/-/lru-cache-7.18.3.tgz. Extracting by manifest.
1038 silly tarball no local data for hosted-git-info@https://registry.npmjs.org/hosted-git-info/-/hosted-git-info-6.1.1.tgz. Extracting by manifest.
1039 silly tarball no local data for unique-slug@https://registry.npmjs.org/unique-slug/-/unique-slug-3.0.0.tgz. Extracting by manifest.
1040 silly tarball no local data for ssri@https://registry.npmjs.org/ssri/-/ssri-9.0.1.tgz. Extracting by manifest.
1041 silly tarball no local data for unique-filename@https://registry.npmjs.org/unique-filename/-/unique-filename-2.0.1.tgz. Extracting by manifest.
1042 silly tarball no local data for nopt@https://registry.npmjs.org/nopt/-/nopt-6.0.0.tgz. Extracting by manifest.
1043 silly tarball no local data for minipass-fetch@https://registry.npmjs.org/minipass-fetch/-/minipass-fetch-2.1.2.tgz. Extracting by manifest.
1044 silly tarball no local data for make-fetch-happen@https://registry.npmjs.org/make-fetch-happen/-/make-fetch-happen-10.2.1.tgz. Extracting by manifest.
1045 silly tarball no local data for lru-cache@https://registry.npmjs.org/lru-cache/-/lru-cache-7.18.3.tgz. Extracting by manifest.
1046 silly tarball no local data for glob@https://registry.npmjs.org/glob/-/glob-7.2.3.tgz. Extracting by manifest.
1047 silly tarball no local data for cacache@https://registry.npmjs.org/cacache/-/cacache-16.1.3.tgz. Extracting by manifest.
1048 silly tarball no local data for minimatch@https://registry.npmjs.org/minimatch/-/minimatch-5.1.6.tgz. Extracting by manifest.
1049 silly tarball no local data for glob@https://registry.npmjs.org/glob/-/glob-8.1.0.tgz. Extracting by manifest.
1050 silly tarball no local data for brace-expansion@https://registry.npmjs.org/brace-expansion/-/brace-expansion-2.0.1.tgz. Extracting by manifest.
1051 silly tarball no local data for @npmcli/fs@https://registry.npmjs.org/@npmcli/fs/-/fs-2.1.2.tgz. Extracting by manifest.
1052 silly tarball no local data for minipass@https://registry.npmjs.org/minipass/-/minipass-5.0.0.tgz. Extracting by manifest.
1053 silly tarball no local data for minipass@https://registry.npmjs.org/minipass/-/minipass-7.0.4.tgz. Extracting by manifest.
1054 silly tarball no local data for lru-cache@https://registry.npmjs.org/lru-cache/-/lru-cache-7.18.3.tgz. Extracting by manifest.
1055 silly tarball no local data for abbrev@https://registry.npmjs.org/abbrev/-/abbrev-2.0.0.tgz. Extracting by manifest.
1056 silly tarball no local data for nopt@https://registry.npmjs.org/nopt/-/nopt-7.2.0.tgz. Extracting by manifest.
1057 silly tarball no local data for supports-color@https://registry.npmjs.org/supports-color/-/supports-color-8.1.1.tgz. Extracting by manifest.
1058 silly tarball no local data for yallist@https://registry.npmjs.org/yallist/-/yallist-3.1.1.tgz. Extracting by manifest.
1059 silly tarball no local data for glob@https://registry.npmjs.org/glob/-/glob-7.2.3.tgz. Extracting by manifest.
1060 silly tarball no local data for glob@https://registry.npmjs.org/glob/-/glob-7.2.3.tgz. Extracting by manifest.
1061 silly tarball no local data for acorn@https://registry.npmjs.org/acorn/-/acorn-7.4.1.tgz. Extracting by manifest.
1062 silly tarball no local data for camelcase@https://registry.npmjs.org/camelcase/-/camelcase-6.3.0.tgz. Extracting by manifest.
1063 silly tarball no local data for resolve-from@https://registry.npmjs.org/resolve-from/-/resolve-from-4.0.0.tgz. Extracting by manifest.
1064 silly tarball no local data for minimatch@https://registry.npmjs.org/minimatch/-/minimatch-9.0.4.tgz. Extracting by manifest.
1065 silly tarball no local data for brace-expansion@https://registry.npmjs.org/brace-expansion/-/brace-expansion-2.0.1.tgz. Extracting by manifest.
1066 silly tarball no local data for lru-cache@https://registry.npmjs.org/lru-cache/-/lru-cache-7.18.3.tgz. Extracting by manifest.
1067 silly tarball no local data for minimatch@https://registry.npmjs.org/minimatch/-/minimatch-5.1.6.tgz. Extracting by manifest.
1068 silly tarball no local data for glob@https://registry.npmjs.org/glob/-/glob-8.1.0.tgz. Extracting by manifest.
1069 silly tarball no local data for brace-expansion@https://registry.npmjs.org/brace-expansion/-/brace-expansion-2.0.1.tgz. Extracting by manifest.
1070 silly tarball no local data for minimatch@https://registry.npmjs.org/minimatch/-/minimatch-9.0.4.tgz. Extracting by manifest.
1071 silly tarball no local data for brace-expansion@https://registry.npmjs.org/brace-expansion/-/brace-expansion-2.0.1.tgz. Extracting by manifest.
1072 silly tarball no local data for signal-exit@https://registry.npmjs.org/signal-exit/-/signal-exit-4.1.0.tgz. Extracting by manifest.
1073 silly tarball no local data for minipass@https://registry.npmjs.org/minipass/-/minipass-7.0.4.tgz. Extracting by manifest.
1074 silly tarball no local data for pg-connection-string@https://registry.npmjs.org/pg-connection-string/-/pg-connection-string-2.6.1.tgz. Extracting by manifest.
1075 silly tarball no local data for knex@https://registry.npmjs.org/knex/-/knex-2.5.1.tgz. Extracting by manifest.
1076 silly tarball no local data for fastify-plugin@https://registry.npmjs.org/fastify-plugin/-/fastify-plugin-4.5.1.tgz. Extracting by manifest.
1077 silly tarball no local data for fastify-plugin@https://registry.npmjs.org/fastify-plugin/-/fastify-plugin-4.5.1.tgz. Extracting by manifest.
1078 silly tarball no local data for fastify-plugin@https://registry.npmjs.org/fastify-plugin/-/fastify-plugin-2.3.4.tgz. Extracting by manifest.
1079 silly tarball no local data for readable-stream@https://registry.npmjs.org/readable-stream/-/readable-stream-4.5.2.tgz. Extracting by manifest.
1080 silly tarball no local data for pino-pretty@https://registry.npmjs.org/pino-pretty/-/pino-pretty-10.3.1.tgz. Extracting by manifest.
1081 silly tarball no local data for help-me@https://registry.npmjs.org/help-me/-/help-me-5.0.0.tgz. Extracting by manifest.
1082 silly tarball no local data for fastify-plugin@https://registry.npmjs.org/fastify-plugin/-/fastify-plugin-4.5.1.tgz. Extracting by manifest.
1083 silly tarball no local data for buffer@https://registry.npmjs.org/buffer/-/buffer-6.0.3.tgz. Extracting by manifest.
1084 silly tarball no local data for json-schema-traverse@https://registry.npmjs.org/json-schema-traverse/-/json-schema-traverse-1.0.0.tgz. Extracting by manifest.
1085 silly tarball no local data for ajv-formats@https://registry.npmjs.org/ajv-formats/-/ajv-formats-3.0.1.tgz. Extracting by manifest.
1086 silly tarball no local data for ajv@https://registry.npmjs.org/ajv/-/ajv-8.12.0.tgz. Extracting by manifest.
1087 silly tarball no local data for glob-parent@https://registry.npmjs.org/glob-parent/-/glob-parent-5.1.2.tgz. Extracting by manifest.
1088 silly tarball no local data for eslint-visitor-keys@https://registry.npmjs.org/eslint-visitor-keys/-/eslint-visitor-keys-4.0.0.tgz. Extracting by manifest.
1089 silly tarball no local data for semver@https://registry.npmjs.org/semver/-/semver-6.3.1.tgz. Extracting by manifest.
1090 silly tarball no local data for doctrine@https://registry.npmjs.org/doctrine/-/doctrine-2.1.0.tgz. Extracting by manifest.
1091 silly tarball no local data for debug@https://registry.npmjs.org/debug/-/debug-3.2.7.tgz. Extracting by manifest.
1092 silly tarball no local data for debug@https://registry.npmjs.org/debug/-/debug-3.2.7.tgz. Extracting by manifest.
1093 silly tarball no local data for debug@https://registry.npmjs.org/debug/-/debug-3.2.7.tgz. Extracting by manifest.
1094 silly tarball no local data for semver@https://registry.npmjs.org/semver/-/semver-6.3.1.tgz. Extracting by manifest.
1095 silly tarball no local data for globals@https://registry.npmjs.org/globals/-/globals-13.24.0.tgz. Extracting by manifest.
1096 silly tarball no local data for espree@https://registry.npmjs.org/espree/-/espree-9.6.1.tgz. Extracting by manifest.
1097 silly tarball no local data for escape-string-regexp@https://registry.npmjs.org/escape-string-regexp/-/escape-string-regexp-4.0.0.tgz. Extracting by manifest.
1098 silly tarball no local data for @eslint/eslintrc@https://registry.npmjs.org/@eslint/eslintrc/-/eslintrc-2.1.4.tgz. Extracting by manifest.
1099 silly tarball no local data for @eslint/js@https://registry.npmjs.org/@eslint/js/-/js-8.57.0.tgz. Extracting by manifest.
1100 silly tarball no local data for brace-expansion@https://registry.npmjs.org/brace-expansion/-/brace-expansion-2.0.1.tgz. Extracting by manifest.
1101 silly tarball no local data for minimatch@https://registry.npmjs.org/minimatch/-/minimatch-9.0.1.tgz. Extracting by manifest.
1102 silly tarball no local data for type-fest@https://registry.npmjs.org/type-fest/-/type-fest-1.4.0.tgz. Extracting by manifest.
1103 silly tarball no local data for ms@https://registry.npmjs.org/ms/-/ms-2.1.2.tgz. Extracting by manifest.
1104 silly tarball no local data for mimic-response@https://registry.npmjs.org/mimic-response/-/mimic-response-3.1.0.tgz. Extracting by manifest.
1105 silly tarball no local data for write-file-atomic@https://registry.npmjs.org/write-file-atomic/-/write-file-atomic-3.0.3.tgz. Extracting by manifest.
1106 silly tarball no local data for ini@https://registry.npmjs.org/ini/-/ini-1.3.8.tgz. Extracting by manifest.
1107 silly tarball no local data for supports-color@https://registry.npmjs.org/supports-color/-/supports-color-8.1.1.tgz. Extracting by manifest.
1108 silly tarball no local data for wrap-ansi@https://registry.npmjs.org/wrap-ansi/-/wrap-ansi-7.0.0.tgz. Extracting by manifest.
1109 silly tarball no local data for lowercase-keys@https://registry.npmjs.org/lowercase-keys/-/lowercase-keys-2.0.0.tgz. Extracting by manifest.
1110 silly tarball no local data for glob-parent@https://registry.npmjs.org/glob-parent/-/glob-parent-5.1.2.tgz. Extracting by manifest.
1111 silly tarball no local data for unique-slug@https://registry.npmjs.org/unique-slug/-/unique-slug-4.0.0.tgz. Extracting by manifest.
1112 silly tarball no local data for get-stream@https://registry.npmjs.org/get-stream/-/get-stream-5.2.0.tgz. Extracting by manifest.
1113 silly tarball no local data for unique-filename@https://registry.npmjs.org/unique-filename/-/unique-filename-3.0.0.tgz. Extracting by manifest.
1114 silly tarball no local data for minipass@https://registry.npmjs.org/minipass/-/minipass-7.0.4.tgz. Extracting by manifest.
1115 silly tarball no local data for lru-cache@https://registry.npmjs.org/lru-cache/-/lru-cache-7.18.3.tgz. Extracting by manifest.
1116 silly tarball no local data for fs-minipass@https://registry.npmjs.org/fs-minipass/-/fs-minipass-3.0.3.tgz. Extracting by manifest.
1117 silly tarball no local data for type-fest@https://registry.npmjs.org/type-fest/-/type-fest-2.19.0.tgz. Extracting by manifest.
1118 silly tarball no local data for strip-ansi@https://registry.npmjs.org/strip-ansi/-/strip-ansi-7.0.1.tgz. Extracting by manifest.
1119 silly tarball no local data for emoji-regex@https://registry.npmjs.org/emoji-regex/-/emoji-regex-9.2.2.tgz. Extracting by manifest.
1120 silly tarball no local data for string-width@https://registry.npmjs.org/string-width/-/string-width-5.1.2.tgz. Extracting by manifest.
1121 silly tarball no local data for chalk@https://registry.npmjs.org/chalk/-/chalk-5.0.1.tgz. Extracting by manifest.
1122 silly tarball no local data for camelcase@https://registry.npmjs.org/camelcase/-/camelcase-7.0.0.tgz. Extracting by manifest.
1123 silly tarball no local data for ansi-regex@https://registry.npmjs.org/ansi-regex/-/ansi-regex-6.0.1.tgz. Extracting by manifest.
1124 silly tarball no local data for semver@https://registry.npmjs.org/semver/-/semver-6.3.1.tgz. Extracting by manifest.
1125 silly tarball no local data for istanbul-lib-instrument@https://registry.npmjs.org/istanbul-lib-instrument/-/istanbul-lib-instrument-5.2.1.tgz. Extracting by manifest.
1126 silly tarball no local data for type-fest@https://registry.npmjs.org/type-fest/-/type-fest-0.21.3.tgz. Extracting by manifest.
1127 silly tarball no local data for ajv@https://registry.npmjs.org/ajv/-/ajv-8.11.0.tgz. Extracting by manifest.
1128 silly tarball no local data for json-schema-traverse@https://registry.npmjs.org/json-schema-traverse/-/json-schema-traverse-1.0.0.tgz. Extracting by manifest.
1129 silly tarball no local data for depd@https://registry.npmjs.org/depd/-/depd-1.1.2.tgz. Extracting by manifest.
1130 silly tarball no local data for minimatch@https://registry.npmjs.org/minimatch/-/minimatch-9.0.4.tgz. Extracting by manifest.
1131 silly tarball no local data for brace-expansion@https://registry.npmjs.org/brace-expansion/-/brace-expansion-2.0.1.tgz. Extracting by manifest.
1132 silly tarball no local data for which@https://registry.npmjs.org/which/-/which-3.0.1.tgz. Extracting by manifest.
1133 silly tarball no local data for which@https://registry.npmjs.org/which/-/which-3.0.1.tgz. Extracting by manifest.
1134 silly tarball no local data for lru-cache@https://registry.npmjs.org/lru-cache/-/lru-cache-7.18.3.tgz. Extracting by manifest.
1135 silly tarball no local data for glob@https://registry.npmjs.org/glob/-/glob-7.2.3.tgz. Extracting by manifest.
1136 silly tarball no local data for which@https://registry.npmjs.org/which/-/which-3.0.1.tgz. Extracting by manifest.
1137 silly tarball no local data for p-locate@https://registry.npmjs.org/p-locate/-/p-locate-4.1.0.tgz. Extracting by manifest.
1138 silly tarball no local data for locate-path@https://registry.npmjs.org/locate-path/-/locate-path-5.0.0.tgz. Extracting by manifest.
1139 silly tarball no local data for p-limit@https://registry.npmjs.org/p-limit/-/p-limit-2.3.0.tgz. Extracting by manifest.
1140 silly tarball no local data for js-yaml@https://registry.npmjs.org/js-yaml/-/js-yaml-3.14.1.tgz. Extracting by manifest.
1141 silly tarball no local data for argparse@https://registry.npmjs.org/argparse/-/argparse-1.0.10.tgz. Extracting by manifest.
1142 silly tarball no local data for find-up@https://registry.npmjs.org/find-up/-/find-up-4.1.0.tgz. Extracting by manifest.
1143 silly tarball no local data for strip-ansi@https://registry.npmjs.org/strip-ansi/-/strip-ansi-7.1.0.tgz. Extracting by manifest.
1144 silly tarball no local data for emoji-regex@https://registry.npmjs.org/emoji-regex/-/emoji-regex-9.2.2.tgz. Extracting by manifest.
1145 silly tarball no local data for ansi-regex@https://registry.npmjs.org/ansi-regex/-/ansi-regex-6.0.1.tgz. Extracting by manifest.
1146 silly tarball no local data for fastify-plugin@https://registry.npmjs.org/fastify-plugin/-/fastify-plugin-4.2.0.tgz. Extracting by manifest.
1147 silly tarball no local data for fastify-plugin@https://registry.npmjs.org/fastify-plugin/-/fastify-plugin-4.2.0.tgz. Extracting by manifest.
1148 silly tarball no local data for fastify-plugin@https://registry.npmjs.org/fastify-plugin/-/fastify-plugin-4.5.1.tgz. Extracting by manifest.
1149 silly tarball no local data for fastify-plugin@https://registry.npmjs.org/fastify-plugin/-/fastify-plugin-4.5.1.tgz. Extracting by manifest.
1150 silly tarball no local data for fastify-plugin@https://registry.npmjs.org/fastify-plugin/-/fastify-plugin-4.5.1.tgz. Extracting by manifest.
1151 silly tarball no local data for fastify-plugin@https://registry.npmjs.org/fastify-plugin/-/fastify-plugin-4.5.1.tgz. Extracting by manifest.
1152 silly tarball no local data for json-schema-traverse@https://registry.npmjs.org/json-schema-traverse/-/json-schema-traverse-1.0.0.tgz. Extracting by manifest.
1153 silly tarball no local data for fastify-plugin@https://registry.npmjs.org/fastify-plugin/-/fastify-plugin-4.5.1.tgz. Extracting by manifest.
1154 silly tarball no local data for ajv@https://registry.npmjs.org/ajv/-/ajv-8.12.0.tgz. Extracting by manifest.
1155 silly tarball no local data for globals@https://registry.npmjs.org/globals/-/globals-14.0.0.tgz. Extracting by manifest.
1156 silly tarball no local data for globals@https://registry.npmjs.org/globals/-/globals-11.12.0.tgz. Extracting by manifest.
1157 silly tarball no local data for supports-color@https://registry.npmjs.org/supports-color/-/supports-color-5.5.0.tgz. Extracting by manifest.
1158 silly tarball no local data for has-flag@https://registry.npmjs.org/has-flag/-/has-flag-3.0.0.tgz. Extracting by manifest.
1159 silly tarball no local data for color-name@https://registry.npmjs.org/color-name/-/color-name-1.1.3.tgz. Extracting by manifest.
1160 silly tarball no local data for chalk@https://registry.npmjs.org/chalk/-/chalk-2.4.2.tgz. Extracting by manifest.
1161 silly tarball no local data for ansi-styles@https://registry.npmjs.org/ansi-styles/-/ansi-styles-3.2.1.tgz. Extracting by manifest.
1162 silly tarball no local data for semver@https://registry.npmjs.org/semver/-/semver-6.3.1.tgz. Extracting by manifest.
1163 silly tarball no local data for color-convert@https://registry.npmjs.org/color-convert/-/color-convert-1.9.3.tgz. Extracting by manifest.
1164 silly tarball no local data for semver@https://registry.npmjs.org/semver/-/semver-6.3.1.tgz. Extracting by manifest.
1165 silly tarball no local data for string-width@https://registry.npmjs.org/string-width/-/string-width-5.1.2.tgz. Extracting by manifest.
1166 http fetch POST 200 https://registry.npmjs.org/-/npm/v1/security/advisories/bulk 6479ms
1167 timing auditReport:getReport Completed in 6501ms
1168 silly audit report {
1168 silly audit report   '@babel/helpers': [
1168 silly audit report     {
1168 silly audit report       id: 1104001,
1168 silly audit report       url: 'https://github.com/advisories/GHSA-968p-4wvh-cqc8',
1168 silly audit report       title: 'Babel has inefficient RegExp complexity in generated code with .replace when transpiling named capturing groups',
1168 silly audit report       severity: 'moderate',
1168 silly audit report       vulnerable_versions: '<7.26.10',
1168 silly audit report       cwe: [Array],
1168 silly audit report       cvss: [Object]
1168 silly audit report     }
1168 silly audit report   ],
1168 silly audit report   '@babel/runtime': [
1168 silly audit report     {
1168 silly audit report       id: 1104000,
1168 silly audit report       url: 'https://github.com/advisories/GHSA-968p-4wvh-cqc8',
1168 silly audit report       title: 'Babel has inefficient RegExp complexity in generated code with .replace when transpiling named capturing groups',
1168 silly audit report       severity: 'moderate',
1168 silly audit report       vulnerable_versions: '<7.26.10',
1168 silly audit report       cwe: [Array],
1168 silly audit report       cvss: [Object]
1168 silly audit report     }
1168 silly audit report   ],
1168 silly audit report   ajv: [
1168 silly audit report     {
1168 silly audit report       id: 1113714,
1168 silly audit report       url: 'https://github.com/advisories/GHSA-2g4f-4pwh-qvx6',
1168 silly audit report       title: 'ajv has ReDoS when using `$data` option',
1168 silly audit report       severity: 'moderate',
1168 silly audit report       vulnerable_versions: '<6.14.0',
1168 silly audit report       cwe: [Array],
1168 silly audit report       cvss: [Object]
1168 silly audit report     },
1168 silly audit report     {
1168 silly audit report       id: 1113715,
1168 silly audit report       url: 'https://github.com/advisories/GHSA-2g4f-4pwh-qvx6',
1168 silly audit report       title: 'ajv has ReDoS when using `$data` option',
1168 silly audit report       severity: 'moderate',
1168 silly audit report       vulnerable_versions: '>=7.0.0-alpha.0 <8.18.0',
1168 silly audit report       cwe: [Array],
1168 silly audit report       cvss: [Object]
1168 silly audit report     }
1168 silly audit report   ],
1168 silly audit report   'js-yaml': [
1168 silly audit report     {
1168 silly audit report       id: 1112714,
1168 silly audit report       url: 'https://github.com/advisories/GHSA-mh29-5h37-fv8m',
1168 silly audit report       title: 'js-yaml has prototype pollution in merge (<<)',
1168 silly audit report       severity: 'moderate',
1168 silly audit report       vulnerable_versions: '<3.14.2',
1168 silly audit report       cwe: [Array],
1168 silly audit report       cvss: [Object]
1168 silly audit report     },
1168 silly audit report     {
1168 silly audit report       id: 1112715,
1168 silly audit report       url: 'https://github.com/advisories/GHSA-mh29-5h37-fv8m',
1168 silly audit report       title: 'js-yaml has prototype pollution in merge (<<)',
1168 silly audit report       severity: 'moderate',
1168 silly audit report       vulnerable_versions: '>=4.0.0 <4.1.1',
1168 silly audit report       cwe: [Array],
1168 silly audit report       cvss: [Object]
1168 silly audit report     }
1168 silly audit report   ],
1168 silly audit report   glob: [
1168 silly audit report     {
1168 silly audit report       id: 1109842,
1168 silly audit report       url: 'https://github.com/advisories/GHSA-5j98-mcp5-4vw2',
1168 silly audit report       title: 'glob CLI: Command injection via -c/--cmd executes matches with shell:true',
1168 silly audit report       severity: 'high',
1168 silly audit report       vulnerable_versions: '>=10.2.0 <10.5.0',
1168 silly audit report       cwe: [Array],
1168 silly audit report       cvss: [Object]
1168 silly audit report     }
1168 silly audit report   ],
1168 silly audit report   '@tootallnate/once': [
1168 silly audit report     {
1168 silly audit report       id: 1113977,
1168 silly audit report       url: 'https://github.com/advisories/GHSA-vpq2-c234-7xj6',
1168 silly audit report       title: '@tootallnate/once vulnerable to Incorrect Control Flow Scoping',
1168 silly audit report       severity: 'low',
1168 silly audit report       vulnerable_versions: '<3.0.1',
1168 silly audit report       cwe: [Array],
1168 silly audit report       cvss: [Object]
1168 silly audit report     }
1168 silly audit report   ],
1168 silly audit report   'brace-expansion': [
1168 silly audit report     {
1168 silly audit report       id: 1105443,
1168 silly audit report       url: 'https://github.com/advisories/GHSA-v6h2-p8h4-qcjw',
1168 silly audit report       title: 'brace-expansion Regular Expression Denial of Service vulnerability',
1168 silly audit report       severity: 'low',
1168 silly audit report       vulnerable_versions: '>=1.0.0 <=1.1.11',
1168 silly audit report       cwe: [Array],
1168 silly audit report       cvss: [Object]
1168 silly audit report     },
1168 silly audit report     {
1168 silly audit report       id: 1105444,
1168 silly audit report       url: 'https://github.com/advisories/GHSA-v6h2-p8h4-qcjw',
1168 silly audit report       title: 'brace-expansion Regular Expression Denial of Service vulnerability',
1168 silly audit report       severity: 'low',
1168 silly audit report       vulnerable_versions: '>=2.0.0 <=2.0.1',
1168 silly audit report       cwe: [Array],
1168 silly audit report       cvss: [Object]
1168 silly audit report     },
1168 silly audit report     {
1168 silly audit report       id: 1115540,
1168 silly audit report       url: 'https://github.com/advisories/GHSA-f886-m6hf-6m8v',
1168 silly audit report       title: 'brace-expansion: Zero-step sequence causes process hang and memory exhaustion',
1168 silly audit report       severity: 'moderate',
1168 silly audit report       vulnerable_versions: '<1.1.13',
1168 silly audit report       cwe: [Array],
1168 silly audit report       cvss: [Object]
1168 silly audit report     },
1168 silly audit report     {
1168 silly audit report       id: 1115541,
1168 silly audit report       url: 'https://github.com/advisories/GHSA-f886-m6hf-6m8v',
1168 silly audit report       title: 'brace-expansion: Zero-step sequence causes process hang and memory exhaustion',
1168 silly audit report       severity: 'moderate',
1168 silly audit report       vulnerable_versions: '>=2.0.0 <2.0.3',
1168 silly audit report       cwe: [Array],
1168 silly audit report       cvss: [Object]
1168 silly audit report     }
1168 silly audit report   ],
1168 silly audit report   minimatch: [
1168 silly audit report     {
1168 silly audit report       id: 1113459,
1168 silly audit report       url: 'https://github.com/advisories/GHSA-3ppc-4f35-3m26',
1168 silly audit report       title: 'minimatch has a ReDoS via repeated wildcards with non-matching literal in pattern',
1168 silly audit report       severity: 'high',
1168 silly audit report       vulnerable_versions: '<3.1.3',
1168 silly audit report       cwe: [Array],
1168 silly audit report       cvss: [Object]
1168 silly audit report     },
1168 silly audit report     {
1168 silly audit report       id: 1113461,
1168 silly audit report       url: 'https://github.com/advisories/GHSA-3ppc-4f35-3m26',
1168 silly audit report       title: 'minimatch has a ReDoS via repeated wildcards with non-matching literal in pattern',
1168 silly audit report       severity: 'high',
1168 silly audit report       vulnerable_versions: '>=5.0.0 <5.1.7',
1168 silly audit report       cwe: [Array],
1168 silly audit report       cvss: [Object]
1168 silly audit report     },
1168 silly audit report     {
1168 silly audit report       id: 1113465,
1168 silly audit report       url: 'https://github.com/advisories/GHSA-3ppc-4f35-3m26',
1168 silly audit report       title: 'minimatch has a ReDoS via repeated wildcards with non-matching literal in pattern',
1168 silly audit report       severity: 'high',
1168 silly audit report       vulnerable_versions: '>=9.0.0 <9.0.6',
1168 silly audit report       cwe: [Array],
1168 silly audit report       cvss: [Object]
1168 silly audit report     },
1168 silly audit report     {
1168 silly audit report       id: 1113538,
1168 silly audit report       url: 'https://github.com/advisories/GHSA-7r86-cg39-jmmj',
1168 silly audit report       title: 'minimatch has ReDoS: matchOne() combinatorial backtracking via multiple non-adjacent GLOBSTAR segments',
1168 silly audit report       severity: 'high',
1168 silly audit report       vulnerable_versions: '<3.1.3',
1168 silly audit report       cwe: [Array],
1168 silly audit report       cvss: [Object]
1168 silly audit report     },
1168 silly audit report     {
1168 silly audit report       id: 1113540,
1168 silly audit report       url: 'https://github.com/advisories/GHSA-7r86-cg39-jmmj',
1168 silly audit report       title: 'minimatch has ReDoS: matchOne() combinatorial backtracking via multiple non-adjacent GLOBSTAR segments',
1168 silly audit report       severity: 'high',
1168 silly audit report       vulnerable_versions: '>=5.0.0 <5.1.8',
1168 silly audit report       cwe: [Array],
1168 silly audit report       cvss: [Object]
1168 silly audit report     },
1168 silly audit report     {
1168 silly audit report       id: 1113544,
1168 silly audit report       url: 'https://github.com/advisories/GHSA-7r86-cg39-jmmj',
1168 silly audit report       title: 'minimatch has ReDoS: matchOne() combinatorial backtracking via multiple non-adjacent GLOBSTAR segments',
1168 silly audit report       severity: 'high',
1168 silly audit report       vulnerable_versions: '>=9.0.0 <9.0.7',
1168 silly audit report       cwe: [Array],
1168 silly audit report       cvss: [Object]
1168 silly audit report     },
1168 silly audit report     {
1168 silly audit report       id: 1113546,
1168 silly audit report       url: 'https://github.com/advisories/GHSA-23c5-xmqv-rm74',
1168 silly audit report       title: 'minimatch ReDoS: nested *() extglobs generate catastrophically backtracking regular expressions',
1168 silly audit report       severity: 'high',
1168 silly audit report       vulnerable_versions: '<3.1.4',
1168 silly audit report       cwe: [Array],
1168 silly audit report       cvss: [Object]
1168 silly audit report     },
1168 silly audit report     {
1168 silly audit report       id: 1113548,
1168 silly audit report       url: 'https://github.com/advisories/GHSA-23c5-xmqv-rm74',
1168 silly audit report       title: 'minimatch ReDoS: nested *() extglobs generate catastrophically backtracking regular expressions',
1168 silly audit report       severity: 'high',
1168 silly audit report       vulnerable_versions: '>=5.0.0 <5.1.8',
1168 silly audit report       cwe: [Array],
1168 silly audit report       cvss: [Object]
1168 silly audit report     },
1168 silly audit report     {
1168 silly audit report       id: 1113552,
1168 silly audit report       url: 'https://github.com/advisories/GHSA-23c5-xmqv-rm74',
1168 silly audit report       title: 'minimatch ReDoS: nested *() extglobs generate catastrophically backtracking regular expressions',
1168 silly audit report       severity: 'high',
1168 silly audit report       vulnerable_versions: '>=9.0.0 <9.0.7',
1168 silly audit report       cwe: [Array],
1168 silly audit report       cvss: [Object]
1168 silly audit report     }
1168 silly audit report   ],
1168 silly audit report   braces: [
1168 silly audit report     {
1168 silly audit report       id: 1098094,
1168 silly audit report       url: 'https://github.com/advisories/GHSA-grv7-fg5c-xmjg',
1168 silly audit report       title: 'Uncontrolled resource consumption in braces',
1168 silly audit report       severity: 'high',
1168 silly audit report       vulnerable_versions: '<3.0.3',
1168 silly audit report       cwe: [Array],
1168 silly audit report       cvss: [Object]
1168 silly audit report     }
1168 silly audit report   ],
1168 silly audit report   cookie: [
1168 silly audit report     {
1168 silly audit report       id: 1103907,
1168 silly audit report       url: 'https://github.com/advisories/GHSA-pxg6-pf52-xh8x',
1168 silly audit report       title: 'cookie accepts cookie name, path, and domain with out of bounds characters',
1168 silly audit report       severity: 'low',
1168 silly audit report       vulnerable_versions: '<0.7.0',
1168 silly audit report       cwe: [Array],
1168 silly audit report       cvss: [Object]
1168 silly audit report     }
1168 silly audit report   ],
1168 silly audit report   'cross-spawn': [
1168 silly audit report     {
1168 silly audit report       id: 1104664,
1168 silly audit report       url: 'https://github.com/advisories/GHSA-3xgq-45jj-v275',
1168 silly audit report       title: 'Regular Expression Denial of Service (ReDoS) in cross-spawn',
1168 silly audit report       severity: 'high',
1168 silly audit report       vulnerable_versions: '>=7.0.0 <7.0.5',
1168 silly audit report       cwe: [Array],
1168 silly audit report       cvss: [Object]
1168 silly audit report     }
1168 silly audit report   ],
1168 silly audit report   dottie: [
1168 silly audit report     {
1168 silly audit report       id: 1113536,
1168 silly audit report       url: 'https://github.com/advisories/GHSA-r5mx-6wc6-7h9w',
1168 silly audit report       title: 'dottie is vulnerable to Prototype Pollution bypass via non-first path segments in set() and transform()',
1168 silly audit report       severity: 'moderate',
1168 silly audit report       vulnerable_versions: '>=2.0.4 <=2.0.6',
1168 silly audit report       cwe: [Array],
1168 silly audit report       cvss: [Object]
1168 silly audit report     }
1168 silly audit report   ],
1168 silly audit report   'fast-uri': [
1168 silly audit report     {
1168 silly audit report       id: 1117884,
1168 silly audit report       url: 'https://github.com/advisories/GHSA-v39h-62p7-jpjc',
1168 silly audit report       title: 'fast-uri vulnerable to host confusion via percent-encoded authority delimiters',
1168 silly audit report       severity: 'high',
1168 silly audit report       vulnerable_versions: '<=3.1.1',
1168 silly audit report       cwe: [Array],
1168 silly audit report       cvss: [Object]
1168 silly audit report     },
1168 silly audit report     {
1168 silly audit report       id: 1117870,
1168 silly audit report       url: 'https://github.com/advisories/GHSA-q3j6-qgpj-74h6',
1168 silly audit report       title: 'fast-uri vulnerable to path traversal via percent-encoded dot segments',
1168 silly audit report       severity: 'high',
1168 silly audit report       vulnerable_versions: '<=3.1.0',
1168 silly audit report       cwe: [Array],
1168 silly audit report       cvss: [Object]
1168 silly audit report     }
1168 silly audit report   ],
1168 silly audit report   fastify: [
1168 silly audit report     {
1168 silly audit report       id: 1112876,
1168 silly audit report       url: 'https://github.com/advisories/GHSA-mrq3-vjjr-p77c',
1168 silly audit report       title: 'Fastify Vulnerable to DoS via Unbounded Memory Allocation in sendWebStream',
1168 silly audit report       severity: 'low',
1168 silly audit report       vulnerable_versions: '<=5.7.2',
1168 silly audit report       cwe: [Array],
1168 silly audit report       cvss: [Object]
1168 silly audit report     },
1168 silly audit report     {
1168 silly audit report       id: 1112877,
1168 silly audit report       url: 'https://github.com/advisories/GHSA-jx2c-rxcm-jvmq',
1168 silly audit report       title: "Fastify's Content-Type header tab character allows body validation bypass",
1168 silly audit report       severity: 'high',
1168 silly audit report       vulnerable_versions: '<5.7.2',
1168 silly audit report       cwe: [Array],
1168 silly audit report       cvss: [Object]
1168 silly audit report     },
1168 silly audit report     {
1168 silly audit report       id: 1115367,
1168 silly audit report       url: 'https://github.com/advisories/GHSA-444r-cwp2-x5xf',
1168 silly audit report       title: 'fastify: request.protocol and request.host Spoofable via X-Forwarded-Proto/Host from Untrusted Connections',
1168 silly audit report       severity: 'moderate',
1168 silly audit report       vulnerable_versions: '<=5.8.2',
1168 silly audit report       cwe: [Array],
1168 silly audit report       cvss: [Object]
1168 silly audit report     }
1168 silly audit report   ],
1168 silly audit report   'find-my-way': [
1168 silly audit report     {
1168 silly audit report       id: 1099853,
1168 silly audit report       url: 'https://github.com/advisories/GHSA-rrr8-f88r-h8q6',
1168 silly audit report       title: 'find-my-way has a ReDoS vulnerability in multiparametric routes',
1168 silly audit report       severity: 'high',
1168 silly audit report       vulnerable_versions: '>=5.5.0 <8.2.2',
1168 silly audit report       cwe: [Array],
1168 silly audit report       cvss: [Object]
1168 silly audit report     }
1168 silly audit report   ],
1168 silly audit report   flatted: [
1168 silly audit report     {
1168 silly audit report       id: 1114526,
1168 silly audit report       url: 'https://github.com/advisories/GHSA-25h7-pfq9-p65f',
1168 silly audit report       title: 'flatted vulnerable to unbounded recursion DoS in parse() revive phase',
1168 silly audit report       severity: 'high',
1168 silly audit report       vulnerable_versions: '<3.4.0',
1168 silly audit report       cwe: [Array],
1168 silly audit report       cvss: [Object]
1168 silly audit report     },
1168 silly audit report     {
1168 silly audit report       id: 1115357,
1168 silly audit report       url: 'https://github.com/advisories/GHSA-rf6f-7fwh-wjgh',
1168 silly audit report       title: 'Prototype Pollution via parse() in NodeJS flatted',
1168 silly audit report       severity: 'high',
1168 silly audit report       vulnerable_versions: '<=3.4.1',
1168 silly audit report       cwe: [Array],
1168 silly audit report       cvss: [Object]
1168 silly audit report     }
1168 silly audit report   ],
1168 silly audit report   ip: [
1168 silly audit report     {
1168 silly audit report       id: 1101851,
1168 silly audit report       url: 'https://github.com/advisories/GHSA-2p57-rm9w-gvfp',
1168 silly audit report       title: 'ip SSRF improper categorization in isPublic',
1168 silly audit report       severity: 'high',
1168 silly audit report       vulnerable_versions: '<=2.0.1',
1168 silly audit report       cwe: [Array],
1168 silly audit report       cvss: [Object]
1168 silly audit report     },
1168 silly audit report     {
1168 silly audit report       id: 1114832,
1168 silly audit report       url: 'https://github.com/advisories/GHSA-78xj-cgh5-2h22',
1168 silly audit report       title: 'NPM IP package incorrectly identifies some private IP addresses as public',
1168 silly audit report       severity: 'low',
1168 silly audit report       vulnerable_versions: '=2.0.0',
1168 silly audit report       cwe: [Array],
1168 silly audit report       cvss: [Object]
1168 silly audit report     }
1168 silly audit report   ],
1168 silly audit report   lodash: [
1168 silly audit report     {
1168 silly audit report       id: 1112455,
1168 silly audit report       url: 'https://github.com/advisories/GHSA-xxjr-mmjv-4gpg',
1168 silly audit report       title: 'Lodash has Prototype Pollution Vulnerability in `_.unset` and `_.omit` functions',
1168 silly audit report       severity: 'moderate',
1168 silly audit report       vulnerable_versions: '>=4.0.0 <=4.17.22',
1168 silly audit report       cwe: [Array],
1168 silly audit report       cvss: [Object]
1168 silly audit report     },
1168 silly audit report     {
1168 silly audit report       id: 1115806,
1168 silly audit report       url: 'https://github.com/advisories/GHSA-r5fr-rjxr-66jc',
1168 silly audit report       title: 'lodash vulnerable to Code Injection via `_.template` imports key names',
1168 silly audit report       severity: 'high',
1168 silly audit report       vulnerable_versions: '>=4.0.0 <=4.17.23',
1168 silly audit report       cwe: [Array],
1168 silly audit report       cvss: [Object]
1168 silly audit report     },
1168 silly audit report     {
1168 silly audit report       id: 1115810,
1168 silly audit report       url: 'https://github.com/advisories/GHSA-f23m-r3pf-42rh',
1168 silly audit report       title: 'lodash vulnerable to Prototype Pollution via array path bypass in `_.unset` and `_.omit`',
1168 silly audit report       severity: 'moderate',
1168 silly audit report       vulnerable_versions: '<=4.17.23',
1168 silly audit report       cwe: [Array],
1168 silly audit report       cvss: [Object]
1168 silly audit report     }
1168 silly audit report   ],
1168 silly audit report   'markdown-it': [
1168 silly audit report     {
1168 silly audit report       id: 1113190,
1168 silly audit report       url: 'https://github.com/advisories/GHSA-38c4-r59v-3vqw',
1168 silly audit report       title: 'markdown-it is has a Regular Expression Denial of Service (ReDoS)',
1168 silly audit report       severity: 'moderate',
1168 silly audit report       vulnerable_versions: '>=13.0.0 <14.1.1',
1168 silly audit report       cwe: [Array],
1168 silly audit report       cvss: [Object]
1168 silly audit report     }
1168 silly audit report   ],
1168 silly audit report   micromatch: [
1168 silly audit report     {
1168 silly audit report       id: 1098681,
1168 silly audit report       url: 'https://github.com/advisories/GHSA-952p-6rrq-rcjv',
1168 silly audit report       title: 'Regular Expression Denial of Service (ReDoS) in micromatch',
1168 silly audit report       severity: 'moderate',
1168 silly audit report       vulnerable_versions: '<4.0.8',
1168 silly audit report       cwe: [Array],
1168 silly audit report       cvss: [Object]
1168 silly audit report     }
1168 silly audit report   ],
1168 silly audit report   nanoid: [
1168 silly audit report     {
1168 silly audit report       id: 1109563,
1168 silly audit report       url: 'https://github.com/advisories/GHSA-mwcw-c2x4-8c55',
1168 silly audit report       title: 'Predictable results in nanoid generation when given non-integer values',
1168 silly audit report       severity: 'moderate',
1168 silly audit report       vulnerable_versions: '<3.3.8',
1168 silly audit report       cwe: [Array],
1168 silly audit report       cvss: [Object]
1168 silly audit report     }
1168 silly audit report   ],
1168 silly audit report   'path-to-regexp': [
1168 silly audit report     {
1168 silly audit report       id: 1101846,
1168 silly audit report       url: 'https://github.com/advisories/GHSA-9wv6-86v2-598j',
1168 silly audit report       title: 'path-to-regexp outputs backtracking regular expressions',
1168 silly audit report       severity: 'high',
1168 silly audit report       vulnerable_versions: '>=4.0.0 <6.3.0',
1168 silly audit report       cwe: [Array],
1168 silly audit report       cvss: [Object]
1168 silly audit report     }
1168 silly audit report   ],
1168 silly audit report   picomatch: [
1168 silly audit report     {
1168 silly audit report       id: 1115549,
1168 silly audit report       url: 'https://github.com/advisories/GHSA-3v7f-55p6-f55p',
1168 silly audit report       title: 'Picomatch: Method Injection in POSIX Character Classes causes incorrect Glob Matching',
1168 silly audit report       severity: 'moderate',
1168 silly audit report       vulnerable_versions: '<2.3.2',
1168 silly audit report       cwe: [Array],
1168 silly audit report       cvss: [Object]
1168 silly audit report     },
1168 silly audit report     {
1168 silly audit report       id: 1115552,
1168 silly audit report       url: 'https://github.com/advisories/GHSA-c2c7-rcm5-vvqj',
1168 silly audit report       title: 'Picomatch has a ReDoS vulnerability via extglob quantifiers',
1168 silly audit report       severity: 'high',
1168 silly audit report       vulnerable_versions: '<2.3.2',
1168 silly audit report       cwe: [Array],
1168 silly audit report       cvss: [Object]
1168 silly audit report     }
1168 silly audit report   ],
1168 silly audit report   postcss: [
1168 silly audit report     {
1168 silly audit report       id: 1117015,
1168 silly audit report       url: 'https://github.com/advisories/GHSA-qx2v-qp2m-jg93',
1168 silly audit report       title: 'PostCSS has XSS via Unescaped </style> in its CSS Stringify Output',
1168 silly audit report       severity: 'moderate',
1168 silly audit report       vulnerable_versions: '<8.5.10',
1168 silly audit report       cwe: [Array],
1168 silly audit report       cvss: [Object]
1168 silly audit report     }
1168 silly audit report   ],
1168 silly audit report   pug: [
1168 silly audit report     {
1168 silly audit report       id: 1104111,
1168 silly audit report       url: 'https://github.com/advisories/GHSA-3965-hpx2-q597',
1168 silly audit report       title: 'Pug allows JavaScript code execution if an application accepts untrusted input',
1168 silly audit report       severity: 'moderate',
1168 silly audit report       vulnerable_versions: '<=3.0.2',
1168 silly audit report       cwe: [Array],
1168 silly audit report       cvss: [Object]
1168 silly audit report     }
1168 silly audit report   ],
1168 silly audit report   'pug-code-gen': [
1168 silly audit report     {
1168 silly audit report       id: 1104107,
1168 silly audit report       url: 'https://github.com/advisories/GHSA-3965-hpx2-q597',
1168 silly audit report       title: 'Pug allows JavaScript code execution if an application accepts untrusted input',
1168 silly audit report       severity: 'moderate',
1168 silly audit report       vulnerable_versions: '<=3.0.2',
1168 silly audit report       cwe: [Array],
1168 silly audit report       cvss: [Object]
1168 silly audit report     }
1168 silly audit report   ],
1168 silly audit report   qs: [
1168 silly audit report     {
1168 silly audit report       id: 1113161,
1168 silly audit report       url: 'https://github.com/advisories/GHSA-w7fw-mjwx-w883',
1168 silly audit report       title: "qs's arrayLimit bypass in comma parsing allows denial of service",
1168 silly audit report       severity: 'low',
1168 silly audit report       vulnerable_versions: '>=6.7.0 <=6.14.1',
1168 silly audit report       cwe: [Array],
1168 silly audit report       cvss: [Object]
1168 silly audit report     },
1168 silly audit report     {
1168 silly audit report       id: 1113719,
1168 silly audit report       url: 'https://github.com/advisories/GHSA-6rw7-vpxm-498p',
1168 silly audit report       title: "qs's arrayLimit bypass in its bracket notation allows DoS via memory exhaustion",
1168 silly audit report       severity: 'moderate',
1168 silly audit report       vulnerable_versions: '<6.14.1',
1168 silly audit report       cwe: [Array],
1168 silly audit report       cvss: [Object]
1168 silly audit report     }
1168 silly audit report   ],
1168 silly audit report   sequelize: [
1168 silly audit report     {
1168 silly audit report       id: 1114318,
1168 silly audit report       url: 'https://github.com/advisories/GHSA-6457-6jrx-69cr',
1168 silly audit report       title: 'Sequelize v6 Vulnerable to SQL Injection via JSON Column Cast Type',
1168 silly audit report       severity: 'high',
1168 silly audit report       vulnerable_versions: '>=6.0.0-beta.1 <=6.37.7',
1168 silly audit report       cwe: [Array],
1168 silly audit report       cvss: [Object]
1168 silly audit report     }
1168 silly audit report   ],
1168 silly audit report   'serialize-javascript': [
1168 silly audit report     {
1168 silly audit report       id: 1113686,
1168 silly audit report       url: 'https://github.com/advisories/GHSA-5c6j-r48x-rmvq',
1168 silly audit report       title: 'Serialize JavaScript is Vulnerable to RCE via RegExp.flags and Date.prototype.toISOString()',
1168 silly audit report       severity: 'high',
1168 silly audit report       vulnerable_versions: '<=7.0.2',
1168 silly audit report       cwe: [Array],
1168 silly audit report       cvss: [Object]
1168 silly audit report     },
1168 silly audit report     {
1168 silly audit report       id: 1115723,
1168 silly audit report       url: 'https://github.com/advisories/GHSA-qj8w-gfj5-8c6v',
1168 silly audit report       title: 'Serialize JavaScript has CPU Exhaustion Denial of Service via crafted array-like objects',
1168 silly audit report       severity: 'moderate',
1168 silly audit report       vulnerable_versions: '<7.0.5',
1168 silly audit report       cwe: [Array],
1168 silly audit report       cvss: [Object]
1168 silly audit report     }
1168 silly audit report   ],
1168 silly audit report   tar: [
1168 silly audit report     {
1168 silly audit report       id: 1112659,
1168 silly audit report       url: 'https://github.com/advisories/GHSA-34x7-hfp2-rc4v',
1168 silly audit report       title: 'node-tar Vulnerable to Arbitrary File Creation/Overwrite via Hardlink Path Traversal',
1168 silly audit report       severity: 'high',
1168 silly audit report       vulnerable_versions: '<7.5.7',
1168 silly audit report       cwe: [Array],
1168 silly audit report       cvss: [Object]
1168 silly audit report     },
1168 silly audit report     {
1168 silly audit report       id: 1113300,
1168 silly audit report       url: 'https://github.com/advisories/GHSA-8qq5-rm4j-mr97',
1168 silly audit report       title: 'node-tar is Vulnerable to Arbitrary File Overwrite and Symlink Poisoning via Insufficient Path Sanitization',
1168 silly audit report       severity: 'high',
1168 silly audit report       vulnerable_versions: '<=7.5.2',
1168 silly audit report       cwe: [Array],
1168 silly audit report       cvss: [Object]
1168 silly audit report     },
1168 silly audit report     {
1168 silly audit report       id: 1113375,
1168 silly audit report       url: 'https://github.com/advisories/GHSA-83g3-92jg-28cx',
1168 silly audit report       title: 'Arbitrary File Read/Write via Hardlink Target Escape Through Symlink Chain in node-tar Extraction',
1168 silly audit report       severity: 'high',
1168 silly audit report       vulnerable_versions: '<7.5.8',
1168 silly audit report       cwe: [Array],
1168 silly audit report       cvss: [Object]
1168 silly audit report     },
1168 silly audit report     {
1168 silly audit report       id: 1114200,
1168 silly audit report       url: 'https://github.com/advisories/GHSA-qffp-2rhf-9h96',
1168 silly audit report       title: 'tar has Hardlink Path Traversal via Drive-Relative Linkpath',
1168 silly audit report       severity: 'high',
1168 silly audit report       vulnerable_versions: '<=7.5.9',
1168 silly audit report       cwe: [Array],
1168 silly audit report       cvss: [Object]
1168 silly audit report     },
1168 silly audit report     {
1168 silly audit report       id: 1114302,
1168 silly audit report       url: 'https://github.com/advisories/GHSA-9ppj-qmqm-q256',
1168 silly audit report       title: 'node-tar Symlink Path Traversal via Drive-Relative Linkpath',
1168 silly audit report       severity: 'high',
1168 silly audit report       vulnerable_versions: '<=7.5.10',
1168 silly audit report       cwe: [Array],
1168 silly audit report       cvss: [Object]
1168 silly audit report     },
1168 silly audit report     {
1168 silly audit report       id: 1114680,
1168 silly audit report       url: 'https://github.com/advisories/GHSA-r6q2-hw4h-h46w',
1168 silly audit report       title: 'Race Condition in node-tar Path Reservations via Unicode Ligature Collisions on macOS APFS',
1168 silly audit report       severity: 'high',
1168 silly audit report       vulnerable_versions: '<=7.5.3',
1168 silly audit report       cwe: [Array],
1168 silly audit report       cvss: [Object]
1168 silly audit report     },
1168 silly audit report     {
1168 silly audit report       id: 1097493,
1168 silly audit report       url: 'https://github.com/advisories/GHSA-f5x3-32g6-xq36',
1168 silly audit report       title: 'Denial of service while parsing a tar file due to lack of folders count validation',
1168 silly audit report       severity: 'moderate',
1168 silly audit report       vulnerable_versions: '<6.2.1',
1168 silly audit report       cwe: [Array],
1168 silly audit report       cvss: [Object]
1168 silly audit report     }
1168 silly audit report   ],
1168 silly audit report   'tar-fs': [
1168 silly audit report     {
1168 silly audit report       id: 1109532,
1168 silly audit report       url: 'https://github.com/advisories/GHSA-vj76-c3g6-qr5v',
1168 silly audit report       title: 'tar-fs has a symlink validation bypass if destination directory is predictable with a specific tarball',
1168 silly audit report       severity: 'high',
1168 silly audit report       vulnerable_versions: '>=2.0.0 <2.1.4',
1168 silly audit report       cwe: [Array],
1168 silly audit report       cvss: [Object]
1168 silly audit report     },
1168 silly audit report     {
1168 silly audit report       id: 1109543,
1168 silly audit report       url: 'https://github.com/advisories/GHSA-8cj5-5rvv-wf4v',
1168 silly audit report       title: 'tar-fs can extract outside the specified dir with a specific tarball',
1168 silly audit report       severity: 'high',
1168 silly audit report       vulnerable_versions: '>=2.0.0 <2.1.3',
1168 silly audit report       cwe: [Array],
1168 silly audit report       cvss: [Object]
1168 silly audit report     },
1168 silly audit report     {
1168 silly audit report       id: 1109552,
1168 silly audit report       url: 'https://github.com/advisories/GHSA-pq67-2wwv-3xjx',
1168 silly audit report       title: 'tar-fs Vulnerable to Link Following and Path Traversal via Extracting a Crafted tar File',
1168 silly audit report       severity: 'high',
1168 silly audit report       vulnerable_versions: '>=2.0.0 <2.1.2',
1168 silly audit report       cwe: [Array],
1168 silly audit report       cvss: [Object]
1168 silly audit report     }
1168 silly audit report   ],
1168 silly audit report   validator: [
1168 silly audit report     {
1168 silly audit report       id: 1109241,
1168 silly audit report       url: 'https://github.com/advisories/GHSA-9965-vmph-33xx',
1168 silly audit report       title: 'validator.js has a URL validation bypass vulnerability in its isURL function',
1168 silly audit report       severity: 'moderate',
1168 silly audit report       vulnerable_versions: '<13.15.20',
1168 silly audit report       cwe: [Array],
1168 silly audit report       cvss: [Object]
1168 silly audit report     },
1168 silly audit report     {
1168 silly audit report       id: 1112713,
1168 silly audit report       url: 'https://github.com/advisories/GHSA-vghf-hv5q-vc2g',
1168 silly audit report       title: 'Validator is Vulnerable to Incomplete Filtering of One or More Instances of Special Elements',
1168 silly audit report       severity: 'high',
1168 silly audit report       vulnerable_versions: '<13.15.22',
1168 silly audit report       cwe: [Array],
1168 silly audit report       cvss: [Object]
1168 silly audit report     }
1168 silly audit report   ],
1168 silly audit report   webpack: [
1168 silly audit report     {
1168 silly audit report       id: 1113041,
1168 silly audit report       url: 'https://github.com/advisories/GHSA-8fgc-7cc6-rx7x',
1168 silly audit report       title: 'webpack buildHttp: allowedUris allow-list bypass via URL userinfo (@) leading to build-time SSRF behavior',
1168 silly audit report       severity: 'low',
1168 silly audit report       vulnerable_versions: '>=5.49.0 <=5.104.0',
1168 silly audit report       cwe: [Array],
1168 silly audit report       cvss: [Object]
1168 silly audit report     },
1168 silly audit report     {
1168 silly audit report       id: 1113042,
1168 silly audit report       url: 'https://github.com/advisories/GHSA-38r7-794h-5758',
1168 silly audit report       title: 'webpack buildHttp HttpUriPlugin allowedUris bypass via HTTP redirects → SSRF + cache persistence',
1168 silly audit report       severity: 'low',
1168 silly audit report       vulnerable_versions: '>=5.49.0 <5.104.0',
1168 silly audit report       cwe: [Array],
1168 silly audit report       cvss: [Object]
1168 silly audit report     },
1168 silly audit report     {
1168 silly audit report       id: 1099351,
1168 silly audit report       url: 'https://github.com/advisories/GHSA-4vvj-4cpr-p986',
1168 silly audit report       title: "Webpack's AutoPublicPathRuntimeModule has a DOM Clobbering Gadget that leads to XSS",
1168 silly audit report       severity: 'moderate',
1168 silly audit report       vulnerable_versions: '>=5.0.0-alpha.0 <5.94.0',
1168 silly audit report       cwe: [Array],
1168 silly audit report       cvss: [Object]
1168 silly audit report     }
1168 silly audit report   ]
1168 silly audit report }
1169 timing metavuln:cache:get:security-advisory:@babel/helpers:+NsF1flAI8VENgJn0XVIWaC4lCe3b89AZgBOx219qXn/BdXH1EWl/yD49aHbhQimIG4kna8zgkunsmpiAVwNPQ== Completed in 1125ms
1170 timing metavuln:cache:get:security-advisory:@babel/runtime:xDaNmlS3J8LRk7IfDb7e9Gp3gcy/xDr1QZXCKC997SMkqKVemm2guY9vQpRI6omD11L5cfCI+STpoAdxUgnVsA== Completed in 1122ms
1171 timing metavuln:cache:get:security-advisory:ajv:u4HOZ0QFYFTDLqnZ5TPSC8VEvP+HMuGcZACJuTqG8bm/gunrgkQwsiiH2pbF9tNIl45RK0sW2ccPzEojb1k0xQ== Completed in 1120ms
1172 timing metavuln:cache:get:security-advisory:ajv:URErmxoyazZWR5lFcXpgTkGsbkrUBDlzD8W6txjBw2wZoOC7oHjHFfCrRr/VnGeJvbyUY9E2jxrL8p2XbwfP8g== Completed in 1118ms
1173 timing metavuln:cache:get:security-advisory:js-yaml:MQ5RokLIvrWmT8/NQU0dD+jQ+6pFslHlaXx1Z5q7mESITohR8AwLT525ddIc2KvKZYbB1p5yclW3kV4xeRYXEg== Completed in 1118ms
1174 timing metavuln:cache:get:security-advisory:js-yaml:621IdjBdZEeVoUcjWGl1jXN0jFDGaf7dIQMeaPVKf5MxqYprJztiOC0OHOUPVoayh7Cq/fTC8L5CqEb98qlE7w== Completed in 1118ms
1175 timing metavuln:cache:get:security-advisory:glob:NTB2XjbDOgk4lkd8PZ3tUAm1F3E/ohGF6rl9/3LEO7Z0FDzSR5nWwzd3nUENA3NCNdyeR+35DOC12wPml2IV+g== Completed in 1117ms
1176 timing metavuln:cache:get:security-advisory:@tootallnate/once:Bij+qufwr7God+MYI0JIFJYEDFT3IlGllIhDaMb6DB6UZOYpGBBfXc1Jq59Wdg/M2NdGRUO2+zYnIEZHW42YDw== Completed in 1116ms
1177 timing metavuln:cache:get:security-advisory:brace-expansion:7IQMvcVTr+svbh5KCx4Kl6FQKJ1GciM03BnJAve/5WYJjUeRzKAIrStVpfachbl3T6a7o8nYlQEVG6Ih0TNXRg== Completed in 1115ms
1178 timing metavuln:cache:get:security-advisory:brace-expansion:mClmYqWawCNXseeTBHWiIwZH/2CmFUqPCmosJIeOhAgD9z1v3SayhHAwaWVo8wmeKU/JN9VP4zDBeXaqy3Ay2A== Completed in 1114ms
1179 timing metavuln:cache:get:security-advisory:brace-expansion:kIHgu1L8zIy7pY0wp6wYzUm7tst3xTM2tiSYrstcGK/XsO7o4p6zyuUSjq93oH1dvU2tbEvlSW+gaNbGIbeudw== Completed in 1115ms
1180 timing metavuln:cache:get:security-advisory:brace-expansion:ZHzAtnciS42HIMtUGajCifTIrkCUkWb93u/V1lJEt9HzdJ+ypMofn/dKgSOaziPQj+WGAcGS7t7WdPUHJBz0LA== Completed in 1114ms
1181 timing metavuln:cache:get:security-advisory:minimatch:V/3cIcyAQcG1bwuH0e0PI9Qt5WRtbvb/WOz2mBxAfNzXf+Dvs9G1X05eHjnPq2b0TJY4zXXpqhCAkRAipgk3iQ== Completed in 1114ms
1182 timing metavuln:cache:get:security-advisory:minimatch:/utMkAt3a6jSPsaWIJ1J7tAb7G+ccGxNsymbhFTVWOMIyhRZOJ9QR0zn1SNtejrdUO5fsO4RDJKDMI6C5/bkuw== Completed in 1113ms
1183 timing metavuln:cache:get:security-advisory:minimatch:B00WbbnnDNaFGA7l9BgrTioYpRMzU4+U8SUF8cn65LwArJAK0O380QwyP/UyxPr7i9XUjX9/AADC41/edu9OrA== Completed in 1113ms
1184 timing metavuln:cache:get:security-advisory:minimatch:kx7kRjUmjSYmgQBpfsU82Na4xORZqvqpRRSlOyPLadasPBl0YfFJCjIETC00BG7Gd2omQLizgz8/GnnE/hk+Jw== Completed in 1113ms
1185 timing metavuln:cache:get:security-advisory:minimatch:txOieOIAfgHfBPiN09+pYAjPLRzgUOz3D3illtf9vTzeqs41QJZjfj5jVXCi/3ICpBX0YlJi/ghdWSjCJwNtwA== Completed in 1113ms
1186 timing metavuln:cache:get:security-advisory:minimatch:tJ9Z2VGWqiQfLaVKxc9K/6Rz1g70Mpl3An4UK+K1lyHdz27vYPzhMIkC4jRGAN2wpssY+8l13Ql259B6zkaX/Q== Completed in 1113ms
1187 timing metavuln:cache:get:security-advisory:minimatch:d1vHbFmApmPZ8D7tU5wibuYDk+ODEPdqBqmhQYykwFs/yMixetMkwY01zYVdWNOsg0NvkvSTlNgJ2ddzclruSA== Completed in 1111ms
1188 timing metavuln:cache:get:security-advisory:minimatch:tdaAHfWGUw/nl/W8ALWVH+LvG2E3gvo3P2FI/fVPxm3aZteLxWMOEuk/9iDk5O0/cZN/GRXnabt/mW/bfUoL/g== Completed in 1113ms
1189 timing metavuln:cache:get:security-advisory:minimatch:IBqefxF0lKwSFXzwGHp5L8khqSaPYY99x0GHtXNH4YxtdIexeL4FFPzrnnBvkhgmGDEWHo3XAgpPYGyM1jidQQ== Completed in 1112ms
1190 timing metavuln:cache:get:security-advisory:braces:JiXBFkEDkUnBQLw3PO6emUmmm2JXqgEbh+FhB3SNDS8k6Z0wM20irrfaOjjxYuMxZaKaDudvR037mtEoeqZzXw== Completed in 1111ms
1191 timing metavuln:cache:get:security-advisory:cookie:EFt7h/FZLeopARa06+F2CBY5ItUm007mP/cHgZjTJZX1MeIwg3JD7toSioRoDeE8wm5VdkimqlS+CnuPhZqbIg== Completed in 1110ms
1192 timing metavuln:cache:get:security-advisory:cross-spawn:PBcc/5P1UEO/1Ba/jUNR65wOzs1wU0Y+m+OOSfB57dG5EajzjbqRMRm0l7MWqcJgHDYM5GoZ36Hm7qAYFlIH3A== Completed in 1110ms
1193 timing metavuln:cache:get:security-advisory:dottie:0ACVlgh2XixrZ76V6Aw4AGmXe/vScI8AGIUQKFGZaYZxp4MyNabKSDBfLcT9XlERSFeHYQ9hiMRtZaHo1b3mTw== Completed in 1108ms
1194 timing metavuln:cache:get:security-advisory:fast-uri:eOa7c7ILtYrQRi7Vh70WI0pPtbJX306JIRinfkWw7EszqtCMyh5zDLP+J7GgLnqrHAp+szaZMuWjykheayYbvw== Completed in 1106ms
1195 timing metavuln:cache:get:security-advisory:fast-uri:QBT+YWg36QlsCGIVyx+qyR2DNhgjC+VCOjRO1zswpjRQn4lFmcf77EeA6ufO4yxSJO9dVgUtRQ76zfsnZLLsHg== Completed in 1104ms
1196 timing metavuln:cache:get:security-advisory:fastify:5OdrwYv5Xzq+rI3bchsuaHIz85Yyo5gTdhOrQGf2Em7pRhXXR2ur0R7W7qQ6UpWsSxuRBW8Fdp57dyqUhR5/yw== Completed in 1104ms
1197 timing metavuln:cache:get:security-advisory:fastify:Mu3bbsgGIQMzQU+JUqKbxbOdmJ9sahc+8jmwkzzm3/7BqYYzReNvhjLjZ9XT5ElUjr+2gUCz/6X6tV16iM+obQ== Completed in 1104ms
1198 timing metavuln:cache:get:security-advisory:fastify:vrddC5kD1iC6bjQC2yMAnNLy1/+VmRDX3Vr+8eGmbbd/ikD6VgNiIpwTn2TMS3TAzr8ZR+5OeLpu/4I5U8QBKA== Completed in 1104ms
1199 timing metavuln:cache:get:security-advisory:find-my-way:ncPGiupWBmuLy3osYbi6NeA3zAkV0H2ETbz204QySGfjGMvhOUrckXpvAqjVyzsYU9NNJZrPHuMSulTPi+/bfw== Completed in 1104ms
1200 timing metavuln:cache:get:security-advisory:flatted:oa7V2KnuHnLCPcrXFvcQLRAa1NASGJm9yZ+B92xpfwxan7PZyVrZjYAHt6LB51PFfA2mM8KGE+VHR+U5X/2uZw== Completed in 1103ms
1201 timing metavuln:cache:get:security-advisory:flatted:uMG/3R828PE31LVzr7SnM2pFAXessH3XoRtonZYiGJtZfR5a//VWhmdMxy/RepstCydCDFxkci7fqEuzEvhnAA== Completed in 1103ms
1202 timing metavuln:cache:get:security-advisory:ip:FcMhhitnipE8n5zCPiVRq2NLRNmu7UZkoO9lrM5CRC/emGwY5wSoa1+q1Q1Z8SPpfXO9tzox/MNRv7luhyJvqg== Completed in 1102ms
1203 timing metavuln:cache:get:security-advisory:ip:kueZWtHx2OlOfcgg7jCuzsMg1G+hSWSz46I4qS9A9YkI1yyLIkm6qmb9EAp6afwx9qKW96Z5AKmkLgtElUvJrg== Completed in 1102ms
1204 timing metavuln:cache:get:security-advisory:lodash:OGNA5lR8rR8aeucWHqvJLBV5oaroI/lF2JfG9J2l63dx9uiGUyHuI4ymC6nv+dqWwxtqCIMcqBukiWYEiF5/RQ== Completed in 1101ms
1205 timing metavuln:cache:get:security-advisory:lodash:DNnxUw8Ep7p1YCAJl4A30HMQmsK3uaHxA5fhfuTpXJUBgCvmZbKGD7OWAcfQ2u+fc9lY6ap1BhHpARF9oEarxQ== Completed in 1101ms
1206 timing metavuln:cache:get:security-advisory:lodash:thshZSsl03tivWaq68PzU+tj1Rdgd6ZGN992B7QB+2oylByv6bvG8a/FXYANJwK5kybQ7+c0hg18JSj4gYikrg== Completed in 1102ms
1207 timing metavuln:cache:get:security-advisory:markdown-it:745Vt4mrHCdT8gFHVh7oHROmP4aH4fErXXhbpeVBhtIHmsxTVI7P3rJSdfXZ1iZTBS6GEnTERL4OWUfc4Co9jQ== Completed in 1102ms
1208 timing metavuln:cache:get:security-advisory:micromatch:TlYHmS8BZBwkbsPHbTfH2/e91KJnOnqfC63ZoKdiRy+yt6biPd8BwjBdyfPUht1+ZO675I3Gg00RQPYaWiOm8Q== Completed in 1101ms
1209 timing metavuln:cache:get:security-advisory:nanoid:SvMVdtEUVO5ESues2DL9aEFMy6oMG+saOn/tNitKJcx7q7CvMfC5ZcstpC8dbnZl5KL/q/3pYBvQrAPBFsC+nQ== Completed in 1101ms
1210 timing metavuln:cache:get:security-advisory:path-to-regexp:TmkHz1g6xKc2pnDD1h6+ZDKMikxz0M1BBY/wyR9ER8446AKOUk6gXjoSR2douZ5enAllzNSKaynTW1H+LBi1CA== Completed in 1100ms
1211 timing metavuln:cache:get:security-advisory:picomatch:GSQ5ghUF1JWDKMssoydWDVRebjlPePRwktLhrdWzXCq5xeBXdo4Cm9HGHnH2b6P1Nq93YjwPmimVjAx6kge32A== Completed in 1099ms
1212 timing metavuln:cache:get:security-advisory:picomatch:H8EHkZXRRUdil3DyUl8tc8lCQUliQzjc5H5D4llqFojH152sBqO1suz3XiNiRQT++wJdWkgXe/zFc/Bbrrz6ng== Completed in 1096ms
1213 timing metavuln:cache:get:security-advisory:postcss:685RVq5xScaqegAXk2BRJrsMaZmsz1d/volUoA67iVw3AvHhUlX03u+VPRrmo8iuObcSDvuZF+fuiOnLC9L1uA== Completed in 1096ms
1214 timing metavuln:cache:get:security-advisory:pug:q1QCNIb5doZm6I3eRGcu7TI0K8fyc7dAf2McLW9B8u9n+aVFF2mdYrDZecswkGEqvp/OYAJdtseKaRANUQq8pQ== Completed in 1095ms
1215 timing metavuln:cache:get:security-advisory:pug-code-gen:jYtA+ua4XfswkuObBtnwWn2fYvQUK4ca+Iv1+bqgs4mXRLiX4zUdwwNSawL0T4CvKtEq8q6TFgvFydQ8OKg+/Q== Completed in 1082ms
1216 timing metavuln:cache:get:security-advisory:qs:vVSN+MRVpdux32gCUfPGidHUGmS/0G5Ziwtmb1YXw3NARw1r47LtySeR7yFf/LZ4sKzi41443WWDDZzPHuCh9g== Completed in 1081ms
1217 timing metavuln:cache:get:security-advisory:qs:iChjlXxtVMTpyXsUse674XoeCayLW4gF6rE7sQcXvHRFegwpM44fUr9Eqlmsmu+S9udu9w9eZmpzcAcyiUJMIQ== Completed in 1080ms
1218 timing metavuln:cache:get:security-advisory:sequelize:wjhMoLZiiqIacD4+V2lI9921Z2ZeJryL/EpzUzvbYcIegwFDJzNWjjO/YQBa50uUmoyjfCuJxHX0z9qwD769Dg== Completed in 1080ms
1219 timing metavuln:cache:get:security-advisory:serialize-javascript:VNhzhjSQJJPSfVWQUXMpEy6hsW23faurQllLlGbSJ7QrUHjncb9PKDTQYw8APRVBzMug+7YJc5EWXV6SYvPIiw== Completed in 1079ms
1220 timing metavuln:cache:get:security-advisory:serialize-javascript:y5ht5IaVIMjpwL0IZGKIrAJO+O1KQhhG2+VGCBx2lcZuGkhWWkccmfdEpDP4g3jX06lLdfGiDu1+ptdkafpN0Q== Completed in 1079ms
1221 timing metavuln:cache:get:security-advisory:tar:qPQeYPFDBIedTWfYK3sbnScF6Ha7ouTs+wgndnz4PT5P+/K+GBD4epoPcYpXlu6AC7gSJlCJTJeuKbYAFoK9PA== Completed in 1079ms
1222 timing metavuln:cache:get:security-advisory:tar:cbwMpzkxWE086TmEbj2aUk80Z6hlvP0jzlWS+XiX15JwqEtFzUgHyHj3QX4I6EZYk8tgcYPuNr3hYFVCQY6e3Q== Completed in 1078ms
1223 timing metavuln:cache:get:security-advisory:tar:Bbf0Br7FJ1lJBIJDoLLFwjsDrbaYgLVqfrwr0ATzSQWEKW7Xp073S+5zxU9imRf4OqRJHo2MsCDeyKR0KRVsdA== Completed in 1078ms
1224 timing metavuln:cache:get:security-advisory:tar:eeMx7uxRjV2T2ub1XcSZGVUMDQllh5SgBOjApRXoDwccZb2xPyoJEKCNDkl/ZQGHcurw9K/Nf+wQF6u7SWH6CQ== Completed in 1078ms
1225 timing metavuln:cache:get:security-advisory:tar:UWW3Y4BpqE/fE3Qp2/QBaix5a7TZZoP7gM6asxPYL9ED9MweoK3ryao+Bp0Y6Y8Xds/rmjAafpG21YRYkP3N4g== Completed in 1083ms
1226 timing metavuln:cache:get:security-advisory:tar:vbDW3SJe6e2hhLv65iuyXehzCzEAirdu2MloZluu8ApJ5S0mpjZNCz+7tMRaz8WDOzMKfYQKi/M/IfcFNOa3Cw== Completed in 1092ms
1227 timing metavuln:cache:get:security-advisory:tar:xsfciMtNhQn+Vb692L8h5HEYBYUJ5Lhjy3bF//LOsKSn8tp0f1hbuDX26k9UtKJNPZjM5uuq2Cxlz3KwL19oJg== Completed in 1092ms
1228 timing metavuln:cache:get:security-advisory:tar-fs:cvuUIK3mvYU/u7TShVqDjuuoWy7Jgl2iyysqZzndeGLLwvbCDiePQ/rot9wwSNqpYc8yRaszF/7dU1Uelp1dUw== Completed in 1092ms
1229 timing metavuln:cache:get:security-advisory:tar-fs:Ix/Js08sk80rCM814qr/o6ab9zjh7+H8VVJui+xRbBltVjhzX21eodMzpIt77aC2gIFcrK8EEBkOSiDgsanD1w== Completed in 1091ms
1230 timing metavuln:cache:get:security-advisory:tar-fs:1dRVXY1/KAgNRzluJejkcnnY74RNVCtUBdSLW4DLR6KPpPmll6CDT96fyxIYOX7Nsq4AChUF8ivPlQmppqQqYw== Completed in 1091ms
1231 timing metavuln:cache:get:security-advisory:validator:IkyJOqfhkev0E9tRX4zbgkqtsxJX67cd4upO2f1EheDpncnx522qyf9oLyXwjDcWGeZOQHSqJUAh/kUyYH60qQ== Completed in 1091ms
1232 timing metavuln:cache:get:security-advisory:validator:K8tnmsGw+QkTexUmTWxKwuHjWuT7Hea3z5nNI9JdW3F0rI0+n7L2rpU8PIPJJVMbPs2Qmf97TEHw10QorOnMzQ== Completed in 1090ms
1233 timing metavuln:cache:get:security-advisory:webpack:IzHFkMfHDC+SV3IL23ZHngntgLDUgyESA9Ge8Mh5rKNVcDpaWLuTZIcoUJg4/bAH+BQlnDzJ4nLfJCy6fOIM0A== Completed in 1091ms
1234 timing metavuln:cache:get:security-advisory:webpack:7Pl1j4sHKhCQAEccTmt3XZIEEazRzvyC0TOx07N0G7o5OIhhZ0j0Ji3KSCbTwfmCR/2OHJ3Mx5ZmedDQEQeBbg== Completed in 1086ms
1235 timing metavuln:cache:get:security-advisory:webpack:s8eUYzfoKCRSDroeyV91F0huXvDaY4W8tlhzcL2BszFV9dolZHIAn/UZ/7LVU12F35esXqY1PqnhYKHfHcDozQ== Completed in 1134ms
1236 http fetch GET 200 https://registry.npmjs.org/is-fullwidth-code-point/-/is-fullwidth-code-point-3.0.0.tgz 10221ms (cache miss)
1237 timing reifyNode:node_modules/is-fullwidth-code-point Completed in 11317ms
1238 http fetch GET 200 https://registry.npmjs.org/string-width/-/string-width-4.2.3.tgz 10581ms (cache miss)
1239 timing reifyNode:node_modules/string-width-cjs Completed in 11363ms
1240 http fetch GET 200 https://registry.npmjs.org/npm-install-checks/-/npm-install-checks-6.3.0.tgz 10351ms (cache miss)
1241 timing reifyNode:node_modules/npm-install-checks Completed in 11336ms
1242 http fetch GET 200 https://registry.npmjs.org/emoji-regex/-/emoji-regex-9.2.2.tgz 9501ms (cache miss)
1243 timing reifyNode:node_modules/@isaacs/cliui/node_modules/emoji-regex Completed in 11277ms
1244 http fetch GET 200 https://registry.npmjs.org/define-data-property/-/define-data-property-1.1.4.tgz 10049ms (cache miss)
1245 timing reifyNode:node_modules/define-data-property Completed in 11304ms
1246 http fetch GET 200 https://registry.npmjs.org/@babel%2fhelpers 4895ms (cache miss)
1247 timing metavuln:packument:@babel/helpers Completed in 4899ms
1248 timing metavuln:load:security-advisory:@babel/helpers:1104001 Completed in 6ms
1249 timing metavuln:cache:put:security-advisory:@babel/helpers:+NsF1flAI8VENgJn0XVIWaC4lCe3b89AZgBOx219qXn/BdXH1EWl/yD49aHbhQimIG4kna8zgkunsmpiAVwNPQ== Completed in 7ms
1250 timing metavuln:calculate:security-advisory:@babel/helpers:1104001 Completed in 4919ms
1251 http fetch GET 200 https://registry.npmjs.org/@babel/parser/-/parser-7.24.4.tgz 11502ms (cache miss)
1252 timing reifyNode:node_modules/@babel/parser Completed in 13048ms
1253 http fetch GET 200 https://registry.npmjs.org/youch/-/youch-2.2.2.tgz 12726ms (cache miss)
1254 timing reifyNode:node_modules/youch Completed in 13423ms
1255 http fetch GET 200 https://registry.npmjs.org/resolve.exports/-/resolve.exports-2.0.2.tgz 12703ms (cache miss)
1256 timing reifyNode:node_modules/resolve.exports Completed in 13540ms
1257 http fetch GET 200 https://registry.npmjs.org/fast-levenshtein/-/fast-levenshtein-2.0.6.tgz 13340ms (cache miss)
1258 timing reifyNode:node_modules/fast-levenshtein Completed in 14592ms
1259 http fetch GET 200 https://registry.npmjs.org/tar-fs 8844ms (cache miss)
1260 timing metavuln:packument:tar-fs Completed in 8846ms
1261 timing metavuln:load:security-advisory:tar-fs:1109532 Completed in 1ms
1262 timing metavuln:load:security-advisory:tar-fs:1109543 Completed in 1ms
1263 timing metavuln:load:security-advisory:tar-fs:1109552 Completed in 1ms
1264 timing metavuln:cache:put:security-advisory:tar-fs:cvuUIK3mvYU/u7TShVqDjuuoWy7Jgl2iyysqZzndeGLLwvbCDiePQ/rot9wwSNqpYc8yRaszF/7dU1Uelp1dUw== Completed in 13ms
1265 timing metavuln:calculate:security-advisory:tar-fs:1109532 Completed in 8860ms
1266 timing metavuln:cache:put:security-advisory:tar-fs:1dRVXY1/KAgNRzluJejkcnnY74RNVCtUBdSLW4DLR6KPpPmll6CDT96fyxIYOX7Nsq4AChUF8ivPlQmppqQqYw== Completed in 11ms
1267 timing metavuln:calculate:security-advisory:tar-fs:1109552 Completed in 8860ms
1268 timing metavuln:cache:put:security-advisory:tar-fs:Ix/Js08sk80rCM814qr/o6ab9zjh7+H8VVJui+xRbBltVjhzX21eodMzpIt77aC2gIFcrK8EEBkOSiDgsanD1w== Completed in 12ms
1269 timing metavuln:calculate:security-advisory:tar-fs:1109543 Completed in 8860ms
1270 http fetch GET 200 https://registry.npmjs.org/ajv 9958ms (cache miss)
1271 timing metavuln:packument:ajv Completed in 9963ms
1272 timing metavuln:load:security-advisory:ajv:1113714 Completed in 9ms
1273 timing metavuln:load:security-advisory:ajv:1113715 Completed in 7ms
1274 timing metavuln:cache:put:security-advisory:ajv:u4HOZ0QFYFTDLqnZ5TPSC8VEvP+HMuGcZACJuTqG8bm/gunrgkQwsiiH2pbF9tNIl45RK0sW2ccPzEojb1k0xQ== Completed in 16ms
1275 timing metavuln:calculate:security-advisory:ajv:1113714 Completed in 9990ms
1276 timing metavuln:cache:put:security-advisory:ajv:URErmxoyazZWR5lFcXpgTkGsbkrUBDlzD8W6txjBw2wZoOC7oHjHFfCrRr/VnGeJvbyUY9E2jxrL8p2XbwfP8g== Completed in 9ms
1277 timing metavuln:calculate:security-advisory:ajv:1113715 Completed in 9988ms
1278 http fetch GET 200 https://registry.npmjs.org/update-notifier/-/update-notifier-6.0.2.tgz 16785ms (cache miss)
1279 timing reifyNode:node_modules/update-notifier Completed in 17512ms
1280 http fetch GET 200 https://registry.npmjs.org/@types/jest/-/jest-29.5.12.tgz 16108ms (cache miss)
1281 timing reifyNode:node_modules/@types/jest Completed in 17538ms
1282 http fetch GET 200 https://registry.npmjs.org/color-convert/-/color-convert-1.9.3.tgz 15988ms (cache miss)
1283 timing reifyNode:node_modules/@babel/highlight/node_modules/color-convert Completed in 17813ms
1284 http fetch GET 200 https://registry.npmjs.org/yocto-queue/-/yocto-queue-0.1.0.tgz 18332ms (cache miss)
1285 timing reifyNode:node_modules/yocto-queue Completed in 19030ms
1286 http fetch GET 200 https://registry.npmjs.org/xdg-basedir/-/xdg-basedir-5.1.0.tgz 18547ms (cache miss)
1287 timing reifyNode:node_modules/xdg-basedir Completed in 19248ms
1288 http fetch GET 200 https://registry.npmjs.org/xtend/-/xtend-4.0.2.tgz 18630ms (cache miss)
1289 timing reifyNode:node_modules/xtend Completed in 19331ms
1290 http fetch GET 200 https://registry.npmjs.org/resolve-from/-/resolve-from-5.0.0.tgz 18477ms (cache miss)
1291 timing reifyNode:node_modules/resolve-from Completed in 19314ms
1292 http fetch GET 200 https://registry.npmjs.org/resolve-cwd/-/resolve-cwd-3.0.0.tgz 18512ms (cache miss)
1293 timing reifyNode:node_modules/resolve-cwd Completed in 19351ms
1294 http fetch GET 200 https://registry.npmjs.org/y18n/-/y18n-5.0.8.tgz 18731ms (cache miss)
1295 timing reifyNode:node_modules/y18n Completed in 19431ms
1296 http fetch GET 200 https://registry.npmjs.org/resolve-alpn/-/resolve-alpn-1.2.1.tgz 18902ms (cache miss)
1297 timing reifyNode:node_modules/resolve-alpn Completed in 19743ms
1298 http fetch GET 200 https://registry.npmjs.org/encoding/-/encoding-0.1.13.tgz 19582ms (cache miss)
1299 timing reifyNode:node_modules/encoding Completed in 20826ms
1300 http fetch GET 200 https://registry.npmjs.org/binary-extensions/-/binary-extensions-2.2.0.tgz 19468ms (cache miss)
1301 timing reifyNode:node_modules/binary-extensions Completed in 20827ms
1302 http fetch GET 200 https://registry.npmjs.org/object-keys/-/object-keys-1.1.1.tgz 19975ms (cache miss)
1303 timing reifyNode:node_modules/object-keys Completed in 20955ms
1304 http fetch GET 200 https://registry.npmjs.org/unique-slug/-/unique-slug-3.0.0.tgz 19222ms (cache miss)
1305 timing reifyNode:node_modules/node-gyp/node_modules/unique-slug Completed in 20955ms
1306 http fetch GET 200 https://registry.npmjs.org/@types/istanbul-lib-report/-/istanbul-lib-report-3.0.3.tgz 19541ms (cache miss)
1307 timing reifyNode:node_modules/@types/istanbul-lib-report Completed in 20986ms
1308 http fetch GET 200 https://registry.npmjs.org/@babel/helper-split-export-declaration/-/helper-split-export-declaration-7.22.6.tgz 19539ms (cache miss)
1309 timing reifyNode:node_modules/@babel/helper-split-export-declaration Completed in 21087ms
1310 http fetch GET 200 https://registry.npmjs.org/babel-plugin-istanbul/-/babel-plugin-istanbul-6.1.1.tgz 19892ms (cache miss)
1311 timing reifyNode:node_modules/babel-plugin-istanbul Completed in 21257ms
1312 http fetch GET 200 https://registry.npmjs.org/emoji-regex/-/emoji-regex-8.0.0.tgz 20079ms (cache miss)
1313 timing reifyNode:node_modules/emoji-regex Completed in 21324ms
1314 http fetch GET 200 https://registry.npmjs.org/@babel/helper-plugin-utils/-/helper-plugin-utils-7.24.0.tgz 20060ms (cache miss)
1315 timing reifyNode:node_modules/@babel/helper-plugin-utils Completed in 21609ms
1316 http fetch GET 200 https://registry.npmjs.org/yargs-parser/-/yargs-parser-21.1.1.tgz 21021ms (cache miss)
1317 timing reifyNode:node_modules/yargs-parser Completed in 21719ms
1318 http fetch GET 200 https://registry.npmjs.org/supports-color/-/supports-color-5.5.0.tgz 19872ms (cache miss)
1319 timing reifyNode:node_modules/@babel/highlight/node_modules/supports-color Completed in 21680ms
1320 http fetch GET 200 https://registry.npmjs.org/object.entries/-/object.entries-1.1.8.tgz 20862ms (cache miss)
1321 timing reifyNode:node_modules/object.entries Completed in 21841ms
1322 http fetch GET 200 https://registry.npmjs.org/ansi-regex/-/ansi-regex-6.0.1.tgz 20005ms (cache miss)
1323 timing reifyNode:node_modules/@isaacs/cliui/node_modules/ansi-regex Completed in 21783ms
1324 http fetch GET 200 https://registry.npmjs.org/@babel/helper-function-name/-/helper-function-name-7.23.0.tgz 20307ms (cache miss)
1325 timing reifyNode:node_modules/@babel/helper-function-name Completed in 21858ms
1326 http fetch GET 200 https://registry.npmjs.org/@types/graceful-fs/-/graceful-fs-4.1.9.tgz 20491ms (cache miss)
1327 timing reifyNode:node_modules/@types/graceful-fs Completed in 21938ms
1328 http fetch GET 200 https://registry.npmjs.org/global-dirs/-/global-dirs-3.0.0.tgz 21058ms (cache miss)
1329 timing reifyNode:node_modules/global-dirs Completed in 22203ms
1330 http fetch GET 200 https://registry.npmjs.org/glob-parent/-/glob-parent-6.0.2.tgz 21054ms (cache miss)
1331 timing reifyNode:node_modules/glob-parent Completed in 22203ms
1332 http fetch GET 200 https://registry.npmjs.org/has-flag/-/has-flag-3.0.0.tgz 20347ms (cache miss)
1333 timing reifyNode:node_modules/@babel/highlight/node_modules/has-flag Completed in 22186ms
1334 http fetch GET 200 https://registry.npmjs.org/@types/debug/-/debug-4.1.12.tgz 20791ms (cache miss)
1335 timing reifyNode:node_modules/@types/debug Completed in 22243ms
1336 http fetch GET 200 https://registry.npmjs.org/@types/istanbul-reports/-/istanbul-reports-3.0.4.tgz 20815ms (cache miss)
1337 timing reifyNode:node_modules/@types/istanbul-reports Completed in 22247ms
1338 http fetch GET 200 https://registry.npmjs.org/string-width/-/string-width-5.1.2.tgz 20353ms (cache miss)
1339 timing reifyNode:node_modules/@isaacs/cliui/node_modules/string-width Completed in 22280ms
1340 http fetch GET 200 https://registry.npmjs.org/babel-walk/-/babel-walk-3.0.0-canary-5.tgz 20960ms (cache miss)
1341 timing reifyNode:node_modules/babel-walk Completed in 22325ms
1342 http fetch GET 200 https://registry.npmjs.org/braces 15905ms (cache miss)
1343 timing metavuln:packument:braces Completed in 15908ms
1344 timing metavuln:load:security-advisory:braces:1098094 Completed in 1ms
1345 http fetch GET 200 https://registry.npmjs.org/@tootallnate%2fonce 15933ms (cache miss)
1346 timing metavuln:packument:@tootallnate/once Completed in 15933ms
1347 timing metavuln:load:security-advisory:@tootallnate/once:1113977 Completed in 0ms
1348 http fetch GET 200 https://registry.npmjs.org/unique-filename/-/unique-filename-2.0.1.tgz 20657ms (cache miss)
1349 timing reifyNode:node_modules/node-gyp/node_modules/unique-filename Completed in 22395ms
1350 http fetch GET 200 https://registry.npmjs.org/ip 16020ms (cache miss)
1351 timing metavuln:packument:ip Completed in 16021ms
1352 timing metavuln:load:security-advisory:ip:1101851 Completed in 1ms
1353 timing metavuln:load:security-advisory:ip:1114832 Completed in 9ms
1354 http fetch GET 200 https://registry.npmjs.org/@types/http-cache-semantics/-/http-cache-semantics-4.0.1.tgz 21008ms (cache miss)
1355 timing reifyNode:node_modules/@types/http-cache-semantics Completed in 22454ms
1356 http fetch GET 200 https://registry.npmjs.org/hosted-git-info/-/hosted-git-info-6.1.1.tgz 20791ms (cache miss)
1357 timing reifyNode:node_modules/normalize-package-data/node_modules/hosted-git-info Completed in 22523ms
1358 http fetch GET 200 https://registry.npmjs.org/brace-expansion 16065ms (cache miss)
1359 timing metavuln:packument:brace-expansion Completed in 16067ms
1360 timing metavuln:load:security-advisory:brace-expansion:1105443 Completed in 11ms
1361 timing metavuln:load:security-advisory:brace-expansion:1105444 Completed in 1ms
1362 timing metavuln:load:security-advisory:brace-expansion:1115540 Completed in 0ms
1363 timing metavuln:load:security-advisory:brace-expansion:1115541 Completed in 1ms
1364 http fetch GET 200 https://registry.npmjs.org/dottie 16134ms (cache miss)
1365 timing metavuln:packument:dottie Completed in 16136ms
1366 timing metavuln:load:security-advisory:dottie:1113536 Completed in 1ms
1367 http fetch GET 200 https://registry.npmjs.org/pug-code-gen 16320ms (cache miss)
1368 timing metavuln:packument:pug-code-gen Completed in 16320ms
1369 timing metavuln:load:security-advisory:pug-code-gen:1104107 Completed in 0ms
1370 http fetch GET 200 https://registry.npmjs.org/@types/eslint-scope/-/eslint-scope-3.7.4.tgz 21329ms (cache miss)
1371 timing reifyNode:node_modules/@types/eslint-scope Completed in 22779ms
1372 http fetch GET 200 https://registry.npmjs.org/@types/istanbul-lib-coverage/-/istanbul-lib-coverage-2.0.6.tgz 21336ms (cache miss)
1373 timing reifyNode:node_modules/@types/istanbul-lib-coverage Completed in 22783ms
1374 http fetch GET 200 https://registry.npmjs.org/fast-uri 16410ms (cache miss)
1375 timing metavuln:packument:fast-uri Completed in 16431ms
1376 timing metavuln:load:security-advisory:fast-uri:1117884 Completed in 0ms
1377 timing metavuln:load:security-advisory:fast-uri:1117870 Completed in 1ms
1378 http fetch GET 200 https://registry.npmjs.org/ansi-styles/-/ansi-styles-3.2.1.tgz 21020ms (cache miss)
1379 timing reifyNode:node_modules/@babel/highlight/node_modules/ansi-styles Completed in 22843ms
1380 http fetch GET 200 https://registry.npmjs.org/chalk/-/chalk-2.4.2.tgz 21028ms (cache miss)
1381 timing reifyNode:node_modules/@babel/highlight/node_modules/chalk Completed in 22845ms
1382 http fetch GET 200 https://registry.npmjs.org/cross-spawn 16492ms (cache miss)
1383 timing metavuln:packument:cross-spawn Completed in 16494ms
1384 timing metavuln:load:security-advisory:cross-spawn:1104664 Completed in 3ms
1385 http fetch GET 200 https://registry.npmjs.org/cookie 16502ms (cache miss)
1386 timing metavuln:packument:cookie Completed in 16507ms
1387 timing metavuln:load:security-advisory:cookie:1103907 Completed in 0ms
1388 http fetch GET 200 https://registry.npmjs.org/serialize-javascript 16577ms (cache miss)
1389 timing metavuln:packument:serialize-javascript Completed in 16578ms
1390 timing metavuln:load:security-advisory:serialize-javascript:1113686 Completed in 1ms
1391 timing metavuln:load:security-advisory:serialize-javascript:1115723 Completed in 1ms
1392 http fetch GET 200 https://registry.npmjs.org/fast-querystring/-/fast-querystring-1.0.0.tgz 21864ms (cache miss)
1393 timing reifyNode:node_modules/fast-querystring Completed in 23064ms
1394 http fetch GET 200 https://registry.npmjs.org/color-name/-/color-name-1.1.3.tgz 21210ms (cache miss)
1395 timing reifyNode:node_modules/@babel/highlight/node_modules/color-name Completed in 23026ms
1396 http fetch GET 200 https://registry.npmjs.org/fast-safe-stringify/-/fast-safe-stringify-2.1.1.tgz 21890ms (cache miss)
1397 timing reifyNode:node_modules/fast-safe-stringify Completed in 23081ms
1398 http fetch GET 200 https://registry.npmjs.org/pug 16727ms (cache miss)
1399 timing metavuln:packument:pug Completed in 16741ms
1400 timing metavuln:load:security-advisory:pug:1104111 Completed in 1ms
1401 http fetch GET 200 https://registry.npmjs.org/emittery/-/emittery-0.13.1.tgz 21951ms (cache miss)
1402 timing reifyNode:node_modules/emittery Completed in 23199ms
1403 http fetch GET 200 https://registry.npmjs.org/semver/-/semver-6.3.1.tgz 21433ms (cache miss)
1404 timing reifyNode:node_modules/@babel/helper-compilation-targets/node_modules/semver Completed in 23256ms
1405 http fetch GET 200 https://registry.npmjs.org/fastify-plugin/-/fastify-plugin-4.2.0.tgz 21561ms (cache miss)
1406 timing reifyNode:node_modules/@fastify/view/node_modules/fastify-plugin Completed in 23340ms
1407 http fetch GET 200 https://registry.npmjs.org/micromatch 16928ms (cache miss)
1408 timing metavuln:packument:micromatch Completed in 16932ms
1409 timing metavuln:load:security-advisory:micromatch:1098681 Completed in 1ms
1410 http fetch GET 200 https://registry.npmjs.org/globals/-/globals-11.12.0.tgz 21546ms (cache miss)
1411 timing reifyNode:node_modules/@babel/traverse/node_modules/globals Completed in 23352ms
1412 http fetch GET 200 https://registry.npmjs.org/semver/-/semver-6.3.1.tgz 21550ms (cache miss)
1413 timing reifyNode:node_modules/@babel/core/node_modules/semver Completed in 23376ms
1414 http fetch GET 200 https://registry.npmjs.org/js-yaml 17002ms (cache miss)
1415 timing metavuln:packument:js-yaml Completed in 17006ms
1416 timing metavuln:load:security-advisory:js-yaml:1112714 Completed in 7ms
1417 timing metavuln:load:security-advisory:js-yaml:1112715 Completed in 2ms
1418 http fetch GET 200 https://registry.npmjs.org/picomatch 16993ms (cache miss)
1419 timing metavuln:packument:picomatch Completed in 16994ms
1420 timing metavuln:load:security-advisory:picomatch:1115549 Completed in 1ms
1421 timing metavuln:load:security-advisory:picomatch:1115552 Completed in 1ms
1422 http fetch GET 200 https://registry.npmjs.org/fastify-plugin/-/fastify-plugin-4.2.0.tgz 21665ms (cache miss)
1423 timing reifyNode:node_modules/@fastify/static/node_modules/fastify-plugin Completed in 23445ms
1424 http fetch GET 200 https://registry.npmjs.org/json-schema-traverse/-/json-schema-traverse-1.0.0.tgz 21667ms (cache miss)
1425 http fetch GET 200 https://registry.npmjs.org/fast-redact/-/fast-redact-3.5.0.tgz 22321ms (cache miss)
1426 timing reifyNode:node_modules/fast-redact Completed in 23509ms
1427 http fetch GET 200 https://registry.npmjs.org/lru-cache/-/lru-cache-7.18.3.tgz 21818ms (cache miss)
1428 timing reifyNode:node_modules/normalize-package-data/node_modules/lru-cache Completed in 23549ms
1429 http fetch GET 200 https://registry.npmjs.org/globals/-/globals-14.0.0.tgz 21690ms (cache miss)
1430 timing reifyNode:node_modules/@eslint/eslintrc/node_modules/globals Completed in 23496ms
1431 http fetch GET 200 https://registry.npmjs.org/lodash 17085ms (cache miss)
1432 timing metavuln:packument:lodash Completed in 17088ms
1433 timing metavuln:load:security-advisory:lodash:1112455 Completed in 2ms
1434 timing metavuln:load:security-advisory:lodash:1115806 Completed in 3ms
1435 timing metavuln:load:security-advisory:lodash:1115810 Completed in 2ms
1436 http fetch GET 200 https://registry.npmjs.org/flatted 17104ms (cache miss)
1437 timing metavuln:packument:flatted Completed in 17105ms
1438 timing metavuln:load:security-advisory:flatted:1114526 Completed in 1ms
1439 timing metavuln:load:security-advisory:flatted:1115357 Completed in 1ms
1440 http fetch GET 200 https://registry.npmjs.org/babel-preset-jest/-/babel-preset-jest-29.6.3.tgz 22179ms (cache miss)
1441 timing reifyNode:node_modules/babel-preset-jest Completed in 23541ms
1442 timing reifyNode:node_modules/@fastify/ajv-compiler/node_modules/json-schema-traverse Completed in 23526ms
1443 http fetch GET 200 https://registry.npmjs.org/path-to-regexp 17150ms (cache miss)
1444 timing metavuln:packument:path-to-regexp Completed in 17152ms
1445 timing metavuln:load:security-advisory:path-to-regexp:1101846 Completed in 2ms
1446 http fetch GET 200 https://registry.npmjs.org/babel-preset-current-node-syntax/-/babel-preset-current-node-syntax-1.0.1.tgz 22233ms (cache miss)
1447 timing reifyNode:node_modules/babel-preset-current-node-syntax Completed in 23596ms
1448 http fetch GET 200 https://registry.npmjs.org/markdown-it 17191ms (cache miss)
1449 timing metavuln:packument:markdown-it Completed in 17196ms
1450 timing metavuln:load:security-advisory:markdown-it:1113190 Completed in 1ms
1451 http fetch GET 200 https://registry.npmjs.org/fastify-plugin/-/fastify-plugin-4.5.1.tgz 21859ms (cache miss)
1452 http fetch GET 200 https://registry.npmjs.org/balanced-match/-/balanced-match-1.0.2.tgz 22312ms (cache miss)
1453 timing reifyNode:node_modules/balanced-match Completed in 23672ms
1454 http fetch GET 200 https://registry.npmjs.org/babel-plugin-jest-hoist/-/babel-plugin-jest-hoist-29.6.3.tgz 22311ms (cache miss)
1455 timing reifyNode:node_modules/babel-plugin-jest-hoist Completed in 23675ms
1456 http fetch GET 200 https://registry.npmjs.org/@babel/helper-simple-access/-/helper-simple-access-7.22.5.tgz 22121ms (cache miss)
1457 timing reifyNode:node_modules/@babel/helper-simple-access Completed in 23669ms
1458 http fetch GET 200 https://registry.npmjs.org/@babel/helper-hoist-variables/-/helper-hoist-variables-7.22.5.tgz 22132ms (cache miss)
1459 timing reifyNode:node_modules/@babel/helper-hoist-variables Completed in 23682ms
1460 http fetch GET 200 https://registry.npmjs.org/babel-jest/-/babel-jest-29.7.0.tgz 22341ms (cache miss)
1461 timing reifyNode:node_modules/babel-jest Completed in 23708ms
1462 http fetch GET 200 https://registry.npmjs.org/@types/estree/-/estree-1.0.5.tgz 22250ms (cache miss)
1463 timing reifyNode:node_modules/@types/estree Completed in 23699ms
1464 http fetch GET 200 https://registry.npmjs.org/ssri/-/ssri-9.0.1.tgz 22027ms (cache miss)
1465 timing reifyNode:node_modules/node-gyp/node_modules/ssri Completed in 23760ms
1466 http fetch GET 200 https://registry.npmjs.org/bl/-/bl-4.1.0.tgz 22399ms (cache miss)
1467 timing reifyNode:node_modules/bl Completed in 23751ms
1468 http fetch GET 200 https://registry.npmjs.org/base64-js/-/base64-js-1.5.1.tgz 22400ms (cache miss)
1469 timing reifyNode:node_modules/base64-js Completed in 23758ms
1470 http fetch GET 200 https://registry.npmjs.org/@babel/helper-validator-option/-/helper-validator-option-7.23.5.tgz 22206ms (cache miss)
1471 timing reifyNode:node_modules/@babel/helper-validator-option Completed in 23751ms
1472 timing reifyNode:node_modules/@fastify/flash/node_modules/fastify-plugin Completed in 23757ms
1473 timing metavuln:cache:put:security-advisory:@tootallnate/once:Bij+qufwr7God+MYI0JIFJYEDFT3IlGllIhDaMb6DB6UZOYpGBBfXc1Jq59Wdg/M2NdGRUO2+zYnIEZHW42YDw== Completed in 1432ms
1474 timing metavuln:calculate:security-advisory:@tootallnate/once:1113977 Completed in 17366ms
1475 http fetch GET 200 https://registry.npmjs.org/bindings/-/bindings-1.5.0.tgz 22424ms (cache miss)
1476 timing reifyNode:node_modules/bindings Completed in 23781ms
1477 http fetch GET 200 https://registry.npmjs.org/fastify-plugin/-/fastify-plugin-4.5.1.tgz 22004ms (cache miss)
1478 timing reifyNode:node_modules/@fastify/formbody/node_modules/fastify-plugin Completed in 23792ms
1479 timing metavuln:cache:put:security-advisory:ip:kueZWtHx2OlOfcgg7jCuzsMg1G+hSWSz46I4qS9A9YkI1yyLIkm6qmb9EAp6afwx9qKW96Z5AKmkLgtElUvJrg== Completed in 1350ms
1480 timing metavuln:calculate:security-advisory:ip:1114832 Completed in 17382ms
1481 timing metavuln:cache:put:security-advisory:brace-expansion:kIHgu1L8zIy7pY0wp6wYzUm7tst3xTM2tiSYrstcGK/XsO7o4p6zyuUSjq93oH1dvU2tbEvlSW+gaNbGIbeudw== Completed in 1318ms
1482 timing metavuln:calculate:security-advisory:brace-expansion:1115540 Completed in 17399ms
1483 timing metavuln:cache:put:security-advisory:brace-expansion:mClmYqWawCNXseeTBHWiIwZH/2CmFUqPCmosJIeOhAgD9z1v3SayhHAwaWVo8wmeKU/JN9VP4zDBeXaqy3Ay2A== Completed in 1323ms
1484 timing metavuln:calculate:security-advisory:brace-expansion:1105444 Completed in 17401ms
1485 timing metavuln:cache:put:security-advisory:dottie:0ACVlgh2XixrZ76V6Aw4AGmXe/vScI8AGIUQKFGZaYZxp4MyNabKSDBfLcT9XlERSFeHYQ9hiMRtZaHo1b3mTw== Completed in 1267ms
1486 timing metavuln:calculate:security-advisory:dottie:1113536 Completed in 17405ms
1487 timing metavuln:cache:put:security-advisory:braces:JiXBFkEDkUnBQLw3PO6emUmmm2JXqgEbh+FhB3SNDS8k6Z0wM20irrfaOjjxYuMxZaKaDudvR037mtEoeqZzXw== Completed in 1501ms
1488 timing metavuln:calculate:security-advisory:braces:1098094 Completed in 17410ms
1489 timing metavuln:cache:put:security-advisory:ip:FcMhhitnipE8n5zCPiVRq2NLRNmu7UZkoO9lrM5CRC/emGwY5wSoa1+q1Q1Z8SPpfXO9tzox/MNRv7luhyJvqg== Completed in 1422ms
1490 timing metavuln:calculate:security-advisory:ip:1101851 Completed in 17444ms
1491 timing metavuln:cache:put:security-advisory:pug-code-gen:jYtA+ua4XfswkuObBtnwWn2fYvQUK4ca+Iv1+bqgs4mXRLiX4zUdwwNSawL0T4CvKtEq8q6TFgvFydQ8OKg+/Q== Completed in 1101ms
1492 timing metavuln:calculate:security-advisory:pug-code-gen:1104107 Completed in 17424ms
1493 timing metavuln:cache:put:security-advisory:brace-expansion:7IQMvcVTr+svbh5KCx4Kl6FQKJ1GciM03BnJAve/5WYJjUeRzKAIrStVpfachbl3T6a7o8nYlQEVG6Ih0TNXRg== Completed in 1384ms
1494 timing metavuln:calculate:security-advisory:brace-expansion:1105443 Completed in 17462ms
1495 timing metavuln:cache:put:security-advisory:brace-expansion:ZHzAtnciS42HIMtUGajCifTIrkCUkWb93u/V1lJEt9HzdJ+ypMofn/dKgSOaziPQj+WGAcGS7t7WdPUHJBz0LA== Completed in 1381ms
1496 timing metavuln:calculate:security-advisory:brace-expansion:1115541 Completed in 17462ms
1497 timing metavuln:cache:put:security-advisory:fast-uri:eOa7c7ILtYrQRi7Vh70WI0pPtbJX306JIRinfkWw7EszqtCMyh5zDLP+J7GgLnqrHAp+szaZMuWjykheayYbvw== Completed in 1033ms
1498 timing metavuln:calculate:security-advisory:fast-uri:1117884 Completed in 17464ms
1499 http fetch GET 200 https://registry.npmjs.org/fast-uri/-/fast-uri-2.3.0.tgz 22751ms (cache miss)
1500 timing metavuln:cache:put:security-advisory:pug:q1QCNIb5doZm6I3eRGcu7TI0K8fyc7dAf2McLW9B8u9n+aVFF2mdYrDZecswkGEqvp/OYAJdtseKaRANUQq8pQ== Completed in 748ms
1501 timing metavuln:calculate:security-advisory:pug:1104111 Completed in 17491ms
1502 http fetch GET 200 https://registry.npmjs.org/string-length/-/string-length-4.0.2.tgz 23224ms (cache miss)
1503 timing reifyNode:node_modules/string-length Completed in 24007ms
1504 timing metavuln:cache:put:security-advisory:fast-uri:QBT+YWg36QlsCGIVyx+qyR2DNhgjC+VCOjRO1zswpjRQn4lFmcf77EeA6ufO4yxSJO9dVgUtRQ76zfsnZLLsHg== Completed in 1093ms
1505 timing metavuln:calculate:security-advisory:fast-uri:1117870 Completed in 17524ms
1506 timing metavuln:cache:put:security-advisory:serialize-javascript:y5ht5IaVIMjpwL0IZGKIrAJO+O1KQhhG2+VGCBx2lcZuGkhWWkccmfdEpDP4g3jX06lLdfGiDu1+ptdkafpN0Q== Completed in 915ms
1507 timing metavuln:calculate:security-advisory:serialize-javascript:1115723 Completed in 17496ms
1508 timing reifyNode:node_modules/fast-uri Completed in 23970ms
1509 timing metavuln:cache:put:security-advisory:serialize-javascript:VNhzhjSQJJPSfVWQUXMpEy6hsW23faurQllLlGbSJ7QrUHjncb9PKDTQYw8APRVBzMug+7YJc5EWXV6SYvPIiw== Completed in 919ms
1510 timing metavuln:calculate:security-advisory:serialize-javascript:1113686 Completed in 17499ms
1511 http fetch GET 200 https://registry.npmjs.org/available-typed-arrays/-/available-typed-arrays-1.0.7.tgz 22613ms (cache miss)
1512 timing reifyNode:node_modules/available-typed-arrays Completed in 23982ms
1513 http fetch GET 200 https://registry.npmjs.org/string-width/-/string-width-4.2.3.tgz 23278ms (cache miss)
1514 timing reifyNode:node_modules/string-width Completed in 24060ms
1515 http fetch GET 200 https://registry.npmjs.org/strip-ansi/-/strip-ansi-6.0.1.tgz 23283ms (cache miss)
1516 timing reifyNode:node_modules/strip-ansi Completed in 24062ms
1517 timing metavuln:cache:put:security-advisory:cross-spawn:PBcc/5P1UEO/1Ba/jUNR65wOzs1wU0Y+m+OOSfB57dG5EajzjbqRMRm0l7MWqcJgHDYM5GoZ36Hm7qAYFlIH3A== Completed in 1073ms
1518 timing metavuln:calculate:security-advisory:cross-spawn:1104664 Completed in 17572ms
1519 timing metavuln:cache:put:security-advisory:cookie:EFt7h/FZLeopARa06+F2CBY5ItUm007mP/cHgZjTJZX1MeIwg3JD7toSioRoDeE8wm5VdkimqlS+CnuPhZqbIg== Completed in 1066ms
1520 timing metavuln:calculate:security-advisory:cookie:1103907 Completed in 17576ms
1521 http fetch GET 200 https://registry.npmjs.org/tree-kill/-/tree-kill-1.2.2.tgz 23329ms (cache miss)
1522 timing reifyNode:node_modules/tree-kill Completed in 24083ms
1523 http fetch GET 200 https://registry.npmjs.org/fastify-plugin/-/fastify-plugin-4.5.1.tgz 22200ms (cache miss)
1524 timing reifyNode:node_modules/@fastify/cookie/node_modules/fastify-plugin Completed in 23992ms
1525 http fetch GET 200 https://registry.npmjs.org/fastify-plugin/-/fastify-plugin-4.5.1.tgz 22212ms (cache miss)
1526 http fetch GET 200 https://registry.npmjs.org/fastify-plugin/-/fastify-plugin-4.5.1.tgz 22210ms (cache miss)
1527 http fetch GET 200 https://registry.npmjs.org/@babel/helper-string-parser/-/helper-string-parser-7.24.1.tgz 22445ms (cache miss)
1528 timing reifyNode:node_modules/@babel/helper-string-parser Completed in 23992ms
1529 http fetch GET 200 https://registry.npmjs.org/supports-preserve-symlinks-flag/-/supports-preserve-symlinks-flag-1.0.0.tgz 23311ms (cache miss)
1530 http fetch GET 200 https://registry.npmjs.org/type-is/-/type-is-1.6.18.tgz 23390ms (cache miss)
1531 timing reifyNode:node_modules/type-is Completed in 24138ms
1532 timing reifyNode:node_modules/@fastify/secure-session/node_modules/fastify-plugin Completed in 24044ms
1533 timing reifyNode:node_modules/@fastify/sensible/node_modules/fastify-plugin Completed in 24054ms
1534 timing metavuln:cache:put:security-advisory:js-yaml:621IdjBdZEeVoUcjWGl1jXN0jFDGaf7dIQMeaPVKf5MxqYprJztiOC0OHOUPVoayh7Cq/fTC8L5CqEb98qlE7w== Completed in 647ms
1535 timing metavuln:calculate:security-advisory:js-yaml:1112715 Completed in 17662ms
1536 timing metavuln:cache:put:security-advisory:picomatch:H8EHkZXRRUdil3DyUl8tc8lCQUliQzjc5H5D4llqFojH152sBqO1suz3XiNiRQT++wJdWkgXe/zFc/Bbrrz6ng== Completed in 635ms
1537 timing metavuln:calculate:security-advisory:picomatch:1115552 Completed in 17636ms
1538 timing metavuln:cache:put:security-advisory:flatted:oa7V2KnuHnLCPcrXFvcQLRAa1NASGJm9yZ+B92xpfwxan7PZyVrZjYAHt6LB51PFfA2mM8KGE+VHR+U5X/2uZw== Completed in 539ms
1539 timing metavuln:calculate:security-advisory:flatted:1114526 Completed in 17645ms
1540 timing metavuln:cache:put:security-advisory:js-yaml:MQ5RokLIvrWmT8/NQU0dD+jQ+6pFslHlaXx1Z5q7mESITohR8AwLT525ddIc2KvKZYbB1p5yclW3kV4xeRYXEg== Completed in 661ms
1541 timing metavuln:calculate:security-advisory:js-yaml:1112714 Completed in 17674ms
1542 timing reifyNode:node_modules/supports-preserve-symlinks-flag Completed in 24161ms
1543 http fetch GET 200 https://registry.npmjs.org/is-arrayish/-/is-arrayish-0.2.1.tgz 23010ms (cache miss)
1544 timing reifyNode:node_modules/is-arrayish Completed in 24117ms
1545 timing metavuln:cache:put:security-advisory:micromatch:TlYHmS8BZBwkbsPHbTfH2/e91KJnOnqfC63ZoKdiRy+yt6biPd8BwjBdyfPUht1+ZO675I3Gg00RQPYaWiOm8Q== Completed in 739ms
1546 timing metavuln:calculate:security-advisory:micromatch:1098681 Completed in 17673ms
1547 http fetch GET 200 https://registry.npmjs.org/type-detect/-/type-detect-4.0.8.tgz 23434ms (cache miss)
1548 timing reifyNode:node_modules/type-detect Completed in 24185ms
1549 http fetch GET 200 https://registry.npmjs.org/glob 17707ms (cache miss)
1550 timing metavuln:packument:glob Completed in 17710ms
1551 timing metavuln:load:security-advisory:glob:1109842 Completed in 5ms
1552 timing metavuln:cache:put:security-advisory:picomatch:GSQ5ghUF1JWDKMssoydWDVRebjlPePRwktLhrdWzXCq5xeBXdo4Cm9HGHnH2b6P1Nq93YjwPmimVjAx6kge32A== Completed in 708ms
1553 timing metavuln:calculate:security-advisory:picomatch:1115549 Completed in 17705ms
1554 timing metavuln:cache:put:security-advisory:lodash:DNnxUw8Ep7p1YCAJl4A30HMQmsK3uaHxA5fhfuTpXJUBgCvmZbKGD7OWAcfQ2u+fc9lY6ap1BhHpARF9oEarxQ== Completed in 615ms
1555 timing metavuln:calculate:security-advisory:lodash:1115806 Completed in 17709ms
1556 timing metavuln:cache:put:security-advisory:flatted:uMG/3R828PE31LVzr7SnM2pFAXessH3XoRtonZYiGJtZfR5a//VWhmdMxy/RepstCydCDFxkci7fqEuzEvhnAA== Completed in 604ms
1557 timing metavuln:calculate:security-advisory:flatted:1115357 Completed in 17711ms
1558 http fetch GET 200 https://registry.npmjs.org/qs 17703ms (cache miss)
1559 timing metavuln:packument:qs Completed in 17707ms
1560 timing metavuln:load:security-advisory:qs:1113161 Completed in 3ms
1561 timing metavuln:load:security-advisory:qs:1113719 Completed in 2ms
1562 http fetch GET 200 https://registry.npmjs.org/object-inspect/-/object-inspect-1.13.1.tgz 23233ms (cache miss)
1563 timing reifyNode:node_modules/object-inspect Completed in 24213ms
1564 http fetch GET 200 https://registry.npmjs.org/is-binary-path/-/is-binary-path-2.1.0.tgz 23117ms (cache miss)
1565 timing reifyNode:node_modules/is-binary-path Completed in 24222ms
1566 timing metavuln:cache:put:security-advisory:lodash:thshZSsl03tivWaq68PzU+tj1Rdgd6ZGN992B7QB+2oylByv6bvG8a/FXYANJwK5kybQ7+c0hg18JSj4gYikrg== Completed in 673ms
1567 timing metavuln:calculate:security-advisory:lodash:1115810 Completed in 17771ms
1568 http fetch GET 200 https://registry.npmjs.org/@babel/helper-validator-identifier/-/helper-validator-identifier-7.22.20.tgz 22636ms (cache miss)
1569 timing reifyNode:node_modules/@babel/helper-validator-identifier Completed in 24183ms
1570 timing metavuln:cache:put:security-advisory:lodash:OGNA5lR8rR8aeucWHqvJLBV5oaroI/lF2JfG9J2l63dx9uiGUyHuI4ymC6nv+dqWwxtqCIMcqBukiWYEiF5/RQ== Completed in 688ms
1571 timing metavuln:calculate:security-advisory:lodash:1112455 Completed in 17780ms
1572 timing metavuln:cache:put:security-advisory:path-to-regexp:TmkHz1g6xKc2pnDD1h6+ZDKMikxz0M1BBY/wyR9ER8446AKOUk6gXjoSR2douZ5enAllzNSKaynTW1H+LBi1CA== Completed in 626ms
1573 timing metavuln:calculate:security-advisory:path-to-regexp:1101846 Completed in 17781ms
1574 http fetch GET 200 https://registry.npmjs.org/test-exclude/-/test-exclude-6.0.0.tgz 23527ms (cache miss)
1575 timing reifyNode:node_modules/test-exclude Completed in 24289ms
1576 timing metavuln:cache:put:security-advisory:markdown-it:745Vt4mrHCdT8gFHVh7oHROmP4aH4fErXXhbpeVBhtIHmsxTVI7P3rJSdfXZ1iZTBS6GEnTERL4OWUfc4Co9jQ== Completed in 591ms
1577 timing metavuln:calculate:security-advisory:markdown-it:1113190 Completed in 17788ms
1578 http fetch GET 200 https://registry.npmjs.org/@babel%2fruntime 17814ms (cache miss)
1579 timing metavuln:packument:@babel/runtime Completed in 17821ms
1580 timing metavuln:load:security-advisory:@babel/runtime:1104000 Completed in 5ms
1581 http fetch GET 200 https://registry.npmjs.org/typed-array-byte-length/-/typed-array-byte-length-1.0.1.tgz 23567ms (cache miss)
1582 timing reifyNode:node_modules/typed-array-byte-length Completed in 24313ms
1583 http fetch GET 200 https://registry.npmjs.org/typed-array-byte-offset/-/typed-array-byte-offset-1.0.2.tgz 23573ms (cache miss)
1584 timing reifyNode:node_modules/typed-array-byte-offset Completed in 24317ms
1585 http fetch GET 200 https://registry.npmjs.org/validator 17782ms (cache miss)
1586 timing metavuln:packument:validator Completed in 17785ms
1587 timing metavuln:load:security-advisory:validator:1109241 Completed in 2ms
1588 timing metavuln:load:security-advisory:validator:1112713 Completed in 3ms
1589 http fetch GET 200 https://registry.npmjs.org/@webassemblyjs/wasm-edit/-/wasm-edit-1.12.1.tgz 22842ms (cache miss)
1590 timing reifyNode:node_modules/@webassemblyjs/wasm-edit Completed in 24258ms
1591 http fetch GET 200 https://registry.npmjs.org/find-my-way 17837ms (cache miss)
1592 timing metavuln:packument:find-my-way Completed in 17839ms
1593 timing metavuln:load:security-advisory:find-my-way:1099853 Completed in 2ms
1594 http fetch GET 200 https://registry.npmjs.org/minimatch 17863ms (cache miss)
1595 timing metavuln:packument:minimatch Completed in 17868ms
1596 timing metavuln:load:security-advisory:minimatch:1113459 Completed in 3ms
1597 timing metavuln:load:security-advisory:minimatch:1113461 Completed in 3ms
1598 timing metavuln:load:security-advisory:minimatch:1113465 Completed in 3ms
1599 timing metavuln:load:security-advisory:minimatch:1113538 Completed in 3ms
1600 timing metavuln:load:security-advisory:minimatch:1113540 Completed in 8ms
1601 timing metavuln:load:security-advisory:minimatch:1113544 Completed in 1ms
1602 timing metavuln:load:security-advisory:minimatch:1113546 Completed in 2ms
1603 timing metavuln:load:security-advisory:minimatch:1113548 Completed in 2ms
1604 timing metavuln:load:security-advisory:minimatch:1113552 Completed in 2ms
1605 http fetch GET 200 https://registry.npmjs.org/typed-array-buffer/-/typed-array-buffer-1.0.2.tgz 23650ms (cache miss)
1606 timing reifyNode:node_modules/typed-array-buffer Completed in 24397ms
1607 http fetch GET 200 https://registry.npmjs.org/tar 17866ms (cache miss)
1608 timing metavuln:packument:tar Completed in 17869ms
1609 timing metavuln:load:security-advisory:tar:1112659 Completed in 1ms
1610 timing metavuln:load:security-advisory:tar:1113300 Completed in 3ms
1611 timing metavuln:load:security-advisory:tar:1113375 Completed in 2ms
1612 timing metavuln:load:security-advisory:tar:1114200 Completed in 1ms
1613 timing metavuln:load:security-advisory:tar:1114302 Completed in 2ms
1614 timing metavuln:load:security-advisory:tar:1114680 Completed in 2ms
1615 timing metavuln:load:security-advisory:tar:1097493 Completed in 2ms
1616 http fetch GET 200 https://registry.npmjs.org/nanoid 17953ms (cache miss)
1617 timing metavuln:packument:nanoid Completed in 17960ms
1618 timing metavuln:load:security-advisory:nanoid:1109563 Completed in 2ms
1619 http fetch GET 200 https://registry.npmjs.org/tarn/-/tarn-3.0.2.tgz 23716ms (cache miss)
1620 timing reifyNode:node_modules/tarn Completed in 24486ms
1621 http fetch GET 200 https://registry.npmjs.org/electron-to-chromium/-/electron-to-chromium-1.4.746.tgz 23177ms (cache miss)
1622 timing reifyNode:node_modules/electron-to-chromium Completed in 24422ms
1623 http fetch GET 200 https://registry.npmjs.org/string.prototype.trimstart/-/string.prototype.trimstart-1.0.8.tgz 23715ms (cache miss)
1624 timing reifyNode:node_modules/string.prototype.trimstart Completed in 24498ms
1625 http fetch GET 200 https://registry.npmjs.org/buffer/-/buffer-5.7.1.tgz 23113ms (cache miss)
1626 timing reifyNode:node_modules/buffer Completed in 24458ms
1627 http fetch GET 200 https://registry.npmjs.org/typedarray-to-buffer/-/typedarray-to-buffer-3.1.5.tgz 23809ms (cache miss)
1628 timing reifyNode:node_modules/typedarray-to-buffer Completed in 24553ms
1629 timing metavuln:cache:put:security-advisory:qs:vVSN+MRVpdux32gCUfPGidHUGmS/0G5Ziwtmb1YXw3NARw1r47LtySeR7yFf/LZ4sKzi41443WWDDZzPHuCh9g== Completed in 369ms
1630 timing metavuln:calculate:security-advisory:qs:1113161 Completed in 18085ms
1631 timing metavuln:cache:put:security-advisory:glob:NTB2XjbDOgk4lkd8PZ3tUAm1F3E/ohGF6rl9/3LEO7Z0FDzSR5nWwzd3nUENA3NCNdyeR+35DOC12wPml2IV+g== Completed in 425ms
1632 timing metavuln:calculate:security-advisory:glob:1109842 Completed in 18141ms
1633 timing metavuln:cache:put:security-advisory:qs:iChjlXxtVMTpyXsUse674XoeCayLW4gF6rE7sQcXvHRFegwpM44fUr9Eqlmsmu+S9udu9w9eZmpzcAcyiUJMIQ== Completed in 394ms
1634 timing metavuln:calculate:security-advisory:qs:1113719 Completed in 18106ms
1635 http fetch GET 200 https://registry.npmjs.org/@types/eslint/-/eslint-8.4.6.tgz 23109ms (cache miss)
1636 timing reifyNode:node_modules/@types/eslint Completed in 24561ms
1637 timing metavuln:cache:put:security-advisory:find-my-way:ncPGiupWBmuLy3osYbi6NeA3zAkV0H2ETbz204QySGfjGMvhOUrckXpvAqjVyzsYU9NNJZrPHuMSulTPi+/bfw== Completed in 309ms
1638 timing metavuln:calculate:security-advisory:find-my-way:1099853 Completed in 18150ms
1639 timing metavuln:cache:put:security-advisory:@babel/runtime:xDaNmlS3J8LRk7IfDb7e9Gp3gcy/xDr1QZXCKC997SMkqKVemm2guY9vQpRI6omD11L5cfCI+STpoAdxUgnVsA== Completed in 346ms
1640 timing metavuln:calculate:security-advisory:@babel/runtime:1104000 Completed in 18172ms
1641 timing metavuln:cache:put:security-advisory:minimatch:/utMkAt3a6jSPsaWIJ1J7tAb7G+ccGxNsymbhFTVWOMIyhRZOJ9QR0zn1SNtejrdUO5fsO4RDJKDMI6C5/bkuw== Completed in 289ms
1642 timing metavuln:calculate:security-advisory:minimatch:1113461 Completed in 18163ms
1643 timing metavuln:cache:put:security-advisory:minimatch:IBqefxF0lKwSFXzwGHp5L8khqSaPYY99x0GHtXNH4YxtdIexeL4FFPzrnnBvkhgmGDEWHo3XAgpPYGyM1jidQQ== Completed in 264ms
1644 timing metavuln:calculate:security-advisory:minimatch:1113552 Completed in 18162ms
1645 timing metavuln:cache:put:security-advisory:minimatch:kx7kRjUmjSYmgQBpfsU82Na4xORZqvqpRRSlOyPLadasPBl0YfFJCjIETC00BG7Gd2omQLizgz8/GnnE/hk+Jw== Completed in 288ms
1646 timing metavuln:calculate:security-advisory:minimatch:1113538 Completed in 18169ms
1647 timing metavuln:cache:put:security-advisory:tar:eeMx7uxRjV2T2ub1XcSZGVUMDQllh5SgBOjApRXoDwccZb2xPyoJEKCNDkl/ZQGHcurw9K/Nf+wQF6u7SWH6CQ== Completed in 257ms
1648 timing metavuln:calculate:security-advisory:tar:1114200 Completed in 18136ms
1649 http fetch GET 200 https://registry.npmjs.org/postcss 18158ms (cache miss)
1650 timing metavuln:packument:postcss Completed in 18164ms
1651 timing metavuln:load:security-advisory:postcss:1117015 Completed in 3ms
1652 http fetch GET 200 https://registry.npmjs.org/@babel/helper-module-transforms/-/helper-module-transforms-7.23.3.tgz 23038ms (cache miss)
1653 timing reifyNode:node_modules/@babel/helper-module-transforms Completed in 24588ms
1654 timing metavuln:cache:put:security-advisory:minimatch:txOieOIAfgHfBPiN09+pYAjPLRzgUOz3D3illtf9vTzeqs41QJZjfj5jVXCi/3ICpBX0YlJi/ghdWSjCJwNtwA== Completed in 305ms
1655 timing metavuln:calculate:security-advisory:minimatch:1113540 Completed in 18196ms
1656 timing metavuln:cache:put:security-advisory:minimatch:tdaAHfWGUw/nl/W8ALWVH+LvG2E3gvo3P2FI/fVPxm3aZteLxWMOEuk/9iDk5O0/cZN/GRXnabt/mW/bfUoL/g== Completed in 303ms
1657 timing metavuln:calculate:security-advisory:minimatch:1113546 Completed in 18198ms
1658 timing metavuln:cache:put:security-advisory:validator:IkyJOqfhkev0E9tRX4zbgkqtsxJX67cd4upO2f1EheDpncnx522qyf9oLyXwjDcWGeZOQHSqJUAh/kUyYH60qQ== Completed in 368ms
1659 timing metavuln:calculate:security-advisory:validator:1109241 Completed in 18156ms
1660 timing metavuln:cache:put:security-advisory:tar:xsfciMtNhQn+Vb692L8h5HEYBYUJ5Lhjy3bF//LOsKSn8tp0f1hbuDX26k9UtKJNPZjM5uuq2Cxlz3KwL19oJg== Completed in 273ms
1661 timing metavuln:calculate:security-advisory:tar:1097493 Completed in 18158ms
1662 timing metavuln:cache:put:security-advisory:tar:Bbf0Br7FJ1lJBIJDoLLFwjsDrbaYgLVqfrwr0ATzSQWEKW7Xp073S+5zxU9imRf4OqRJHo2MsCDeyKR0KRVsdA== Completed in 283ms
1663 timing metavuln:calculate:security-advisory:tar:1113375 Completed in 18160ms
1664 timing metavuln:cache:put:security-advisory:validator:K8tnmsGw+QkTexUmTWxKwuHjWuT7Hea3z5nNI9JdW3F0rI0+n7L2rpU8PIPJJVMbPs2Qmf97TEHw10QorOnMzQ== Completed in 368ms
1665 timing metavuln:calculate:security-advisory:validator:1112713 Completed in 18159ms
1666 timing metavuln:cache:put:security-advisory:nanoid:SvMVdtEUVO5ESues2DL9aEFMy6oMG+saOn/tNitKJcx7q7CvMfC5ZcstpC8dbnZl5KL/q/3pYBvQrAPBFsC+nQ== Completed in 225ms
1667 timing metavuln:calculate:security-advisory:nanoid:1109563 Completed in 18189ms
1668 timing metavuln:cache:put:security-advisory:tar:qPQeYPFDBIedTWfYK3sbnScF6Ha7ouTs+wgndnz4PT5P+/K+GBD4epoPcYpXlu6AC7gSJlCJTJeuKbYAFoK9PA== Completed in 298ms
1669 timing metavuln:calculate:security-advisory:tar:1112659 Completed in 18170ms
1670 timing metavuln:cache:put:security-advisory:minimatch:tJ9Z2VGWqiQfLaVKxc9K/6Rz1g70Mpl3An4UK+K1lyHdz27vYPzhMIkC4jRGAN2wpssY+8l13Ql259B6zkaX/Q== Completed in 321ms
1671 timing metavuln:calculate:security-advisory:minimatch:1113544 Completed in 18213ms
1672 timing metavuln:cache:put:security-advisory:minimatch:V/3cIcyAQcG1bwuH0e0PI9Qt5WRtbvb/WOz2mBxAfNzXf+Dvs9G1X05eHjnPq2b0TJY4zXXpqhCAkRAipgk3iQ== Completed in 345ms
1673 timing metavuln:calculate:security-advisory:minimatch:1113459 Completed in 18216ms
1674 timing metavuln:cache:put:security-advisory:tar:UWW3Y4BpqE/fE3Qp2/QBaix5a7TZZoP7gM6asxPYL9ED9MweoK3ryao+Bp0Y6Y8Xds/rmjAafpG21YRYkP3N4g== Completed in 294ms
1675 timing metavuln:calculate:security-advisory:tar:1114302 Completed in 18175ms
1676 timing metavuln:cache:put:security-advisory:minimatch:d1vHbFmApmPZ8D7tU5wibuYDk+ODEPdqBqmhQYykwFs/yMixetMkwY01zYVdWNOsg0NvkvSTlNgJ2ddzclruSA== Completed in 318ms
1677 timing metavuln:calculate:security-advisory:minimatch:1113548 Completed in 18215ms
1678 timing metavuln:cache:put:security-advisory:minimatch:B00WbbnnDNaFGA7l9BgrTioYpRMzU4+U8SUF8cn65LwArJAK0O380QwyP/UyxPr7i9XUjX9/AADC41/edu9OrA== Completed in 342ms
1679 timing metavuln:calculate:security-advisory:minimatch:1113465 Completed in 18219ms
1680 timing metavuln:cache:put:security-advisory:tar:vbDW3SJe6e2hhLv65iuyXehzCzEAirdu2MloZluu8ApJ5S0mpjZNCz+7tMRaz8WDOzMKfYQKi/M/IfcFNOa3Cw== Completed in 303ms
1681 timing metavuln:calculate:security-advisory:tar:1114680 Completed in 18186ms
1682 timing metavuln:cache:put:security-advisory:tar:cbwMpzkxWE086TmEbj2aUk80Z6hlvP0jzlWS+XiX15JwqEtFzUgHyHj3QX4I6EZYk8tgcYPuNr3hYFVCQY6e3Q== Completed in 315ms
1683 timing metavuln:calculate:security-advisory:tar:1113300 Completed in 18190ms
1684 http fetch GET 200 https://registry.npmjs.org/jest-snapshot/-/jest-snapshot-29.7.0.tgz 23631ms (cache miss)
1685 timing reifyNode:node_modules/jest-snapshot Completed in 24691ms
1686 http fetch GET 200 https://registry.npmjs.org/get-symbol-description/-/get-symbol-description-1.0.2.tgz 23534ms (cache miss)
1687 timing reifyNode:node_modules/get-symbol-description Completed in 24689ms
1688 http fetch GET 200 https://registry.npmjs.org/yargs/-/yargs-17.7.2.tgz 24082ms (cache miss)
1689 http fetch GET 200 https://registry.npmjs.org/terser-webpack-plugin/-/terser-webpack-plugin-5.3.10.tgz 24044ms (cache miss)
1690 timing reifyNode:node_modules/terser-webpack-plugin Completed in 24807ms
1691 timing reifyNode:node_modules/yargs Completed in 24823ms
1692 http fetch GET 200 https://registry.npmjs.org/@jridgewell/resolve-uri/-/resolve-uri-3.1.2.tgz 23235ms (cache miss)
1693 timing reifyNode:node_modules/@jridgewell/resolve-uri Completed in 24725ms
1694 timing metavuln:cache:put:security-advisory:postcss:685RVq5xScaqegAXk2BRJrsMaZmsz1d/volUoA67iVw3AvHhUlX03u+VPRrmo8iuObcSDvuZF+fuiOnLC9L1uA== Completed in 165ms
1695 timing metavuln:calculate:security-advisory:postcss:1117015 Completed in 18333ms
1696 http fetch GET 200 https://registry.npmjs.org/fastify 18357ms (cache miss)
1697 timing metavuln:packument:fastify Completed in 18376ms
1698 timing metavuln:load:security-advisory:fastify:1112876 Completed in 10ms
1699 timing metavuln:load:security-advisory:fastify:1112877 Completed in 4ms
1700 timing metavuln:load:security-advisory:fastify:1115367 Completed in 5ms
1701 http fetch GET 200 https://registry.npmjs.org/@eslint-community/regexpp/-/regexpp-4.10.0.tgz 23370ms (cache miss)
1702 timing reifyNode:node_modules/@eslint-community/regexpp Completed in 24891ms
1703 timing metavuln:cache:put:security-advisory:fastify:Mu3bbsgGIQMzQU+JUqKbxbOdmJ9sahc+8jmwkzzm3/7BqYYzReNvhjLjZ9XT5ElUjr+2gUCz/6X6tV16iM+obQ== Completed in 152ms
1704 timing metavuln:calculate:security-advisory:fastify:1112877 Completed in 18543ms
1705 timing metavuln:cache:put:security-advisory:fastify:vrddC5kD1iC6bjQC2yMAnNLy1/+VmRDX3Vr+8eGmbbd/ikD6VgNiIpwTn2TMS3TAzr8ZR+5OeLpu/4I5U8QBKA== Completed in 162ms
1706 timing metavuln:calculate:security-advisory:fastify:1115367 Completed in 18557ms
1707 http fetch GET 200 https://registry.npmjs.org/type-fest/-/type-fest-0.20.2.tgz 24317ms (cache miss)
1708 timing reifyNode:node_modules/type-fest Completed in 25066ms
1709 timing metavuln:cache:put:security-advisory:fastify:5OdrwYv5Xzq+rI3bchsuaHIz85Yyo5gTdhOrQGf2Em7pRhXXR2ur0R7W7qQ6UpWsSxuRBW8Fdp57dyqUhR5/yw== Completed in 177ms
1710 timing metavuln:calculate:security-advisory:fastify:1112876 Completed in 18563ms
1711 http fetch GET 200 https://registry.npmjs.org/@eslint-community/eslint-utils/-/eslint-utils-4.4.0.tgz 23451ms (cache miss)
1712 timing reifyNode:node_modules/@eslint-community/eslint-utils Completed in 24973ms
1713 http fetch GET 200 https://registry.npmjs.org/avvio/-/avvio-8.3.0.tgz 23662ms (cache miss)
1714 timing reifyNode:node_modules/avvio Completed in 25051ms
1715 http fetch GET 200 https://registry.npmjs.org/sequelize 18611ms (cache miss)
1716 timing metavuln:packument:sequelize Completed in 18631ms
1717 timing metavuln:load:security-advisory:sequelize:1114318 Completed in 12ms
1718 http fetch GET 200 https://registry.npmjs.org/bluebird/-/bluebird-3.7.2.tgz 23767ms (cache miss)
1719 timing reifyNode:node_modules/bluebird Completed in 25123ms
1720 timing metavuln:cache:put:security-advisory:sequelize:wjhMoLZiiqIacD4+V2lI9921Z2ZeJryL/EpzUzvbYcIegwFDJzNWjjO/YQBa50uUmoyjfCuJxHX0z9qwD769Dg== Completed in 61ms
1721 timing metavuln:calculate:security-advisory:sequelize:1114318 Completed in 18704ms
1722 http fetch GET 200 https://registry.npmjs.org/fast-json-stringify/-/fast-json-stringify-5.14.1.tgz 23998ms (cache miss)
1723 timing reifyNode:node_modules/fast-json-stringify Completed in 25200ms
1724 http fetch GET 200 https://registry.npmjs.org/tsconfig-paths/-/tsconfig-paths-3.15.0.tgz 24523ms (cache miss)
1725 timing reifyNode:node_modules/tsconfig-paths Completed in 25277ms
1726 http fetch GET 200 https://registry.npmjs.org/@babel/helpers/-/helpers-7.24.4.tgz 23649ms (cache miss)
1727 timing reifyNode:node_modules/@babel/helpers Completed in 25193ms
1728 http fetch GET 200 https://registry.npmjs.org/webpack 18783ms (cache miss)
1729 timing metavuln:packument:webpack Completed in 18810ms
1730 timing metavuln:load:security-advisory:webpack:1113041 Completed in 13ms
1731 timing metavuln:load:security-advisory:webpack:1113042 Completed in 9ms
1732 timing metavuln:load:security-advisory:webpack:1099351 Completed in 17ms
1733 timing metavuln:cache:put:security-advisory:webpack:IzHFkMfHDC+SV3IL23ZHngntgLDUgyESA9Ge8Mh5rKNVcDpaWLuTZIcoUJg4/bAH+BQlnDzJ4nLfJCy6fOIM0A== Completed in 63ms
1734 timing metavuln:calculate:security-advisory:webpack:1113041 Completed in 18887ms
1735 timing metavuln:cache:put:security-advisory:webpack:s8eUYzfoKCRSDroeyV91F0huXvDaY4W8tlhzcL2BszFV9dolZHIAn/UZ/7LVU12F35esXqY1PqnhYKHfHcDozQ== Completed in 53ms
1736 timing metavuln:calculate:security-advisory:webpack:1113042 Completed in 18886ms
1737 timing metavuln:cache:put:security-advisory:webpack:7Pl1j4sHKhCQAEccTmt3XZIEEazRzvyC0TOx07N0G7o5OIhhZ0j0Ji3KSCbTwfmCR/2OHJ3Mx5ZmedDQEQeBbg== Completed in 38ms
1738 timing metavuln:calculate:security-advisory:webpack:1099351 Completed in 18887ms
1739 timing metavuln:cache:get:security-advisory:@babel/core:rHFDgAPDp/sCXbJTVH1CD++gRwqnDm1l5hjqv1UshTfFC03lkAXjHj5sWn7bV61VhpDSBibBqnzYuoOuIJuY0Q== Completed in 4ms
1740 http fetch GET 200 https://registry.npmjs.org/terser/-/terser-5.30.4.tgz 24855ms (cache miss)
1741 timing reifyNode:node_modules/terser Completed in 25617ms
1742 http fetch GET 200 https://registry.npmjs.org/@babel%2fcore 303ms (cache miss)
1743 timing metavuln:packument:@babel/core Completed in 307ms
1744 timing metavuln:load:security-advisory:@babel/core:+NsF1flAI8VENgJn0XVIWaC4lCe3b89AZgBOx219qXn/BdXH1EWl/yD49aHbhQimIG4kna8zgkunsmpiAVwNPQ== Completed in 71ms
1745 http fetch GET 200 https://registry.npmjs.org/thread-stream/-/thread-stream-2.6.0.tgz 25077ms (cache miss)
1746 timing reifyNode:node_modules/thread-stream Completed in 25837ms
1747 http fetch GET 200 https://registry.npmjs.org/@babel/plugin-syntax-logical-assignment-operators/-/plugin-syntax-logical-assignment-operators-7.10.4.tgz 24210ms (cache miss)
1748 timing reifyNode:node_modules/@babel/plugin-syntax-logical-assignment-operators Completed in 25750ms
1749 timing metavuln:cache:put:security-advisory:@babel/core:rHFDgAPDp/sCXbJTVH1CD++gRwqnDm1l5hjqv1UshTfFC03lkAXjHj5sWn7bV61VhpDSBibBqnzYuoOuIJuY0Q== Completed in 46ms
1750 timing metavuln:calculate:security-advisory:@babel/core:+NsF1flAI8VENgJn0XVIWaC4lCe3b89AZgBOx219qXn/BdXH1EWl/yD49aHbhQimIG4kna8zgkunsmpiAVwNPQ== Completed in 426ms
1751 timing metavuln:cache:get:security-advisory:date-fns:kHMTVg+O95Y0EFfM2HO1mb7SZ4p5vWeiW1gikHyGe2x3c6+UXU8uqt+wXkUDmiXnjlJPeS0xt/QOsr/K++6P+Q== Completed in 3ms
1752 timing metavuln:cache:get:security-advisory:i18next:l4tbfjbVOZGuH/00FuoHxAf5DtkJBCMqzu0CQ4juWz1pfNe0diGF78qD/NikjjOQugC9THUj3QGPzO/X2ByTaQ== Completed in 2ms
1753 http fetch GET 200 https://registry.npmjs.org/@babel/highlight/-/highlight-7.24.2.tgz 24359ms (cache miss)
1754 timing reifyNode:node_modules/@babel/highlight Completed in 25904ms
1755 http fetch GET 200 https://registry.npmjs.org/date-fns 310ms (cache miss)
1756 timing metavuln:packument:date-fns Completed in 317ms
1757 timing metavuln:load:security-advisory:date-fns:xDaNmlS3J8LRk7IfDb7e9Gp3gcy/xDr1QZXCKC997SMkqKVemm2guY9vQpRI6omD11L5cfCI+STpoAdxUgnVsA== Completed in 13ms
1758 timing metavuln:cache:put:security-advisory:date-fns:kHMTVg+O95Y0EFfM2HO1mb7SZ4p5vWeiW1gikHyGe2x3c6+UXU8uqt+wXkUDmiXnjlJPeS0xt/QOsr/K++6P+Q== Completed in 87ms
1759 timing metavuln:calculate:security-advisory:date-fns:xDaNmlS3J8LRk7IfDb7e9Gp3gcy/xDr1QZXCKC997SMkqKVemm2guY9vQpRI6omD11L5cfCI+STpoAdxUgnVsA== Completed in 418ms
1760 http fetch GET 200 https://registry.npmjs.org/html-escaper/-/html-escaper-2.0.2.tgz 25126ms (cache miss)
1761 timing reifyNode:node_modules/html-escaper Completed in 26270ms
1762 http fetch GET 200 https://registry.npmjs.org/i18next 1273ms (cache miss)
1763 timing metavuln:packument:i18next Completed in 2256ms
1764 timing metavuln:load:security-advisory:i18next:xDaNmlS3J8LRk7IfDb7e9Gp3gcy/xDr1QZXCKC997SMkqKVemm2guY9vQpRI6omD11L5cfCI+STpoAdxUgnVsA== Completed in 40ms
1765 timing metavuln:cache:put:security-advisory:i18next:l4tbfjbVOZGuH/00FuoHxAf5DtkJBCMqzu0CQ4juWz1pfNe0diGF78qD/NikjjOQugC9THUj3QGPzO/X2ByTaQ== Completed in 130ms
1766 timing metavuln:calculate:security-advisory:i18next:xDaNmlS3J8LRk7IfDb7e9Gp3gcy/xDr1QZXCKC997SMkqKVemm2guY9vQpRI6omD11L5cfCI+STpoAdxUgnVsA== Completed in 2427ms
1767 timing metavuln:cache:get:security-advisory:@eslint/eslintrc:aTNWJFSkw5DS4SB2nZgnaAFFdAXCgYakUu7Vnu0VAj0AclpVyjznKIgNeS8Irm+NcHSORmoypttmDbChxemxqA== Completed in 6ms
1768 timing metavuln:cache:get:security-advisory:ajv-keywords:CfFtUnAadfuCbS71yeRl9tl/9HIXJ6js/s7gXlcBmi25TSuj5fGBRan13Z6fruYADIymacHLp/CVDNUa5XJjlQ== Completed in 5ms
1769 timing metavuln:cache:get:security-advisory:eslint:6kRX7Aokk76Jx6XoOHiMSU8BTR90SQMK5AZjmt7HFdN87a8DFzzjuJwsTWoA1xHp5ATdta4R7ud3Xw2YczLZlA== Completed in 4ms
1770 timing metavuln:cache:get:security-advisory:schema-utils:vlNV1ObVfukgjaciZvL6tO81wrIqbupJy3JWyMpfVe/qCIyWAVHkVJWWQRgYkBk00jAcxPQ8I4FgEcesSO9D+Q== Completed in 3ms
1771 http fetch GET 200 https://registry.npmjs.org/fastify/-/fastify-4.26.2.tgz 27063ms (cache miss)
1772 timing reifyNode:node_modules/fastify Completed in 28253ms
1773 http fetch GET 200 https://registry.npmjs.org/ajv/-/ajv-8.12.0.tgz 26476ms (cache miss)
1774 timing reifyNode:node_modules/@fastify/ajv-compiler/node_modules/ajv Completed in 28279ms
1775 http fetch GET 200 https://registry.npmjs.org/better-sqlite3/-/better-sqlite3-8.7.0.tgz 26989ms (cache miss)
1776 timing reifyNode:node_modules/better-sqlite3 Completed in 28358ms
1777 http fetch GET 200 https://registry.npmjs.org/schema-utils 149ms (cache miss)
1778 timing metavuln:packument:schema-utils Completed in 152ms
1779 timing metavuln:load:security-advisory:schema-utils:u4HOZ0QFYFTDLqnZ5TPSC8VEvP+HMuGcZACJuTqG8bm/gunrgkQwsiiH2pbF9tNIl45RK0sW2ccPzEojb1k0xQ== Completed in 15ms
1780 http fetch GET 200 https://registry.npmjs.org/@eslint%2feslintrc 194ms (cache miss)
1781 timing metavuln:packument:@eslint/eslintrc Completed in 196ms
1782 timing metavuln:load:security-advisory:@eslint/eslintrc:u4HOZ0QFYFTDLqnZ5TPSC8VEvP+HMuGcZACJuTqG8bm/gunrgkQwsiiH2pbF9tNIl45RK0sW2ccPzEojb1k0xQ== Completed in 2ms
1783 timing metavuln:cache:put:security-advisory:schema-utils:vlNV1ObVfukgjaciZvL6tO81wrIqbupJy3JWyMpfVe/qCIyWAVHkVJWWQRgYkBk00jAcxPQ8I4FgEcesSO9D+Q== Completed in 29ms
1784 timing metavuln:calculate:security-advisory:schema-utils:u4HOZ0QFYFTDLqnZ5TPSC8VEvP+HMuGcZACJuTqG8bm/gunrgkQwsiiH2pbF9tNIl45RK0sW2ccPzEojb1k0xQ== Completed in 198ms
1785 http fetch GET 200 https://registry.npmjs.org/ajv-keywords 203ms (cache miss)
1786 timing metavuln:packument:ajv-keywords Completed in 205ms
1787 timing metavuln:load:security-advisory:ajv-keywords:u4HOZ0QFYFTDLqnZ5TPSC8VEvP+HMuGcZACJuTqG8bm/gunrgkQwsiiH2pbF9tNIl45RK0sW2ccPzEojb1k0xQ== Completed in 8ms
1788 timing metavuln:cache:put:security-advisory:@eslint/eslintrc:aTNWJFSkw5DS4SB2nZgnaAFFdAXCgYakUu7Vnu0VAj0AclpVyjznKIgNeS8Irm+NcHSORmoypttmDbChxemxqA== Completed in 18ms
1789 timing metavuln:calculate:security-advisory:@eslint/eslintrc:u4HOZ0QFYFTDLqnZ5TPSC8VEvP+HMuGcZACJuTqG8bm/gunrgkQwsiiH2pbF9tNIl45RK0sW2ccPzEojb1k0xQ== Completed in 216ms
1790 timing metavuln:cache:put:security-advisory:ajv-keywords:CfFtUnAadfuCbS71yeRl9tl/9HIXJ6js/s7gXlcBmi25TSuj5fGBRan13Z6fruYADIymacHLp/CVDNUa5XJjlQ== Completed in 7ms
1791 timing metavuln:calculate:security-advisory:ajv-keywords:u4HOZ0QFYFTDLqnZ5TPSC8VEvP+HMuGcZACJuTqG8bm/gunrgkQwsiiH2pbF9tNIl45RK0sW2ccPzEojb1k0xQ== Completed in 220ms
1792 http fetch GET 200 https://registry.npmjs.org/eslint 230ms (cache miss)
1793 timing metavuln:packument:eslint Completed in 245ms
1794 timing metavuln:load:security-advisory:eslint:u4HOZ0QFYFTDLqnZ5TPSC8VEvP+HMuGcZACJuTqG8bm/gunrgkQwsiiH2pbF9tNIl45RK0sW2ccPzEojb1k0xQ== Completed in 14ms
1795 timing metavuln:cache:put:security-advisory:eslint:6kRX7Aokk76Jx6XoOHiMSU8BTR90SQMK5AZjmt7HFdN87a8DFzzjuJwsTWoA1xHp5ATdta4R7ud3Xw2YczLZlA== Completed in 22ms
1796 timing metavuln:calculate:security-advisory:eslint:u4HOZ0QFYFTDLqnZ5TPSC8VEvP+HMuGcZACJuTqG8bm/gunrgkQwsiiH2pbF9tNIl45RK0sW2ccPzEojb1k0xQ== Completed in 283ms
1797 timing metavuln:cache:get:security-advisory:@fastify/ajv-compiler:+MLdGrUswLVyvmXiuYG66Nr9N0uWS06Mp2b1NPYRzxFzRanMM4snyVQYmf7jDlBCLmagi+ylWXX6kGn5g5IXJg== Completed in 27ms
1798 timing metavuln:cache:get:security-advisory:ajv-formats:FvZpb7jSNyyWiQIVPGitnU868Mo9VzJTfWeYAHvgwc94UdQjyn/4YC1QV41UK3biKRAfI35CyKmFL3IDemDaKQ== Completed in 26ms
1799 timing metavuln:cache:get:security-advisory:fast-json-stringify:XZWsOq+kHn1UjLK/uKvUbRzYGtOQyzV/hW4n+VQ+pUIUFFHT8wgzf3SfcccZ6hMHYV0BuN0TqHOEr1Pvh2AbvQ== Completed in 24ms
1800 timing metavuln:cache:get:security-advisory:objection:jeTPYs/kAD6NSRH/MdI7QnU+4Hiwje7WgQEBOjoTX9eJtgPbcSXlxjiVq480QD1AoBjpOEDDxi5b4uTcS/+5FA== Completed in 10ms
1801 timing metavuln:cache:get:security-advisory:schema-utils:jeD++QW3RmuXUj4724QcitSOqXm1y5wbrmfm8CQ+ksMJQx9x5aXXN4+FC6sDGla6lZbT/KpvddsLwTCnkcqp7w== Completed in 8ms
1802 timing metavuln:load:security-advisory:schema-utils:URErmxoyazZWR5lFcXpgTkGsbkrUBDlzD8W6txjBw2wZoOC7oHjHFfCrRr/VnGeJvbyUY9E2jxrL8p2XbwfP8g== Completed in 22ms
1803 timing metavuln:cache:get:security-advisory:ajv-keywords:2GXRn8zsuxNEY7/qN6wYE4CrPKkAphM+4Wm/OdOGHx+Nj0CLwtJcho1aVT3xUylELIHg6tXqQVmGBKQ2DdlCMA== Completed in 31ms
1804 timing metavuln:load:security-advisory:ajv-keywords:URErmxoyazZWR5lFcXpgTkGsbkrUBDlzD8W6txjBw2wZoOC7oHjHFfCrRr/VnGeJvbyUY9E2jxrL8p2XbwfP8g== Completed in 18ms
1805 timing metavuln:cache:put:security-advisory:ajv-keywords:2GXRn8zsuxNEY7/qN6wYE4CrPKkAphM+4Wm/OdOGHx+Nj0CLwtJcho1aVT3xUylELIHg6tXqQVmGBKQ2DdlCMA== Completed in 34ms
1806 timing metavuln:calculate:security-advisory:ajv-keywords:URErmxoyazZWR5lFcXpgTkGsbkrUBDlzD8W6txjBw2wZoOC7oHjHFfCrRr/VnGeJvbyUY9E2jxrL8p2XbwfP8g== Completed in 83ms
1807 timing metavuln:cache:put:security-advisory:schema-utils:jeD++QW3RmuXUj4724QcitSOqXm1y5wbrmfm8CQ+ksMJQx9x5aXXN4+FC6sDGla6lZbT/KpvddsLwTCnkcqp7w== Completed in 54ms
1808 timing metavuln:calculate:security-advisory:schema-utils:URErmxoyazZWR5lFcXpgTkGsbkrUBDlzD8W6txjBw2wZoOC7oHjHFfCrRr/VnGeJvbyUY9E2jxrL8p2XbwfP8g== Completed in 84ms
1809 http fetch GET 200 https://registry.npmjs.org/ajv-formats 219ms (cache miss)
1810 timing metavuln:packument:ajv-formats Completed in 222ms
1811 timing metavuln:load:security-advisory:ajv-formats:URErmxoyazZWR5lFcXpgTkGsbkrUBDlzD8W6txjBw2wZoOC7oHjHFfCrRr/VnGeJvbyUY9E2jxrL8p2XbwfP8g== Completed in 6ms
1812 timing metavuln:cache:put:security-advisory:ajv-formats:FvZpb7jSNyyWiQIVPGitnU868Mo9VzJTfWeYAHvgwc94UdQjyn/4YC1QV41UK3biKRAfI35CyKmFL3IDemDaKQ== Completed in 10ms
1813 timing metavuln:calculate:security-advisory:ajv-formats:URErmxoyazZWR5lFcXpgTkGsbkrUBDlzD8W6txjBw2wZoOC7oHjHFfCrRr/VnGeJvbyUY9E2jxrL8p2XbwfP8g== Completed in 238ms
1814 http fetch GET 200 https://registry.npmjs.org/fast-json-stringify 295ms (cache miss)
1815 timing metavuln:packument:fast-json-stringify Completed in 315ms
1816 timing metavuln:load:security-advisory:fast-json-stringify:URErmxoyazZWR5lFcXpgTkGsbkrUBDlzD8W6txjBw2wZoOC7oHjHFfCrRr/VnGeJvbyUY9E2jxrL8p2XbwfP8g== Completed in 18ms
1817 timing metavuln:cache:put:security-advisory:fast-json-stringify:XZWsOq+kHn1UjLK/uKvUbRzYGtOQyzV/hW4n+VQ+pUIUFFHT8wgzf3SfcccZ6hMHYV0BuN0TqHOEr1Pvh2AbvQ== Completed in 9ms
1818 timing metavuln:calculate:security-advisory:fast-json-stringify:URErmxoyazZWR5lFcXpgTkGsbkrUBDlzD8W6txjBw2wZoOC7oHjHFfCrRr/VnGeJvbyUY9E2jxrL8p2XbwfP8g== Completed in 344ms
1819 http fetch GET 200 https://registry.npmjs.org/@fastify%2fajv-compiler 401ms (cache miss)
1820 timing metavuln:packument:@fastify/ajv-compiler Completed in 403ms
1821 timing metavuln:load:security-advisory:@fastify/ajv-compiler:URErmxoyazZWR5lFcXpgTkGsbkrUBDlzD8W6txjBw2wZoOC7oHjHFfCrRr/VnGeJvbyUY9E2jxrL8p2XbwfP8g== Completed in 4ms
1822 http fetch GET 200 https://registry.npmjs.org/objection 392ms (cache miss)
1823 timing metavuln:packument:objection Completed in 398ms
1824 timing metavuln:load:security-advisory:objection:URErmxoyazZWR5lFcXpgTkGsbkrUBDlzD8W6txjBw2wZoOC7oHjHFfCrRr/VnGeJvbyUY9E2jxrL8p2XbwfP8g== Completed in 11ms
1825 timing metavuln:cache:put:security-advisory:@fastify/ajv-compiler:+MLdGrUswLVyvmXiuYG66Nr9N0uWS06Mp2b1NPYRzxFzRanMM4snyVQYmf7jDlBCLmagi+ylWXX6kGn5g5IXJg== Completed in 26ms
1826 timing metavuln:calculate:security-advisory:@fastify/ajv-compiler:URErmxoyazZWR5lFcXpgTkGsbkrUBDlzD8W6txjBw2wZoOC7oHjHFfCrRr/VnGeJvbyUY9E2jxrL8p2XbwfP8g== Completed in 434ms
1827 timing metavuln:cache:put:security-advisory:objection:jeTPYs/kAD6NSRH/MdI7QnU+4Hiwje7WgQEBOjoTX9eJtgPbcSXlxjiVq480QD1AoBjpOEDDxi5b4uTcS/+5FA== Completed in 8ms
1828 timing metavuln:calculate:security-advisory:objection:URErmxoyazZWR5lFcXpgTkGsbkrUBDlzD8W6txjBw2wZoOC7oHjHFfCrRr/VnGeJvbyUY9E2jxrL8p2XbwfP8g== Completed in 419ms
1829 timing metavuln:cache:get:security-advisory:@istanbuljs/load-nyc-config:w/86FNlNAKUQI54d7RUzBsP1/0m9gEqvzcKgVc1hG/QVJuqE1LIXvZVbQtAg4c7kez3/aUOM4JWOhkj3kEEPVA== Completed in 2ms
1830 http fetch GET 200 https://registry.npmjs.org/@istanbuljs%2fload-nyc-config 165ms (cache miss)
1831 timing metavuln:packument:@istanbuljs/load-nyc-config Completed in 166ms
1832 timing metavuln:load:security-advisory:@istanbuljs/load-nyc-config:MQ5RokLIvrWmT8/NQU0dD+jQ+6pFslHlaXx1Z5q7mESITohR8AwLT525ddIc2KvKZYbB1p5yclW3kV4xeRYXEg== Completed in 0ms
1833 timing metavuln:cache:put:security-advisory:@istanbuljs/load-nyc-config:w/86FNlNAKUQI54d7RUzBsP1/0m9gEqvzcKgVc1hG/QVJuqE1LIXvZVbQtAg4c7kez3/aUOM4JWOhkj3kEEPVA== Completed in 35ms
1834 timing metavuln:calculate:security-advisory:@istanbuljs/load-nyc-config:MQ5RokLIvrWmT8/NQU0dD+jQ+6pFslHlaXx1Z5q7mESITohR8AwLT525ddIc2KvKZYbB1p5yclW3kV4xeRYXEg== Completed in 202ms
1835 timing metavuln:cache:get:security-advisory:@eslint/eslintrc:+dj/LqpwTuLnMbBYuGIzIb6b3zspptDh0rakRHhZtIReGOQCQDIXFUqoHFXyUBrXqkKL96IYWa7gOtmMPQ2AIw== Completed in 4ms
1836 timing metavuln:load:security-advisory:@eslint/eslintrc:621IdjBdZEeVoUcjWGl1jXN0jFDGaf7dIQMeaPVKf5MxqYprJztiOC0OHOUPVoayh7Cq/fTC8L5CqEb98qlE7w== Completed in 11ms
1837 timing metavuln:cache:get:security-advisory:eslint:tWpS8shwtPvlnKrr0IDTnNgdZsEAPzEyjXys9cT2vEpfBr9XWHwJtpN5VN/tlasnmObTFIj3QrfKiIX5Y5+g2Q== Completed in 17ms
1838 timing metavuln:load:security-advisory:eslint:621IdjBdZEeVoUcjWGl1jXN0jFDGaf7dIQMeaPVKf5MxqYprJztiOC0OHOUPVoayh7Cq/fTC8L5CqEb98qlE7w== Completed in 18ms
1839 timing metavuln:cache:get:security-advisory:npm-check-updates:9vC8VlwNHMPreDKCmfk/iQYKr5FKq35DZWscTOeXqRjPbM+Efw5aQBr9cfJGMTacDylcPe1nQJ5GQctXjbhmEA== Completed in 35ms
1840 timing metavuln:cache:get:security-advisory:rc-config-loader:q4AulNladPM/Ic9lEbKbGuyQzjCn1jqwz0AMYs/yQHvgYOx1mDpLBZLgKZBAnHqoDFu8LWanb5hOiIEPx1/klw== Completed in 34ms
1841 timing metavuln:cache:put:security-advisory:@eslint/eslintrc:+dj/LqpwTuLnMbBYuGIzIb6b3zspptDh0rakRHhZtIReGOQCQDIXFUqoHFXyUBrXqkKL96IYWa7gOtmMPQ2AIw== Completed in 44ms
1842 timing metavuln:calculate:security-advisory:@eslint/eslintrc:621IdjBdZEeVoUcjWGl1jXN0jFDGaf7dIQMeaPVKf5MxqYprJztiOC0OHOUPVoayh7Cq/fTC8L5CqEb98qlE7w== Completed in 62ms
1843 timing metavuln:cache:put:security-advisory:eslint:tWpS8shwtPvlnKrr0IDTnNgdZsEAPzEyjXys9cT2vEpfBr9XWHwJtpN5VN/tlasnmObTFIj3QrfKiIX5Y5+g2Q== Completed in 30ms
1844 timing metavuln:calculate:security-advisory:eslint:621IdjBdZEeVoUcjWGl1jXN0jFDGaf7dIQMeaPVKf5MxqYprJztiOC0OHOUPVoayh7Cq/fTC8L5CqEb98qlE7w== Completed in 65ms
1845 http fetch GET 200 https://registry.npmjs.org/rc-config-loader 330ms (cache miss)
1846 timing metavuln:packument:rc-config-loader Completed in 332ms
1847 timing metavuln:load:security-advisory:rc-config-loader:621IdjBdZEeVoUcjWGl1jXN0jFDGaf7dIQMeaPVKf5MxqYprJztiOC0OHOUPVoayh7Cq/fTC8L5CqEb98qlE7w== Completed in 0ms
1848 timing metavuln:cache:put:security-advisory:rc-config-loader:q4AulNladPM/Ic9lEbKbGuyQzjCn1jqwz0AMYs/yQHvgYOx1mDpLBZLgKZBAnHqoDFu8LWanb5hOiIEPx1/klw== Completed in 6ms
1849 timing metavuln:calculate:security-advisory:rc-config-loader:621IdjBdZEeVoUcjWGl1jXN0jFDGaf7dIQMeaPVKf5MxqYprJztiOC0OHOUPVoayh7Cq/fTC8L5CqEb98qlE7w== Completed in 338ms
1850 http fetch GET 200 https://registry.npmjs.org/npm-check-updates 594ms (cache miss)
1851 timing metavuln:packument:npm-check-updates Completed in 610ms
1852 timing metavuln:load:security-advisory:npm-check-updates:621IdjBdZEeVoUcjWGl1jXN0jFDGaf7dIQMeaPVKf5MxqYprJztiOC0OHOUPVoayh7Cq/fTC8L5CqEb98qlE7w== Completed in 3ms
1853 timing metavuln:cache:put:security-advisory:npm-check-updates:9vC8VlwNHMPreDKCmfk/iQYKr5FKq35DZWscTOeXqRjPbM+Efw5aQBr9cfJGMTacDylcPe1nQJ5GQctXjbhmEA== Completed in 3ms
1854 timing metavuln:calculate:security-advisory:npm-check-updates:621IdjBdZEeVoUcjWGl1jXN0jFDGaf7dIQMeaPVKf5MxqYprJztiOC0OHOUPVoayh7Cq/fTC8L5CqEb98qlE7w== Completed in 617ms
1855 timing metavuln:cache:get:security-advisory:@fastify/static:TJO1f5BqMO4qMGONrc+X2aE91hAeJVEa64O46oNWsNPJu2NMTiGs2lLdmyRmAW0v3iBC5Nb7yZi+GFX0dYya2A== Completed in 5ms
1856 timing metavuln:cache:get:security-advisory:cacache:jgcnDPpQA6Pd0WUq11of4JS3nfZzFbYPGEiM5lXhkm38JNpJrS4nuiCNInBrG+RFBevWIak8ZWL+tkpr1DlzGg== Completed in 5ms
1857 timing metavuln:cache:get:security-advisory:js-beautify:Vg4oCCAQB/t0zzprsEbdJg6TgVHuRJw0PRholaLu8gEgXPNwujG9YYkL+R6A/jlFVJswJIA/24mjV0y67XN7RQ== Completed in 5ms
1858 timing metavuln:cache:get:security-advisory:rimraf:U6dWjEG+wBLaAeoUiIjGQdamS87vxL0a3IcTpkHufDNqr9Eagu7/CvMBwQallZVI2Pl2lkAMB2WJoO94XiR/Rw== Completed in 4ms
1859 timing metavuln:cache:get:security-advisory:read-package-json:5WkYUYsTGprHudeNOjhfcYXDGB8eWDswOp2+aJWtp1ncEbaoiGa2Q1lkBQE7lR7C0v/5HFdS8ID7fdeWkZPMug== Completed in 4ms
1860 http fetch GET 200 https://registry.npmjs.org/read-package-json 165ms (cache miss)
1861 timing metavuln:packument:read-package-json Completed in 168ms
1862 timing metavuln:load:security-advisory:read-package-json:NTB2XjbDOgk4lkd8PZ3tUAm1F3E/ohGF6rl9/3LEO7Z0FDzSR5nWwzd3nUENA3NCNdyeR+35DOC12wPml2IV+g== Completed in 2ms
1863 timing metavuln:cache:put:security-advisory:read-package-json:5WkYUYsTGprHudeNOjhfcYXDGB8eWDswOp2+aJWtp1ncEbaoiGa2Q1lkBQE7lR7C0v/5HFdS8ID7fdeWkZPMug== Completed in 13ms
1864 timing metavuln:calculate:security-advisory:read-package-json:NTB2XjbDOgk4lkd8PZ3tUAm1F3E/ohGF6rl9/3LEO7Z0FDzSR5nWwzd3nUENA3NCNdyeR+35DOC12wPml2IV+g== Completed in 183ms
1865 http fetch GET 200 https://registry.npmjs.org/cacache 185ms (cache miss)
1866 timing metavuln:packument:cacache Completed in 188ms
1867 timing metavuln:load:security-advisory:cacache:NTB2XjbDOgk4lkd8PZ3tUAm1F3E/ohGF6rl9/3LEO7Z0FDzSR5nWwzd3nUENA3NCNdyeR+35DOC12wPml2IV+g== Completed in 5ms
1868 http fetch GET 200 https://registry.npmjs.org/js-beautify 195ms (cache miss)
1869 timing metavuln:packument:js-beautify Completed in 197ms
1870 timing metavuln:load:security-advisory:js-beautify:NTB2XjbDOgk4lkd8PZ3tUAm1F3E/ohGF6rl9/3LEO7Z0FDzSR5nWwzd3nUENA3NCNdyeR+35DOC12wPml2IV+g== Completed in 3ms
1871 timing metavuln:cache:put:security-advisory:cacache:jgcnDPpQA6Pd0WUq11of4JS3nfZzFbYPGEiM5lXhkm38JNpJrS4nuiCNInBrG+RFBevWIak8ZWL+tkpr1DlzGg== Completed in 14ms
1872 timing metavuln:calculate:security-advisory:cacache:NTB2XjbDOgk4lkd8PZ3tUAm1F3E/ohGF6rl9/3LEO7Z0FDzSR5nWwzd3nUENA3NCNdyeR+35DOC12wPml2IV+g== Completed in 207ms
1873 http fetch GET 200 https://registry.npmjs.org/rimraf 206ms (cache miss)
1874 timing metavuln:packument:rimraf Completed in 207ms
1875 timing metavuln:load:security-advisory:rimraf:NTB2XjbDOgk4lkd8PZ3tUAm1F3E/ohGF6rl9/3LEO7Z0FDzSR5nWwzd3nUENA3NCNdyeR+35DOC12wPml2IV+g== Completed in 3ms
1876 timing metavuln:cache:put:security-advisory:js-beautify:Vg4oCCAQB/t0zzprsEbdJg6TgVHuRJw0PRholaLu8gEgXPNwujG9YYkL+R6A/jlFVJswJIA/24mjV0y67XN7RQ== Completed in 14ms
1877 timing metavuln:calculate:security-advisory:js-beautify:NTB2XjbDOgk4lkd8PZ3tUAm1F3E/ohGF6rl9/3LEO7Z0FDzSR5nWwzd3nUENA3NCNdyeR+35DOC12wPml2IV+g== Completed in 214ms
1878 timing metavuln:cache:put:security-advisory:rimraf:U6dWjEG+wBLaAeoUiIjGQdamS87vxL0a3IcTpkHufDNqr9Eagu7/CvMBwQallZVI2Pl2lkAMB2WJoO94XiR/Rw== Completed in 4ms
1879 timing metavuln:calculate:security-advisory:rimraf:NTB2XjbDOgk4lkd8PZ3tUAm1F3E/ohGF6rl9/3LEO7Z0FDzSR5nWwzd3nUENA3NCNdyeR+35DOC12wPml2IV+g== Completed in 214ms
1880 http fetch GET 200 https://registry.npmjs.org/@fastify%2fstatic 317ms (cache miss)
1881 timing metavuln:packument:@fastify/static Completed in 319ms
1882 timing metavuln:load:security-advisory:@fastify/static:NTB2XjbDOgk4lkd8PZ3tUAm1F3E/ohGF6rl9/3LEO7Z0FDzSR5nWwzd3nUENA3NCNdyeR+35DOC12wPml2IV+g== Completed in 1ms
1883 timing metavuln:cache:put:security-advisory:@fastify/static:TJO1f5BqMO4qMGONrc+X2aE91hAeJVEa64O46oNWsNPJu2NMTiGs2lLdmyRmAW0v3iBC5Nb7yZi+GFX0dYya2A== Completed in 4ms
1884 timing metavuln:calculate:security-advisory:@fastify/static:NTB2XjbDOgk4lkd8PZ3tUAm1F3E/ohGF6rl9/3LEO7Z0FDzSR5nWwzd3nUENA3NCNdyeR+35DOC12wPml2IV+g== Completed in 324ms
1885 timing metavuln:cache:get:security-advisory:http-proxy-agent:yWh+WsUCdzVUoHJ+ukHX3VBWHgc+bzFCiNYaEHuuvW29uVMpISqXUxRqbG/B55MQ8eiu9zSwUnABxh5qJf1U0w== Completed in 4ms
1886 http fetch GET 200 https://registry.npmjs.org/http-proxy-agent 107ms (cache miss)
1887 timing metavuln:packument:http-proxy-agent Completed in 108ms
1888 timing metavuln:load:security-advisory:http-proxy-agent:Bij+qufwr7God+MYI0JIFJYEDFT3IlGllIhDaMb6DB6UZOYpGBBfXc1Jq59Wdg/M2NdGRUO2+zYnIEZHW42YDw== Completed in 2ms
1889 timing metavuln:cache:put:security-advisory:http-proxy-agent:yWh+WsUCdzVUoHJ+ukHX3VBWHgc+bzFCiNYaEHuuvW29uVMpISqXUxRqbG/B55MQ8eiu9zSwUnABxh5qJf1U0w== Completed in 7ms
1890 timing metavuln:calculate:security-advisory:http-proxy-agent:Bij+qufwr7God+MYI0JIFJYEDFT3IlGllIhDaMb6DB6UZOYpGBBfXc1Jq59Wdg/M2NdGRUO2+zYnIEZHW42YDw== Completed in 118ms
1891 timing metavuln:cache:get:security-advisory:minimatch:EdzP79sukXfwnaTxyFO/a1+fXPBBvIH9NlsgWGTGWGSpQkNPxYQxFaMxiKCAwfckwBABbsvD1jCrk+QZ4W56Rw== Completed in 9ms
1892 timing metavuln:load:security-advisory:minimatch:7IQMvcVTr+svbh5KCx4Kl6FQKJ1GciM03BnJAve/5WYJjUeRzKAIrStVpfachbl3T6a7o8nYlQEVG6Ih0TNXRg== Completed in 13ms
1893 timing metavuln:cache:put:security-advisory:minimatch:EdzP79sukXfwnaTxyFO/a1+fXPBBvIH9NlsgWGTGWGSpQkNPxYQxFaMxiKCAwfckwBABbsvD1jCrk+QZ4W56Rw== Completed in 8ms
1894 timing metavuln:calculate:security-advisory:minimatch:7IQMvcVTr+svbh5KCx4Kl6FQKJ1GciM03BnJAve/5WYJjUeRzKAIrStVpfachbl3T6a7o8nYlQEVG6Ih0TNXRg== Completed in 32ms
1895 timing metavuln:cache:get:security-advisory:minimatch:47aVejY8/1KnEnFlTo+uF90a7w1XvtOjMP1i7DvyX4+jxy/wlG4RjX1rMW+bmptQMpL8TSkcMyWTMH7gxl9Fpg== Completed in 0ms
1896 timing metavuln:load:security-advisory:minimatch:mClmYqWawCNXseeTBHWiIwZH/2CmFUqPCmosJIeOhAgD9z1v3SayhHAwaWVo8wmeKU/JN9VP4zDBeXaqy3Ay2A== Completed in 3ms
1897 timing metavuln:cache:put:security-advisory:minimatch:47aVejY8/1KnEnFlTo+uF90a7w1XvtOjMP1i7DvyX4+jxy/wlG4RjX1rMW+bmptQMpL8TSkcMyWTMH7gxl9Fpg== Completed in 7ms
1898 timing metavuln:calculate:security-advisory:minimatch:mClmYqWawCNXseeTBHWiIwZH/2CmFUqPCmosJIeOhAgD9z1v3SayhHAwaWVo8wmeKU/JN9VP4zDBeXaqy3Ay2A== Completed in 12ms
1899 timing metavuln:cache:get:security-advisory:@eslint/eslintrc:ekjU9xvLMIGZ60VAS3cJiXhpLVygLLVhrX5j5gbU96muSnaowg56B//Z2ieRbqnSyEhXO09OAWrrIfGViIVogQ== Completed in 14ms
1900 timing metavuln:load:security-advisory:@eslint/eslintrc:V/3cIcyAQcG1bwuH0e0PI9Qt5WRtbvb/WOz2mBxAfNzXf+Dvs9G1X05eHjnPq2b0TJY4zXXpqhCAkRAipgk3iQ== Completed in 2ms
1901 timing metavuln:cache:get:security-advisory:@humanwhocodes/config-array:Tk7QyZJ/5FJIVNFvkr1kqYAW2HdFmlGmqor9USZiENZhVXh0kmlTve1snlA6YKmRt6Vc/ua7GMSY9wOQLaXfEQ== Completed in 16ms
1902 timing metavuln:cache:get:security-advisory:glob:SiaR+x876RZ4PrtFfgITl2I3eRZNkCbXOr2JdOKzsfFOqrFtyoEMmqMabD5D9LbuunJXr2ioG0JXsVQhURvrcw== Completed in 16ms
1903 timing metavuln:load:security-advisory:glob:V/3cIcyAQcG1bwuH0e0PI9Qt5WRtbvb/WOz2mBxAfNzXf+Dvs9G1X05eHjnPq2b0TJY4zXXpqhCAkRAipgk3iQ== Completed in 26ms
1904 timing metavuln:cache:get:security-advisory:eslint:ev5azc2U50vUYTqLo2/jaU7l8ps6Yvlqzkyp5OLr37QKqPK3+eCnjR+sureWWgBbnj1subBH7GupBmACDEZ2Mw== Completed in 43ms
1905 timing metavuln:load:security-advisory:eslint:V/3cIcyAQcG1bwuH0e0PI9Qt5WRtbvb/WOz2mBxAfNzXf+Dvs9G1X05eHjnPq2b0TJY4zXXpqhCAkRAipgk3iQ== Completed in 13ms
1906 timing metavuln:cache:get:security-advisory:eslint-plugin-import:8kV5Y/kp5eDWHoCxaxP2GpSM+URcZdaiGzBLqLCUL1aFnqNJYOG1MA8HRImPYwbeSnjoD4UdCemYrgpPgqe0nQ== Completed in 56ms
1907 timing metavuln:cache:get:security-advisory:test-exclude:De4LSt7GFd/3aSdpF9X0QBXe74F5SOyZn84x+XzVHWPULZ2n4LHZiiFowGX/Gy/2DxKjKrSmy5eilhUTqfLeXA== Completed in 55ms
1908 timing metavuln:cache:put:security-advisory:@eslint/eslintrc:ekjU9xvLMIGZ60VAS3cJiXhpLVygLLVhrX5j5gbU96muSnaowg56B//Z2ieRbqnSyEhXO09OAWrrIfGViIVogQ== Completed in 55ms
1909 timing metavuln:calculate:security-advisory:@eslint/eslintrc:V/3cIcyAQcG1bwuH0e0PI9Qt5WRtbvb/WOz2mBxAfNzXf+Dvs9G1X05eHjnPq2b0TJY4zXXpqhCAkRAipgk3iQ== Completed in 72ms
1910 timing metavuln:cache:put:security-advisory:glob:SiaR+x876RZ4PrtFfgITl2I3eRZNkCbXOr2JdOKzsfFOqrFtyoEMmqMabD5D9LbuunJXr2ioG0JXsVQhURvrcw== Completed in 32ms
1911 timing metavuln:calculate:security-advisory:glob:V/3cIcyAQcG1bwuH0e0PI9Qt5WRtbvb/WOz2mBxAfNzXf+Dvs9G1X05eHjnPq2b0TJY4zXXpqhCAkRAipgk3iQ== Completed in 75ms
1912 timing metavuln:cache:put:security-advisory:eslint:ev5azc2U50vUYTqLo2/jaU7l8ps6Yvlqzkyp5OLr37QKqPK3+eCnjR+sureWWgBbnj1subBH7GupBmACDEZ2Mw== Completed in 20ms
1913 timing metavuln:calculate:security-advisory:eslint:V/3cIcyAQcG1bwuH0e0PI9Qt5WRtbvb/WOz2mBxAfNzXf+Dvs9G1X05eHjnPq2b0TJY4zXXpqhCAkRAipgk3iQ== Completed in 76ms
1914 http fetch GET 200 https://registry.npmjs.org/test-exclude 169ms (cache miss)
1915 timing metavuln:packument:test-exclude Completed in 177ms
1916 timing metavuln:load:security-advisory:test-exclude:V/3cIcyAQcG1bwuH0e0PI9Qt5WRtbvb/WOz2mBxAfNzXf+Dvs9G1X05eHjnPq2b0TJY4zXXpqhCAkRAipgk3iQ== Completed in 1ms
1917 timing metavuln:cache:put:security-advisory:test-exclude:De4LSt7GFd/3aSdpF9X0QBXe74F5SOyZn84x+XzVHWPULZ2n4LHZiiFowGX/Gy/2DxKjKrSmy5eilhUTqfLeXA== Completed in 33ms
1918 timing metavuln:calculate:security-advisory:test-exclude:V/3cIcyAQcG1bwuH0e0PI9Qt5WRtbvb/WOz2mBxAfNzXf+Dvs9G1X05eHjnPq2b0TJY4zXXpqhCAkRAipgk3iQ== Completed in 211ms
1919 http fetch GET 200 https://registry.npmjs.org/eslint-plugin-import 229ms (cache miss)
1920 timing metavuln:packument:eslint-plugin-import Completed in 235ms
1921 timing metavuln:load:security-advisory:eslint-plugin-import:V/3cIcyAQcG1bwuH0e0PI9Qt5WRtbvb/WOz2mBxAfNzXf+Dvs9G1X05eHjnPq2b0TJY4zXXpqhCAkRAipgk3iQ== Completed in 2ms
1922 http fetch GET 200 https://registry.npmjs.org/@humanwhocodes%2fconfig-array 239ms (cache miss)
1923 timing metavuln:packument:@humanwhocodes/config-array Completed in 241ms
1924 timing metavuln:load:security-advisory:@humanwhocodes/config-array:V/3cIcyAQcG1bwuH0e0PI9Qt5WRtbvb/WOz2mBxAfNzXf+Dvs9G1X05eHjnPq2b0TJY4zXXpqhCAkRAipgk3iQ== Completed in 1ms
1925 timing metavuln:cache:put:security-advisory:eslint-plugin-import:8kV5Y/kp5eDWHoCxaxP2GpSM+URcZdaiGzBLqLCUL1aFnqNJYOG1MA8HRImPYwbeSnjoD4UdCemYrgpPgqe0nQ== Completed in 9ms
1926 timing metavuln:calculate:security-advisory:eslint-plugin-import:V/3cIcyAQcG1bwuH0e0PI9Qt5WRtbvb/WOz2mBxAfNzXf+Dvs9G1X05eHjnPq2b0TJY4zXXpqhCAkRAipgk3iQ== Completed in 246ms
1927 timing metavuln:cache:put:security-advisory:@humanwhocodes/config-array:Tk7QyZJ/5FJIVNFvkr1kqYAW2HdFmlGmqor9USZiENZhVXh0kmlTve1snlA6YKmRt6Vc/ua7GMSY9wOQLaXfEQ== Completed in 7ms
1928 timing metavuln:calculate:security-advisory:@humanwhocodes/config-array:V/3cIcyAQcG1bwuH0e0PI9Qt5WRtbvb/WOz2mBxAfNzXf+Dvs9G1X05eHjnPq2b0TJY4zXXpqhCAkRAipgk3iQ== Completed in 250ms
1929 timing metavuln:cache:get:security-advisory:glob:R4X+WnpDwtUFUv4hhCOieVu7cXYbSHCEovFByswSd9q6FLTbUcFBMmqOz6HDB3PanEPMgXwCTV2vlizoY9cSfg== Completed in 0ms
1930 timing metavuln:load:security-advisory:glob:/utMkAt3a6jSPsaWIJ1J7tAb7G+ccGxNsymbhFTVWOMIyhRZOJ9QR0zn1SNtejrdUO5fsO4RDJKDMI6C5/bkuw== Completed in 6ms
1931 timing metavuln:cache:put:security-advisory:glob:R4X+WnpDwtUFUv4hhCOieVu7cXYbSHCEovFByswSd9q6FLTbUcFBMmqOz6HDB3PanEPMgXwCTV2vlizoY9cSfg== Completed in 8ms
1932 timing metavuln:calculate:security-advisory:glob:/utMkAt3a6jSPsaWIJ1J7tAb7G+ccGxNsymbhFTVWOMIyhRZOJ9QR0zn1SNtejrdUO5fsO4RDJKDMI6C5/bkuw== Completed in 14ms
1933 timing metavuln:cache:get:security-advisory:@tufjs/models:4wxcDKEpUGR0GG34YoeguhvYrrA8gnDi+bbFPvJ1ftFhtA8GKofd1Zc9djffF9x3DYxzUuaf4dF+iJVeG77ZkQ== Completed in 3ms
1934 timing metavuln:cache:get:security-advisory:editorconfig:/pief47seGDBHnUOHcdf4vh8S5av/gmYGMH6T5uy3DhJchX5AykoNsEcl2U0K2kYnXDy3Q1HW14AEdN7s+Mmhw== Completed in 2ms
1935 timing metavuln:cache:get:security-advisory:glob:2gIChGnRwWJwoiDYphyLHqddJdZn+GRoNVbvpZ1vkwu0FmPASo3fUYL/YAIcdH4PhvoZ7didmLmcNsz6RTrveQ== Completed in 2ms
1936 timing metavuln:load:security-advisory:glob:B00WbbnnDNaFGA7l9BgrTioYpRMzU4+U8SUF8cn65LwArJAK0O380QwyP/UyxPr7i9XUjX9/AADC41/edu9OrA== Completed in 5ms
1937 timing metavuln:cache:get:security-advisory:ignore-walk:b0cI17MNlfsNzPHVnJnFHuGz6GP1AHCbc+TCdgowf9biWQZxg/Uqvqnya2SlfuePnqBI3YsbXp/211wT8oLsfQ== Completed in 6ms
1938 timing metavuln:cache:get:security-advisory:npm-check-updates:NcSy0P0mDK4VB/jfgMEeZpnhDP3GWx7OK1y46OcJ/EYGlWfFAkSvj/d77h1tDslj20pfQ88gclUYChhCMUrp7A== Completed in 6ms
1939 timing metavuln:load:security-advisory:npm-check-updates:B00WbbnnDNaFGA7l9BgrTioYpRMzU4+U8SUF8cn65LwArJAK0O380QwyP/UyxPr7i9XUjX9/AADC41/edu9OrA== Completed in 9ms
1940 timing metavuln:cache:put:security-advisory:glob:2gIChGnRwWJwoiDYphyLHqddJdZn+GRoNVbvpZ1vkwu0FmPASo3fUYL/YAIcdH4PhvoZ7didmLmcNsz6RTrveQ== Completed in 23ms
1941 timing metavuln:calculate:security-advisory:glob:B00WbbnnDNaFGA7l9BgrTioYpRMzU4+U8SUF8cn65LwArJAK0O380QwyP/UyxPr7i9XUjX9/AADC41/edu9OrA== Completed in 30ms
1942 timing metavuln:cache:put:security-advisory:npm-check-updates:NcSy0P0mDK4VB/jfgMEeZpnhDP3GWx7OK1y46OcJ/EYGlWfFAkSvj/d77h1tDslj20pfQ88gclUYChhCMUrp7A== Completed in 14ms
1943 timing metavuln:calculate:security-advisory:npm-check-updates:B00WbbnnDNaFGA7l9BgrTioYpRMzU4+U8SUF8cn65LwArJAK0O380QwyP/UyxPr7i9XUjX9/AADC41/edu9OrA== Completed in 29ms
1944 http fetch GET 200 https://registry.npmjs.org/editorconfig 164ms (cache miss)
1945 timing metavuln:packument:editorconfig Completed in 164ms
1946 timing metavuln:load:security-advisory:editorconfig:B00WbbnnDNaFGA7l9BgrTioYpRMzU4+U8SUF8cn65LwArJAK0O380QwyP/UyxPr7i9XUjX9/AADC41/edu9OrA== Completed in 1ms
1947 http fetch GET 200 https://registry.npmjs.org/@tufjs%2fmodels 168ms (cache miss)
1948 timing metavuln:packument:@tufjs/models Completed in 169ms
1949 timing metavuln:load:security-advisory:@tufjs/models:B00WbbnnDNaFGA7l9BgrTioYpRMzU4+U8SUF8cn65LwArJAK0O380QwyP/UyxPr7i9XUjX9/AADC41/edu9OrA== Completed in 2ms
1950 timing metavuln:cache:put:security-advisory:editorconfig:/pief47seGDBHnUOHcdf4vh8S5av/gmYGMH6T5uy3DhJchX5AykoNsEcl2U0K2kYnXDy3Q1HW14AEdN7s+Mmhw== Completed in 8ms
1951 timing metavuln:calculate:security-advisory:editorconfig:B00WbbnnDNaFGA7l9BgrTioYpRMzU4+U8SUF8cn65LwArJAK0O380QwyP/UyxPr7i9XUjX9/AADC41/edu9OrA== Completed in 175ms
1952 timing metavuln:cache:put:security-advisory:@tufjs/models:4wxcDKEpUGR0GG34YoeguhvYrrA8gnDi+bbFPvJ1ftFhtA8GKofd1Zc9djffF9x3DYxzUuaf4dF+iJVeG77ZkQ== Completed in 6ms
1953 timing metavuln:calculate:security-advisory:@tufjs/models:B00WbbnnDNaFGA7l9BgrTioYpRMzU4+U8SUF8cn65LwArJAK0O380QwyP/UyxPr7i9XUjX9/AADC41/edu9OrA== Completed in 177ms
1954 http fetch GET 200 https://registry.npmjs.org/ignore-walk 227ms (cache miss)
1955 timing metavuln:packument:ignore-walk Completed in 227ms
1956 timing metavuln:load:security-advisory:ignore-walk:B00WbbnnDNaFGA7l9BgrTioYpRMzU4+U8SUF8cn65LwArJAK0O380QwyP/UyxPr7i9XUjX9/AADC41/edu9OrA== Completed in 0ms
1957 timing metavuln:cache:put:security-advisory:ignore-walk:b0cI17MNlfsNzPHVnJnFHuGz6GP1AHCbc+TCdgowf9biWQZxg/Uqvqnya2SlfuePnqBI3YsbXp/211wT8oLsfQ== Completed in 7ms
1958 timing metavuln:calculate:security-advisory:ignore-walk:B00WbbnnDNaFGA7l9BgrTioYpRMzU4+U8SUF8cn65LwArJAK0O380QwyP/UyxPr7i9XUjX9/AADC41/edu9OrA== Completed in 236ms
1959 timing metavuln:cache:get:security-advisory:chokidar:LU+YLfVnn6vFXVAvnsGqd58Rz8g6tJ60ZMP+wazsDeQPoFbTHjxfCKIpn7lW6acFOIKvNjhthFMXqTIaWevt+w== Completed in 1ms
1960 timing metavuln:cache:get:security-advisory:micromatch:KLlQrQSexijh/BbB4FSM3fP0/MIDSj3iMiApgG1JwuVrHt48fzZ8fAIdgNu2TyvXdqnfHV2kIjol+N5OzsIiGQ== Completed in 0ms
1961 timing metavuln:load:security-advisory:micromatch:JiXBFkEDkUnBQLw3PO6emUmmm2JXqgEbh+FhB3SNDS8k6Z0wM20irrfaOjjxYuMxZaKaDudvR037mtEoeqZzXw== Completed in 2ms
1962 timing metavuln:cache:put:security-advisory:micromatch:KLlQrQSexijh/BbB4FSM3fP0/MIDSj3iMiApgG1JwuVrHt48fzZ8fAIdgNu2TyvXdqnfHV2kIjol+N5OzsIiGQ== Completed in 7ms
1963 timing metavuln:calculate:security-advisory:micromatch:JiXBFkEDkUnBQLw3PO6emUmmm2JXqgEbh+FhB3SNDS8k6Z0wM20irrfaOjjxYuMxZaKaDudvR037mtEoeqZzXw== Completed in 10ms
1964 http fetch GET 200 https://registry.npmjs.org/chokidar 145ms (cache miss)
1965 timing metavuln:packument:chokidar Completed in 148ms
1966 timing metavuln:load:security-advisory:chokidar:JiXBFkEDkUnBQLw3PO6emUmmm2JXqgEbh+FhB3SNDS8k6Z0wM20irrfaOjjxYuMxZaKaDudvR037mtEoeqZzXw== Completed in 2ms
1967 timing metavuln:cache:put:security-advisory:chokidar:LU+YLfVnn6vFXVAvnsGqd58Rz8g6tJ60ZMP+wazsDeQPoFbTHjxfCKIpn7lW6acFOIKvNjhthFMXqTIaWevt+w== Completed in 11ms
1968 timing metavuln:calculate:security-advisory:chokidar:JiXBFkEDkUnBQLw3PO6emUmmm2JXqgEbh+FhB3SNDS8k6Z0wM20irrfaOjjxYuMxZaKaDudvR037mtEoeqZzXw== Completed in 162ms
1969 timing metavuln:cache:get:security-advisory:light-my-request:UfYeYMGFnlVOh6z1dqFizSqjGi7YyyQMRc3JQ1VnZ/OBVx1zGC6e+b6mEKG/IaRMMtjP5WJ2749QJ6iB38mozA== Completed in 2ms
1970 timing metavuln:cache:get:security-advisory:youch:GCj7wAVwXmpdpHsZ3FBltk4ddq703nJZceXkq77o3f+gaNLubEhWMdGOuTbsQUIPAj4PXvzoyIJlnaLab4wWyA== Completed in 3ms
1971 http fetch GET 200 https://registry.npmjs.org/light-my-request 197ms (cache miss)
1972 timing metavuln:packument:light-my-request Completed in 198ms
1973 timing metavuln:load:security-advisory:light-my-request:EFt7h/FZLeopARa06+F2CBY5ItUm007mP/cHgZjTJZX1MeIwg3JD7toSioRoDeE8wm5VdkimqlS+CnuPhZqbIg== Completed in 2ms
1974 http fetch GET 200 https://registry.npmjs.org/watchpack/-/watchpack-2.4.1.tgz 30467ms (cache miss)
1975 timing reifyNode:node_modules/watchpack Completed in 31188ms
1976 timing metavuln:cache:put:security-advisory:light-my-request:UfYeYMGFnlVOh6z1dqFizSqjGi7YyyQMRc3JQ1VnZ/OBVx1zGC6e+b6mEKG/IaRMMtjP5WJ2749QJ6iB38mozA== Completed in 47ms
1977 timing metavuln:calculate:security-advisory:light-my-request:EFt7h/FZLeopARa06+F2CBY5ItUm007mP/cHgZjTJZX1MeIwg3JD7toSioRoDeE8wm5VdkimqlS+CnuPhZqbIg== Completed in 247ms
1978 http fetch GET 200 https://registry.npmjs.org/text-table/-/text-table-0.2.0.tgz 30463ms (cache miss)
1979 timing reifyNode:node_modules/text-table Completed in 31224ms
1980 http fetch GET 200 https://registry.npmjs.org/youch 295ms (cache miss)
1981 timing metavuln:packument:youch Completed in 297ms
1982 timing metavuln:load:security-advisory:youch:EFt7h/FZLeopARa06+F2CBY5ItUm007mP/cHgZjTJZX1MeIwg3JD7toSioRoDeE8wm5VdkimqlS+CnuPhZqbIg== Completed in 9ms
1983 timing metavuln:cache:put:security-advisory:youch:GCj7wAVwXmpdpHsZ3FBltk4ddq703nJZceXkq77o3f+gaNLubEhWMdGOuTbsQUIPAj4PXvzoyIJlnaLab4wWyA== Completed in 48ms
1984 timing metavuln:calculate:security-advisory:youch:EFt7h/FZLeopARa06+F2CBY5ItUm007mP/cHgZjTJZX1MeIwg3JD7toSioRoDeE8wm5VdkimqlS+CnuPhZqbIg== Completed in 355ms
1985 timing metavuln:cache:get:security-advisory:eslint:Ne/yNy0L08mqT6jqvFBG8ZHWrqAHuxGdNEOgZtub3Su4R2LUTaqbxpX8S30zZ7tis85Jmwxbqft0hpk4j9A12Q== Completed in 9ms
1986 timing metavuln:load:security-advisory:eslint:PBcc/5P1UEO/1Ba/jUNR65wOzs1wU0Y+m+OOSfB57dG5EajzjbqRMRm0l7MWqcJgHDYM5GoZ36Hm7qAYFlIH3A== Completed in 16ms
1987 timing metavuln:cache:get:security-advisory:execa:NWBEPrq1Krr7nahht+VdDSoXe5QCSkDBW+KpXfGL4TrZAModumScH8x3aPKXTD343uDMIN2l7nchl5/7a95SBQ== Completed in 27ms
1988 timing metavuln:cache:get:security-advisory:foreground-child:cZpBeVkHEpw8jHC+EKy88Laxrd1ur7RE5Fx7lVjtRJXjrwMFQVN00FKtYlT+IVZhQkq/19Fig8voVSYNZLEz1A== Completed in 24ms
1989 timing metavuln:cache:get:security-advisory:spawn-please:BphxFlmJVCef0edSeSF2BBo1sZe5hLcWnzmHf+irjeKMNwbxNw9WEGlLkVE/W1BkHcitZjhQlZeuv4+pMFyKkA== Completed in 24ms
1990 timing metavuln:cache:get:security-advisory:webpack-cli:H2hTN4ZrDsX5Zga3r5FRbvgrU/fAJrT+jD7Bz8Z/htxanE2nyrKoffoyQCLOAfjqlf9EjPscG8l86nb6rOFcdg== Completed in 23ms
1991 timing metavuln:cache:put:security-advisory:eslint:Ne/yNy0L08mqT6jqvFBG8ZHWrqAHuxGdNEOgZtub3Su4R2LUTaqbxpX8S30zZ7tis85Jmwxbqft0hpk4j9A12Q== Completed in 90ms
1992 timing metavuln:calculate:security-advisory:eslint:PBcc/5P1UEO/1Ba/jUNR65wOzs1wU0Y+m+OOSfB57dG5EajzjbqRMRm0l7MWqcJgHDYM5GoZ36Hm7qAYFlIH3A== Completed in 117ms
1993 http fetch GET 200 https://registry.npmjs.org/foreground-child 216ms (cache miss)
1994 timing metavuln:packument:foreground-child Completed in 218ms
1995 timing metavuln:load:security-advisory:foreground-child:PBcc/5P1UEO/1Ba/jUNR65wOzs1wU0Y+m+OOSfB57dG5EajzjbqRMRm0l7MWqcJgHDYM5GoZ36Hm7qAYFlIH3A== Completed in 1ms
1996 http fetch GET 200 https://registry.npmjs.org/execa 235ms (cache miss)
1997 timing metavuln:packument:execa Completed in 240ms
1998 timing metavuln:load:security-advisory:execa:PBcc/5P1UEO/1Ba/jUNR65wOzs1wU0Y+m+OOSfB57dG5EajzjbqRMRm0l7MWqcJgHDYM5GoZ36Hm7qAYFlIH3A== Completed in 1ms
1999 timing metavuln:cache:put:security-advisory:foreground-child:cZpBeVkHEpw8jHC+EKy88Laxrd1ur7RE5Fx7lVjtRJXjrwMFQVN00FKtYlT+IVZhQkq/19Fig8voVSYNZLEz1A== Completed in 27ms
2000 timing metavuln:calculate:security-advisory:foreground-child:PBcc/5P1UEO/1Ba/jUNR65wOzs1wU0Y+m+OOSfB57dG5EajzjbqRMRm0l7MWqcJgHDYM5GoZ36Hm7qAYFlIH3A== Completed in 246ms
2001 timing metavuln:cache:put:security-advisory:execa:NWBEPrq1Krr7nahht+VdDSoXe5QCSkDBW+KpXfGL4TrZAModumScH8x3aPKXTD343uDMIN2l7nchl5/7a95SBQ== Completed in 11ms
2002 timing metavuln:calculate:security-advisory:execa:PBcc/5P1UEO/1Ba/jUNR65wOzs1wU0Y+m+OOSfB57dG5EajzjbqRMRm0l7MWqcJgHDYM5GoZ36Hm7qAYFlIH3A== Completed in 252ms
2003 http fetch GET 200 https://registry.npmjs.org/webpack-cli 253ms (cache miss)
2004 timing metavuln:packument:webpack-cli Completed in 257ms
2005 timing metavuln:load:security-advisory:webpack-cli:PBcc/5P1UEO/1Ba/jUNR65wOzs1wU0Y+m+OOSfB57dG5EajzjbqRMRm0l7MWqcJgHDYM5GoZ36Hm7qAYFlIH3A== Completed in 2ms
2006 timing metavuln:cache:put:security-advisory:webpack-cli:H2hTN4ZrDsX5Zga3r5FRbvgrU/fAJrT+jD7Bz8Z/htxanE2nyrKoffoyQCLOAfjqlf9EjPscG8l86nb6rOFcdg== Completed in 8ms
2007 timing metavuln:calculate:security-advisory:webpack-cli:PBcc/5P1UEO/1Ba/jUNR65wOzs1wU0Y+m+OOSfB57dG5EajzjbqRMRm0l7MWqcJgHDYM5GoZ36Hm7qAYFlIH3A== Completed in 268ms
2008 http fetch GET 200 https://registry.npmjs.org/spawn-please 378ms (cache miss)
2009 timing metavuln:packument:spawn-please Completed in 379ms
2010 timing metavuln:load:security-advisory:spawn-please:PBcc/5P1UEO/1Ba/jUNR65wOzs1wU0Y+m+OOSfB57dG5EajzjbqRMRm0l7MWqcJgHDYM5GoZ36Hm7qAYFlIH3A== Completed in 0ms
2011 timing metavuln:cache:put:security-advisory:spawn-please:BphxFlmJVCef0edSeSF2BBo1sZe5hLcWnzmHf+irjeKMNwbxNw9WEGlLkVE/W1BkHcitZjhQlZeuv4+pMFyKkA== Completed in 7ms
2012 timing metavuln:calculate:security-advisory:spawn-please:PBcc/5P1UEO/1Ba/jUNR65wOzs1wU0Y+m+OOSfB57dG5EajzjbqRMRm0l7MWqcJgHDYM5GoZ36Hm7qAYFlIH3A== Completed in 388ms
2013 timing metavuln:cache:get:security-advisory:sequelize:2c+7MTiFWSUCJPZxAs7noUYJMH/zTVc+k+d+icdT1NTlCxv5zo3ztT6FpxiyBnOHFRUNoxc6nR/Q0/DZwqqSKA== Completed in 0ms
2014 timing metavuln:load:security-advisory:sequelize:0ACVlgh2XixrZ76V6Aw4AGmXe/vScI8AGIUQKFGZaYZxp4MyNabKSDBfLcT9XlERSFeHYQ9hiMRtZaHo1b3mTw== Completed in 12ms
2015 timing metavuln:cache:put:security-advisory:sequelize:2c+7MTiFWSUCJPZxAs7noUYJMH/zTVc+k+d+icdT1NTlCxv5zo3ztT6FpxiyBnOHFRUNoxc6nR/Q0/DZwqqSKA== Completed in 18ms
2016 timing metavuln:calculate:security-advisory:sequelize:0ACVlgh2XixrZ76V6Aw4AGmXe/vScI8AGIUQKFGZaYZxp4MyNabKSDBfLcT9XlERSFeHYQ9hiMRtZaHo1b3mTw== Completed in 32ms
2017 timing metavuln:cache:get:security-advisory:@fastify/ajv-compiler:pNEjazSVzs6ey3KKJhLla9+NdcGgCgl9KP486AJECtFo+vXUcD8DWzv0EUKD8mtsOnppee02RnqyE9qDJsA9Lw== Completed in 1ms
2018 timing metavuln:load:security-advisory:@fastify/ajv-compiler:eOa7c7ILtYrQRi7Vh70WI0pPtbJX306JIRinfkWw7EszqtCMyh5zDLP+J7GgLnqrHAp+szaZMuWjykheayYbvw== Completed in 1ms
2019 timing metavuln:cache:get:security-advisory:fast-json-stringify:q9N71XWnBsJPqDKKgJP1GNWXnkQo9q/JN3xbepBBgUqODg37eZxtAOMt/wu8fusgAG3qrD2wmdkX4s3QRv5oeg== Completed in 3ms
2020 timing metavuln:load:security-advisory:fast-json-stringify:eOa7c7ILtYrQRi7Vh70WI0pPtbJX306JIRinfkWw7EszqtCMyh5zDLP+J7GgLnqrHAp+szaZMuWjykheayYbvw== Completed in 3ms
2021 timing metavuln:cache:put:security-advisory:fast-json-stringify:q9N71XWnBsJPqDKKgJP1GNWXnkQo9q/JN3xbepBBgUqODg37eZxtAOMt/wu8fusgAG3qrD2wmdkX4s3QRv5oeg== Completed in 12ms
2022 timing metavuln:calculate:security-advisory:fast-json-stringify:eOa7c7ILtYrQRi7Vh70WI0pPtbJX306JIRinfkWw7EszqtCMyh5zDLP+J7GgLnqrHAp+szaZMuWjykheayYbvw== Completed in 19ms
2023 timing metavuln:cache:put:security-advisory:@fastify/ajv-compiler:pNEjazSVzs6ey3KKJhLla9+NdcGgCgl9KP486AJECtFo+vXUcD8DWzv0EUKD8mtsOnppee02RnqyE9qDJsA9Lw== Completed in 18ms
2024 timing metavuln:calculate:security-advisory:@fastify/ajv-compiler:eOa7c7ILtYrQRi7Vh70WI0pPtbJX306JIRinfkWw7EszqtCMyh5zDLP+J7GgLnqrHAp+szaZMuWjykheayYbvw== Completed in 20ms
2025 timing metavuln:cache:get:security-advisory:fastify-cli:QaslBeMuAEoSjIJGc7+wAYc4T7XpFaCnbJI8/c0a2JIyJvbwAad9SK12c7/eNgGCnrx8g4UQ77MsJaZXoAIODA== Completed in 1ms
2026 http fetch GET 200 https://registry.npmjs.org/webpack/-/webpack-5.91.0.tgz 31309ms (cache miss)
2027 timing reifyNode:node_modules/webpack Completed in 32026ms
2028 http fetch GET 200 https://registry.npmjs.org/fastify-cli 278ms (cache miss)
2029 timing metavuln:packument:fastify-cli Completed in 281ms
2030 timing metavuln:load:security-advisory:fastify-cli:5OdrwYv5Xzq+rI3bchsuaHIz85Yyo5gTdhOrQGf2Em7pRhXXR2ur0R7W7qQ6UpWsSxuRBW8Fdp57dyqUhR5/yw== Completed in 29ms
2031 timing metavuln:cache:put:security-advisory:fastify-cli:QaslBeMuAEoSjIJGc7+wAYc4T7XpFaCnbJI8/c0a2JIyJvbwAad9SK12c7/eNgGCnrx8g4UQ77MsJaZXoAIODA== Completed in 4ms
2032 timing metavuln:calculate:security-advisory:fastify-cli:5OdrwYv5Xzq+rI3bchsuaHIz85Yyo5gTdhOrQGf2Em7pRhXXR2ur0R7W7qQ6UpWsSxuRBW8Fdp57dyqUhR5/yw== Completed in 314ms
2033 timing metavuln:cache:get:security-advisory:fastify:r+d4AOedJNNM2JvdD79Tj/5Xqtya7yxHwFWKqG0+AJKMFl1K4au+8puJfPaPI6uOm9P0a/JHng7JwWmTuMXQJg== Completed in 1ms
2034 timing metavuln:load:security-advisory:fastify:ncPGiupWBmuLy3osYbi6NeA3zAkV0H2ETbz204QySGfjGMvhOUrckXpvAqjVyzsYU9NNJZrPHuMSulTPi+/bfw== Completed in 11ms
2035 timing metavuln:cache:put:security-advisory:fastify:r+d4AOedJNNM2JvdD79Tj/5Xqtya7yxHwFWKqG0+AJKMFl1K4au+8puJfPaPI6uOm9P0a/JHng7JwWmTuMXQJg== Completed in 3ms
2036 timing metavuln:calculate:security-advisory:fastify:ncPGiupWBmuLy3osYbi6NeA3zAkV0H2ETbz204QySGfjGMvhOUrckXpvAqjVyzsYU9NNJZrPHuMSulTPi+/bfw== Completed in 15ms
2037 timing metavuln:cache:get:security-advisory:flat-cache:JhiW4rt37xHiozZ7KHa24qUwDKaqeEmfEKkkfEIx/3FvJpogNevZOLgbh2yXpecOg6mIB2Ykrg7bF88g6uOdtQ== Completed in 0ms
2038 http fetch GET 200 https://registry.npmjs.org/flat-cache 115ms (cache miss)
2039 timing metavuln:packument:flat-cache Completed in 116ms
2040 timing metavuln:load:security-advisory:flat-cache:oa7V2KnuHnLCPcrXFvcQLRAa1NASGJm9yZ+B92xpfwxan7PZyVrZjYAHt6LB51PFfA2mM8KGE+VHR+U5X/2uZw== Completed in 3ms
2041 timing metavuln:cache:put:security-advisory:flat-cache:JhiW4rt37xHiozZ7KHa24qUwDKaqeEmfEKkkfEIx/3FvJpogNevZOLgbh2yXpecOg6mIB2Ykrg7bF88g6uOdtQ== Completed in 4ms
2042 timing metavuln:calculate:security-advisory:flat-cache:oa7V2KnuHnLCPcrXFvcQLRAa1NASGJm9yZ+B92xpfwxan7PZyVrZjYAHt6LB51PFfA2mM8KGE+VHR+U5X/2uZw== Completed in 124ms
2043 timing metavuln:cache:get:security-advisory:socks:re7e5WgYC0N2yCcyKEpIVOef1b0RSDx7Y0SpqokON2S0og4NBc+basQ12t25Rom7giF5cYm2S3iMuCSJlhszhQ== Completed in 2ms
2044 http fetch GET 200 https://registry.npmjs.org/socks 138ms (cache miss)
2045 timing metavuln:packument:socks Completed in 140ms
2046 timing metavuln:load:security-advisory:socks:FcMhhitnipE8n5zCPiVRq2NLRNmu7UZkoO9lrM5CRC/emGwY5wSoa1+q1Q1Z8SPpfXO9tzox/MNRv7luhyJvqg== Completed in 5ms
2047 timing metavuln:cache:put:security-advisory:socks:re7e5WgYC0N2yCcyKEpIVOef1b0RSDx7Y0SpqokON2S0og4NBc+basQ12t25Rom7giF5cYm2S3iMuCSJlhszhQ== Completed in 9ms
2048 timing metavuln:calculate:security-advisory:socks:FcMhhitnipE8n5zCPiVRq2NLRNmu7UZkoO9lrM5CRC/emGwY5wSoa1+q1Q1Z8SPpfXO9tzox/MNRv7luhyJvqg== Completed in 155ms
2049 timing metavuln:cache:get:security-advisory:concurrently:jiZST4CUOZqAcB148diLa/4Cl5k4iCySK9zdGlvkCsjY7gOsOKgF1bXrv0HVQ59659xB7IRMqiwz7OjSmmlI2A== Completed in 13ms
2050 timing metavuln:cache:get:security-advisory:fastify-method-override:Bqz+OF3vj0F87stMKdz1zylGKE8NtgbAnp+RZ3DJo39FnbGBc9ivPmiN5C555vtAiYaLfttwTSWvQJASKYlV+g== Completed in 12ms
2051 timing metavuln:cache:get:security-advisory:knex:xzQLfa/l/BfN0UEm9OtwynMKedL9/kO38LYgtlMfN1NRGlgdM9PLi7IBDcrEUwXptCI+3DFMsmKvgOBQABYQIg== Completed in 11ms
2052 timing metavuln:cache:get:security-advisory:npm-check-updates:A6NzIFMr80r0b1G9uUOQ0/grfi8yyFDdzuwuYW8DK9LvNPoFVCV/JNyfXSOvhpY4YoiS1cD5RZNrCp4jVIMUcA== Completed in 11ms
2053 timing metavuln:load:security-advisory:npm-check-updates:OGNA5lR8rR8aeucWHqvJLBV5oaroI/lF2JfG9J2l63dx9uiGUyHuI4ymC6nv+dqWwxtqCIMcqBukiWYEiF5/RQ== Completed in 16ms
2054 timing metavuln:cache:get:security-advisory:sequelize:r0MmEGzxD6KLAwNM3KBOGbsgcIwLr/u67tvBlP/WGRII+/x23SPDMJr9YFGH4PZnjbGjd3bV0ODq63Uq+hGltQ== Completed in 23ms
2055 timing metavuln:load:security-advisory:sequelize:OGNA5lR8rR8aeucWHqvJLBV5oaroI/lF2JfG9J2l63dx9uiGUyHuI4ymC6nv+dqWwxtqCIMcqBukiWYEiF5/RQ== Completed in 35ms
2056 timing metavuln:cache:get:security-advisory:sequelize-cli:3hCNawRrl1ZM9szQIsCm0ai0rc4PV/6RtC9zvtR1XrrMTkmgViBTBXBxUsZapXSIBuUSRRFcJTnmgRvBUf/9nA== Completed in 60ms
2057 timing metavuln:cache:put:security-advisory:sequelize:r0MmEGzxD6KLAwNM3KBOGbsgcIwLr/u67tvBlP/WGRII+/x23SPDMJr9YFGH4PZnjbGjd3bV0ODq63Uq+hGltQ== Completed in 22ms
2058 timing metavuln:calculate:security-advisory:sequelize:OGNA5lR8rR8aeucWHqvJLBV5oaroI/lF2JfG9J2l63dx9uiGUyHuI4ymC6nv+dqWwxtqCIMcqBukiWYEiF5/RQ== Completed in 81ms
2059 timing metavuln:cache:put:security-advisory:npm-check-updates:A6NzIFMr80r0b1G9uUOQ0/grfi8yyFDdzuwuYW8DK9LvNPoFVCV/JNyfXSOvhpY4YoiS1cD5RZNrCp4jVIMUcA== Completed in 59ms
2060 timing metavuln:calculate:security-advisory:npm-check-updates:OGNA5lR8rR8aeucWHqvJLBV5oaroI/lF2JfG9J2l63dx9uiGUyHuI4ymC6nv+dqWwxtqCIMcqBukiWYEiF5/RQ== Completed in 86ms
2061 http fetch GET 200 https://registry.npmjs.org/concurrently 265ms (cache miss)
2062 timing metavuln:packument:concurrently Completed in 270ms
2063 timing metavuln:load:security-advisory:concurrently:OGNA5lR8rR8aeucWHqvJLBV5oaroI/lF2JfG9J2l63dx9uiGUyHuI4ymC6nv+dqWwxtqCIMcqBukiWYEiF5/RQ== Completed in 2ms
2064 http fetch GET 200 https://registry.npmjs.org/sequelize-cli 293ms (cache miss)
2065 timing metavuln:packument:sequelize-cli Completed in 297ms
2066 timing metavuln:load:security-advisory:sequelize-cli:OGNA5lR8rR8aeucWHqvJLBV5oaroI/lF2JfG9J2l63dx9uiGUyHuI4ymC6nv+dqWwxtqCIMcqBukiWYEiF5/RQ== Completed in 14ms
2067 timing metavuln:cache:put:security-advisory:concurrently:jiZST4CUOZqAcB148diLa/4Cl5k4iCySK9zdGlvkCsjY7gOsOKgF1bXrv0HVQ59659xB7IRMqiwz7OjSmmlI2A== Completed in 81ms
2068 timing metavuln:calculate:security-advisory:concurrently:OGNA5lR8rR8aeucWHqvJLBV5oaroI/lF2JfG9J2l63dx9uiGUyHuI4ymC6nv+dqWwxtqCIMcqBukiWYEiF5/RQ== Completed in 355ms
2069 timing metavuln:cache:put:security-advisory:sequelize-cli:3hCNawRrl1ZM9szQIsCm0ai0rc4PV/6RtC9zvtR1XrrMTkmgViBTBXBxUsZapXSIBuUSRRFcJTnmgRvBUf/9nA== Completed in 37ms
2070 timing metavuln:calculate:security-advisory:sequelize-cli:OGNA5lR8rR8aeucWHqvJLBV5oaroI/lF2JfG9J2l63dx9uiGUyHuI4ymC6nv+dqWwxtqCIMcqBukiWYEiF5/RQ== Completed in 349ms
2071 http fetch GET 200 https://registry.npmjs.org/knex 359ms (cache miss)
2072 timing metavuln:packument:knex Completed in 366ms
2073 timing metavuln:load:security-advisory:knex:OGNA5lR8rR8aeucWHqvJLBV5oaroI/lF2JfG9J2l63dx9uiGUyHuI4ymC6nv+dqWwxtqCIMcqBukiWYEiF5/RQ== Completed in 3ms
2074 timing metavuln:cache:put:security-advisory:knex:xzQLfa/l/BfN0UEm9OtwynMKedL9/kO38LYgtlMfN1NRGlgdM9PLi7IBDcrEUwXptCI+3DFMsmKvgOBQABYQIg== Completed in 7ms
2075 timing metavuln:calculate:security-advisory:knex:OGNA5lR8rR8aeucWHqvJLBV5oaroI/lF2JfG9J2l63dx9uiGUyHuI4ymC6nv+dqWwxtqCIMcqBukiWYEiF5/RQ== Completed in 376ms
2076 http fetch GET 200 https://registry.npmjs.org/fastify-method-override 419ms (cache miss)
2077 timing metavuln:packument:fastify-method-override Completed in 421ms
2078 timing metavuln:load:security-advisory:fastify-method-override:OGNA5lR8rR8aeucWHqvJLBV5oaroI/lF2JfG9J2l63dx9uiGUyHuI4ymC6nv+dqWwxtqCIMcqBukiWYEiF5/RQ== Completed in 0ms
2079 http fetch GET 200 https://registry.npmjs.org/p-cancelable/-/p-cancelable-3.0.0.tgz 31845ms (cache miss)
2080 timing reifyNode:node_modules/p-cancelable Completed in 32795ms
2081 timing metavuln:cache:put:security-advisory:fastify-method-override:Bqz+OF3vj0F87stMKdz1zylGKE8NtgbAnp+RZ3DJo39FnbGBc9ivPmiN5C555vtAiYaLfttwTSWvQJASKYlV+g== Completed in 12ms
2082 timing metavuln:calculate:security-advisory:fastify-method-override:OGNA5lR8rR8aeucWHqvJLBV5oaroI/lF2JfG9J2l63dx9uiGUyHuI4ymC6nv+dqWwxtqCIMcqBukiWYEiF5/RQ== Completed in 433ms
2083 timing metavuln:cache:get:security-advisory:jstransformer-markdown-it:QXbZ4xCbTC6gBpBNs7H/EvXk3F9ngURxnQlVqozhkTTei6TWNS+vuhLPZxwRHAMYkAOq4rwyeVSqGY5oqeI7cw== Completed in 1ms
2084 http fetch GET 200 https://registry.npmjs.org/sequelize-pool/-/sequelize-pool-7.1.0.tgz 32008ms (cache miss)
2085 timing reifyNode:node_modules/sequelize-pool Completed in 32819ms
2086 http fetch GET 200 https://registry.npmjs.org/jstransformer-markdown-it 280ms (cache miss)
2087 timing metavuln:packument:jstransformer-markdown-it Completed in 281ms
2088 timing metavuln:load:security-advisory:jstransformer-markdown-it:745Vt4mrHCdT8gFHVh7oHROmP4aH4fErXXhbpeVBhtIHmsxTVI7P3rJSdfXZ1iZTBS6GEnTERL4OWUfc4Co9jQ== Completed in 1ms
2089 timing metavuln:cache:put:security-advisory:jstransformer-markdown-it:QXbZ4xCbTC6gBpBNs7H/EvXk3F9ngURxnQlVqozhkTTei6TWNS+vuhLPZxwRHAMYkAOq4rwyeVSqGY5oqeI7cw== Completed in 7ms
2090 timing metavuln:calculate:security-advisory:jstransformer-markdown-it:745Vt4mrHCdT8gFHVh7oHROmP4aH4fErXXhbpeVBhtIHmsxTVI7P3rJSdfXZ1iZTBS6GEnTERL4OWUfc4Co9jQ== Completed in 291ms
2091 timing metavuln:cache:get:security-advisory:@jest/core:03W5UBAiciMv+HbF52DVjKaiJDsW8n4o9l0N1bD9irL9aHp0XpkH6yRZbIXa21hJn/+RFQL1MCcLgDa/4eDK4w== Completed in 4ms
2092 timing metavuln:cache:get:security-advisory:@jest/transform:frAXQpmFOgCLjrxLELwz/nGg5XiK/ZNDWwX3TPmrK4kjdo/GsnOnUL1px5EXlvvS4e0p7qsR8mhVO87fIAkI8w== Completed in 5ms
2093 timing metavuln:cache:get:security-advisory:fast-glob:AbqaRkH/ah2E63AlsHQoSe4rzDu85g3nQo2oOGK8mDPpx8ODN4CyFz62hpRucknVgKWSODuNhHcd4w2oWa9y3w== Completed in 4ms
2094 timing metavuln:cache:get:security-advisory:jest-config:PG5LJK++mIH2P5/BoeATw87eF+FfSdFbgEqp2CbnYYA8L17aFlVzq09vZtR3BFwoyR+3hWRZY28YfyQmAblGOg== Completed in 3ms
2095 timing metavuln:cache:get:security-advisory:jest-haste-map:jM3bS1o4htRu+ACRH1gcErU4U2Iaalvaat1pZmyWiirmghW1371hURc/aE7fgn6m9mU4kt8GRZ0gy4wwGUZ7mQ== Completed in 3ms
2096 timing metavuln:cache:get:security-advisory:jest-message-util:9e3+mtFMiM85wWr/OL6NNUJH/DnoduwxZZ0/PtDHjHEr2KrplOGkwoZ+9A9Of+V7gemgG4bDnVLxA6nt6hgQOQ== Completed in 2ms
2097 http fetch GET 200 https://registry.npmjs.org/fast-glob 176ms (cache miss)
2098 timing metavuln:packument:fast-glob Completed in 179ms
2099 timing metavuln:load:security-advisory:fast-glob:TlYHmS8BZBwkbsPHbTfH2/e91KJnOnqfC63ZoKdiRy+yt6biPd8BwjBdyfPUht1+ZO675I3Gg00RQPYaWiOm8Q== Completed in 11ms
2100 timing metavuln:cache:put:security-advisory:fast-glob:AbqaRkH/ah2E63AlsHQoSe4rzDu85g3nQo2oOGK8mDPpx8ODN4CyFz62hpRucknVgKWSODuNhHcd4w2oWa9y3w== Completed in 81ms
2101 timing metavuln:calculate:security-advisory:fast-glob:TlYHmS8BZBwkbsPHbTfH2/e91KJnOnqfC63ZoKdiRy+yt6biPd8BwjBdyfPUht1+ZO675I3Gg00RQPYaWiOm8Q== Completed in 271ms
2102 http fetch GET 200 https://registry.npmjs.org/jest-haste-map 278ms (cache miss)
2103 timing metavuln:packument:jest-haste-map Completed in 281ms
2104 timing metavuln:load:security-advisory:jest-haste-map:TlYHmS8BZBwkbsPHbTfH2/e91KJnOnqfC63ZoKdiRy+yt6biPd8BwjBdyfPUht1+ZO675I3Gg00RQPYaWiOm8Q== Completed in 7ms
2105 http fetch GET 200 https://registry.npmjs.org/@jest%2ftransform 299ms (cache miss)
2106 timing metavuln:packument:@jest/transform Completed in 302ms
2107 timing metavuln:load:security-advisory:@jest/transform:TlYHmS8BZBwkbsPHbTfH2/e91KJnOnqfC63ZoKdiRy+yt6biPd8BwjBdyfPUht1+ZO675I3Gg00RQPYaWiOm8Q== Completed in 2ms
2108 http fetch GET 200 https://registry.npmjs.org/jest-message-util 304ms (cache miss)
2109 timing metavuln:packument:jest-message-util Completed in 310ms
2110 timing metavuln:load:security-advisory:jest-message-util:TlYHmS8BZBwkbsPHbTfH2/e91KJnOnqfC63ZoKdiRy+yt6biPd8BwjBdyfPUht1+ZO675I3Gg00RQPYaWiOm8Q== Completed in 8ms
2111 http fetch GET 200 https://registry.npmjs.org/jest-config 367ms (cache miss)
2112 timing metavuln:packument:jest-config Completed in 378ms
2113 timing metavuln:load:security-advisory:jest-config:TlYHmS8BZBwkbsPHbTfH2/e91KJnOnqfC63ZoKdiRy+yt6biPd8BwjBdyfPUht1+ZO675I3Gg00RQPYaWiOm8Q== Completed in 11ms
2114 timing metavuln:cache:put:security-advisory:jest-haste-map:jM3bS1o4htRu+ACRH1gcErU4U2Iaalvaat1pZmyWiirmghW1371hURc/aE7fgn6m9mU4kt8GRZ0gy4wwGUZ7mQ== Completed in 104ms
2115 timing metavuln:calculate:security-advisory:jest-haste-map:TlYHmS8BZBwkbsPHbTfH2/e91KJnOnqfC63ZoKdiRy+yt6biPd8BwjBdyfPUht1+ZO675I3Gg00RQPYaWiOm8Q== Completed in 393ms
2116 timing metavuln:cache:put:security-advisory:@jest/transform:frAXQpmFOgCLjrxLELwz/nGg5XiK/ZNDWwX3TPmrK4kjdo/GsnOnUL1px5EXlvvS4e0p7qsR8mhVO87fIAkI8w== Completed in 99ms
2117 timing metavuln:calculate:security-advisory:@jest/transform:TlYHmS8BZBwkbsPHbTfH2/e91KJnOnqfC63ZoKdiRy+yt6biPd8BwjBdyfPUht1+ZO675I3Gg00RQPYaWiOm8Q== Completed in 403ms
2118 timing metavuln:cache:put:security-advisory:jest-config:PG5LJK++mIH2P5/BoeATw87eF+FfSdFbgEqp2CbnYYA8L17aFlVzq09vZtR3BFwoyR+3hWRZY28YfyQmAblGOg== Completed in 24ms
2119 timing metavuln:calculate:security-advisory:jest-config:TlYHmS8BZBwkbsPHbTfH2/e91KJnOnqfC63ZoKdiRy+yt6biPd8BwjBdyfPUht1+ZO675I3Gg00RQPYaWiOm8Q== Completed in 414ms
2120 timing metavuln:cache:put:security-advisory:jest-message-util:9e3+mtFMiM85wWr/OL6NNUJH/DnoduwxZZ0/PtDHjHEr2KrplOGkwoZ+9A9Of+V7gemgG4bDnVLxA6nt6hgQOQ== Completed in 97ms
2121 timing metavuln:calculate:security-advisory:jest-message-util:TlYHmS8BZBwkbsPHbTfH2/e91KJnOnqfC63ZoKdiRy+yt6biPd8BwjBdyfPUht1+ZO675I3Gg00RQPYaWiOm8Q== Completed in 415ms
2122 http fetch GET 200 https://registry.npmjs.org/@jest%2fcore 424ms (cache miss)
2123 timing metavuln:packument:@jest/core Completed in 427ms
2124 timing metavuln:load:security-advisory:@jest/core:TlYHmS8BZBwkbsPHbTfH2/e91KJnOnqfC63ZoKdiRy+yt6biPd8BwjBdyfPUht1+ZO675I3Gg00RQPYaWiOm8Q== Completed in 3ms
2125 timing metavuln:cache:put:security-advisory:@jest/core:03W5UBAiciMv+HbF52DVjKaiJDsW8n4o9l0N1bD9irL9aHp0XpkH6yRZbIXa21hJn/+RFQL1MCcLgDa/4eDK4w== Completed in 7ms
2126 timing metavuln:calculate:security-advisory:@jest/core:TlYHmS8BZBwkbsPHbTfH2/e91KJnOnqfC63ZoKdiRy+yt6biPd8BwjBdyfPUht1+ZO675I3Gg00RQPYaWiOm8Q== Completed in 438ms
2127 timing metavuln:cache:get:security-advisory:postcss:tmHYDPE1UVxPaRKZT9ru10S2PG7HaFVF7Z4GmgB6cUo+mRoTCphDiou0e19GAujSzXwfRWgbN5N8PHmsKOoxPA== Completed in 0ms
2128 timing metavuln:load:security-advisory:postcss:SvMVdtEUVO5ESues2DL9aEFMy6oMG+saOn/tNitKJcx7q7CvMfC5ZcstpC8dbnZl5KL/q/3pYBvQrAPBFsC+nQ== Completed in 6ms
2129 timing metavuln:cache:put:security-advisory:postcss:tmHYDPE1UVxPaRKZT9ru10S2PG7HaFVF7Z4GmgB6cUo+mRoTCphDiou0e19GAujSzXwfRWgbN5N8PHmsKOoxPA== Completed in 30ms
2130 timing metavuln:calculate:security-advisory:postcss:SvMVdtEUVO5ESues2DL9aEFMy6oMG+saOn/tNitKJcx7q7CvMfC5ZcstpC8dbnZl5KL/q/3pYBvQrAPBFsC+nQ== Completed in 36ms
2131 timing metavuln:cache:get:security-advisory:fastify-method-override:ZDPGuMazvs7qKrue/+ZVigiFmeut/y23hQFlb/kCvBjOt63fLVBVFAAWAmB/N3sEQF7bxjwt50HiQTTJGyEpvQ== Completed in 1ms
2132 timing metavuln:load:security-advisory:fastify-method-override:TmkHz1g6xKc2pnDD1h6+ZDKMikxz0M1BBY/wyR9ER8446AKOUk6gXjoSR2douZ5enAllzNSKaynTW1H+LBi1CA== Completed in 2ms
2133 timing metavuln:cache:get:security-advisory:fastify-reverse-routes:E14+sZiQmNHMZ8DBhBeAvQL9a79kH5VraBSPDUqz5BJQ9sR1+a7NBZxGmZfAePmakPx+9euK8Dee7Ub1dqaKYA== Completed in 3ms
2134 timing metavuln:cache:put:security-advisory:fastify-method-override:ZDPGuMazvs7qKrue/+ZVigiFmeut/y23hQFlb/kCvBjOt63fLVBVFAAWAmB/N3sEQF7bxjwt50HiQTTJGyEpvQ== Completed in 6ms
2135 timing metavuln:calculate:security-advisory:fastify-method-override:TmkHz1g6xKc2pnDD1h6+ZDKMikxz0M1BBY/wyR9ER8446AKOUk6gXjoSR2douZ5enAllzNSKaynTW1H+LBi1CA== Completed in 9ms
2136 http fetch GET 200 https://registry.npmjs.org/socks-proxy-agent/-/socks-proxy-agent-7.0.0.tgz 32924ms (cache miss)
2137 timing reifyNode:node_modules/socks-proxy-agent Completed in 33721ms
2138 http fetch GET 200 https://registry.npmjs.org/to-fast-properties/-/to-fast-properties-2.0.0.tgz 32893ms (cache miss)
2139 timing reifyNode:node_modules/to-fast-properties Completed in 33732ms
2140 http fetch GET 200 https://registry.npmjs.org/safe-buffer/-/safe-buffer-5.2.1.tgz 32911ms (cache miss)
2141 timing reifyNode:node_modules/safe-buffer Completed in 33738ms
2142 http fetch GET 200 https://registry.npmjs.org/sigstore/-/sigstore-1.9.0.tgz 33006ms (cache miss)
2143 timing reifyNode:node_modules/sigstore Completed in 33806ms
2144 http fetch GET 200 https://registry.npmjs.org/node-int64/-/node-int64-0.4.0.tgz 32874ms (cache miss)
2145 timing reifyNode:node_modules/node-int64 Completed in 33866ms
2146 http fetch GET 200 https://registry.npmjs.org/string-width/-/string-width-5.1.2.tgz 32293ms (cache miss)
2147 timing reifyNode:node_modules/widest-line/node_modules/string-width Completed in 33974ms
2148 http fetch GET 200 https://registry.npmjs.org/find-up/-/find-up-3.0.0.tgz 32240ms (cache miss)
2149 timing reifyNode:node_modules/pkg-up/node_modules/find-up Completed in 33946ms
2150 http fetch GET 200 https://registry.npmjs.org/fastify-reverse-routes 376ms (cache miss)
2151 timing metavuln:packument:fastify-reverse-routes Completed in 376ms
2152 timing metavuln:load:security-advisory:fastify-reverse-routes:TmkHz1g6xKc2pnDD1h6+ZDKMikxz0M1BBY/wyR9ER8446AKOUk6gXjoSR2douZ5enAllzNSKaynTW1H+LBi1CA== Completed in 1ms
2153 http fetch GET 200 https://registry.npmjs.org/emoji-regex/-/emoji-regex-9.2.2.tgz 32313ms (cache miss)
2154 timing reifyNode:node_modules/wrap-ansi/node_modules/emoji-regex Completed in 33991ms
2155 timing metavuln:cache:put:security-advisory:fastify-reverse-routes:E14+sZiQmNHMZ8DBhBeAvQL9a79kH5VraBSPDUqz5BJQ9sR1+a7NBZxGmZfAePmakPx+9euK8Dee7Ub1dqaKYA== Completed in 14ms
2156 timing metavuln:calculate:security-advisory:fastify-reverse-routes:TmkHz1g6xKc2pnDD1h6+ZDKMikxz0M1BBY/wyR9ER8446AKOUk6gXjoSR2douZ5enAllzNSKaynTW1H+LBi1CA== Completed in 391ms
2157 timing metavuln:cache:get:security-advisory:anymatch:Nfla9E9Lgs+mqMt1dA/8UaXdCl7sXuZQsKzxwmqxeyDZbX+CRdcfKSFFgjhZ/F0BJR9geE1mRVv3h/ODZoo63g== Completed in 3ms
2158 timing metavuln:cache:get:security-advisory:jest-util:KGKm1hRPkMsSUasN2N6Z4GOHO8fGbGKIZEcikjWe+ZJ1RAIPIVxN9cUA65sJrFgXSWWgIhEnMkk8RB6TBUus9A== Completed in 3ms
2159 timing metavuln:cache:get:security-advisory:micromatch:Gfx2SOQRY3jP5uv6bFlh3nIPxMXsxdnbcyF/xURx+dAnDK2wtpAvWYKdTiFWGD3MlWR/x1stzjO6SjznwiVonw== Completed in 2ms
2160 timing metavuln:load:security-advisory:micromatch:GSQ5ghUF1JWDKMssoydWDVRebjlPePRwktLhrdWzXCq5xeBXdo4Cm9HGHnH2b6P1Nq93YjwPmimVjAx6kge32A== Completed in 1ms
2161 timing metavuln:cache:get:security-advisory:readdirp:O7WXRupQt48LJyZ17mA/uSHYfhYyK7sMYMihjKrTsH3mKxobKArK3CCtifRFqfhAMZFOU4AsOtouYzz86OtBxQ== Completed in 4ms
2162 http fetch GET 200 https://registry.npmjs.org/@ampproject/remapping/-/remapping-2.3.0.tgz 32330ms (cache miss)
2163 timing reifyNode:node_modules/@ampproject/remapping Completed in 33896ms
2164 timing metavuln:cache:put:security-advisory:micromatch:Gfx2SOQRY3jP5uv6bFlh3nIPxMXsxdnbcyF/xURx+dAnDK2wtpAvWYKdTiFWGD3MlWR/x1stzjO6SjznwiVonw== Completed in 74ms
2165 timing metavuln:calculate:security-advisory:micromatch:GSQ5ghUF1JWDKMssoydWDVRebjlPePRwktLhrdWzXCq5xeBXdo4Cm9HGHnH2b6P1Nq93YjwPmimVjAx6kge32A== Completed in 78ms
2166 http fetch GET 200 https://registry.npmjs.org/@babel/helper-environment-visitor/-/helper-environment-visitor-7.22.20.tgz 32416ms (cache miss)
2167 timing reifyNode:node_modules/@babel/helper-environment-visitor Completed in 33968ms
2168 http fetch GET 200 https://registry.npmjs.org/lowercase-keys/-/lowercase-keys-2.0.0.tgz 32354ms (cache miss)
2169 timing reifyNode:node_modules/responselike/node_modules/lowercase-keys Completed in 34054ms
2170 http fetch GET 200 https://registry.npmjs.org/anymatch 116ms (cache miss)
2171 timing metavuln:packument:anymatch Completed in 118ms
2172 timing metavuln:load:security-advisory:anymatch:GSQ5ghUF1JWDKMssoydWDVRebjlPePRwktLhrdWzXCq5xeBXdo4Cm9HGHnH2b6P1Nq93YjwPmimVjAx6kge32A== Completed in 0ms
2173 timing metavuln:cache:put:security-advisory:anymatch:Nfla9E9Lgs+mqMt1dA/8UaXdCl7sXuZQsKzxwmqxeyDZbX+CRdcfKSFFgjhZ/F0BJR9geE1mRVv3h/ODZoo63g== Completed in 6ms
2174 timing metavuln:calculate:security-advisory:anymatch:GSQ5ghUF1JWDKMssoydWDVRebjlPePRwktLhrdWzXCq5xeBXdo4Cm9HGHnH2b6P1Nq93YjwPmimVjAx6kge32A== Completed in 124ms
2175 http fetch GET 200 https://registry.npmjs.org/@tootallnate/once/-/once-1.1.2.tgz 32597ms (cache miss)
2176 timing reifyNode:node_modules/sqlite3/node_modules/@tootallnate/once Completed in 34296ms
2177 http fetch GET 200 https://registry.npmjs.org/readdirp 342ms (cache miss)
2178 timing metavuln:packument:readdirp Completed in 343ms
2179 timing metavuln:load:security-advisory:readdirp:GSQ5ghUF1JWDKMssoydWDVRebjlPePRwktLhrdWzXCq5xeBXdo4Cm9HGHnH2b6P1Nq93YjwPmimVjAx6kge32A== Completed in 4ms
2180 http fetch GET 200 https://registry.npmjs.org/lru-cache/-/lru-cache-6.0.0.tgz 32632ms (cache miss)
2181 timing reifyNode:node_modules/sqlite3/node_modules/lru-cache Completed in 34330ms
2182 http fetch GET 200 https://registry.npmjs.org/string-width/-/string-width-5.1.2.tgz 32506ms (cache miss)
2183 timing reifyNode:node_modules/boxen/node_modules/string-width Completed in 34272ms
2184 http fetch GET 200 https://registry.npmjs.org/minipass/-/minipass-5.0.0.tgz 32675ms (cache miss)
2185 timing reifyNode:node_modules/npm-registry-fetch/node_modules/minipass Completed in 34391ms
2186 timing metavuln:cache:put:security-advisory:readdirp:O7WXRupQt48LJyZ17mA/uSHYfhYyK7sMYMihjKrTsH3mKxobKArK3CCtifRFqfhAMZFOU4AsOtouYzz86OtBxQ== Completed in 88ms
2187 timing metavuln:calculate:security-advisory:readdirp:GSQ5ghUF1JWDKMssoydWDVRebjlPePRwktLhrdWzXCq5xeBXdo4Cm9HGHnH2b6P1Nq93YjwPmimVjAx6kge32A== Completed in 435ms
2188 http fetch GET 200 https://registry.npmjs.org/jest-util 439ms (cache miss)
2189 timing metavuln:packument:jest-util Completed in 444ms
2190 timing metavuln:load:security-advisory:jest-util:GSQ5ghUF1JWDKMssoydWDVRebjlPePRwktLhrdWzXCq5xeBXdo4Cm9HGHnH2b6P1Nq93YjwPmimVjAx6kge32A== Completed in 6ms
2191 timing metavuln:cache:put:security-advisory:jest-util:KGKm1hRPkMsSUasN2N6Z4GOHO8fGbGKIZEcikjWe+ZJ1RAIPIVxN9cUA65sJrFgXSWWgIhEnMkk8RB6TBUus9A== Completed in 249ms
2192 timing metavuln:calculate:security-advisory:jest-util:GSQ5ghUF1JWDKMssoydWDVRebjlPePRwktLhrdWzXCq5xeBXdo4Cm9HGHnH2b6P1Nq93YjwPmimVjAx6kge32A== Completed in 700ms
2193 timing metavuln:cache:get:security-advisory:css-loader:gR1N396DTnpykqtHUzx2bP4E8geZAyKlki5bOIphxnORSdKRLKigADnTWrtv2ooWzRB0McV7Dqd0eCcGModYVQ== Completed in 16ms
2194 timing metavuln:cache:get:security-advisory:icss-utils:WdRXxjFePQqEm1GmdeyUnxBbgN/TR9u3JfBEB4t/vnGSJaGhibbJanI6rsm+7dbUnIhACwM58cmwGwSW7tlh/Q== Completed in 16ms
2195 timing metavuln:cache:get:security-advisory:postcss-modules-extract-imports:pO8adaVoFeIpeh6QK333I1nCbDg4nBxesCC+lYFOdYBQkunfbi3v22rvCst6i4GAROIURKXDeJwoCghggF75cw== Completed in 13ms
2196 timing metavuln:cache:get:security-advisory:postcss-modules-local-by-default:IoxeA9so2tiLbcQ0Ba2wfcMpOVMJaQc2Om8oaXwISH7qf7K4DX2JybvewEXwWRf4IaCCem6mSD6tFn2FRRP/qA== Completed in 9ms
2197 timing metavuln:cache:get:security-advisory:postcss-modules-scope:z+3PTeHIelVshhTe2Ovq0Y9wC3+Q0QfTrrJbv7XtO31Shr3eq9UViirIFZfVcs4XzMaFMlDmdBvR45D6ISwEqA== Completed in 8ms
2198 timing metavuln:cache:get:security-advisory:postcss-modules-values:KFmsl5u6hC2dp0QQ2Ksw2XQKCfRZ0q9cfRETuUxHJpoCBmS+N/n0FEVOS5+9bA4qU2zkg2VIwXbf6Z9u67Wxdg== Completed in 5ms
2199 http fetch GET 200 https://registry.npmjs.org/readable-stream/-/readable-stream-4.5.2.tgz 33054ms (cache miss)
2200 timing reifyNode:node_modules/fastify-cli/node_modules/readable-stream Completed in 34800ms
2201 http fetch GET 200 https://registry.npmjs.org/postcss-modules-values 206ms (cache miss)
2202 timing metavuln:packument:postcss-modules-values Completed in 207ms
2203 timing metavuln:load:security-advisory:postcss-modules-values:685RVq5xScaqegAXk2BRJrsMaZmsz1d/volUoA67iVw3AvHhUlX03u+VPRrmo8iuObcSDvuZF+fuiOnLC9L1uA== Completed in 12ms
2204 http fetch GET 200 https://registry.npmjs.org/icss-utils 230ms (cache miss)
2205 timing metavuln:packument:icss-utils Completed in 231ms
2206 timing metavuln:load:security-advisory:icss-utils:685RVq5xScaqegAXk2BRJrsMaZmsz1d/volUoA67iVw3AvHhUlX03u+VPRrmo8iuObcSDvuZF+fuiOnLC9L1uA== Completed in 7ms
2207 http fetch GET 200 https://registry.npmjs.org/postcss-modules-extract-imports 238ms (cache miss)
2208 timing metavuln:packument:postcss-modules-extract-imports Completed in 242ms
2209 timing metavuln:load:security-advisory:postcss-modules-extract-imports:685RVq5xScaqegAXk2BRJrsMaZmsz1d/volUoA67iVw3AvHhUlX03u+VPRrmo8iuObcSDvuZF+fuiOnLC9L1uA== Completed in 3ms
2210 http fetch GET 200 https://registry.npmjs.org/postcss-modules-local-by-default 242ms (cache miss)
2211 timing metavuln:packument:postcss-modules-local-by-default Completed in 244ms
2212 timing metavuln:load:security-advisory:postcss-modules-local-by-default:685RVq5xScaqegAXk2BRJrsMaZmsz1d/volUoA67iVw3AvHhUlX03u+VPRrmo8iuObcSDvuZF+fuiOnLC9L1uA== Completed in 4ms
2213 http fetch GET 200 https://registry.npmjs.org/postcss-modules-scope 244ms (cache miss)
2214 timing metavuln:packument:postcss-modules-scope Completed in 246ms
2215 timing metavuln:load:security-advisory:postcss-modules-scope:685RVq5xScaqegAXk2BRJrsMaZmsz1d/volUoA67iVw3AvHhUlX03u+VPRrmo8iuObcSDvuZF+fuiOnLC9L1uA== Completed in 1ms
2216 http fetch GET 200 https://registry.npmjs.org/yargs/-/yargs-16.2.0.tgz 33247ms (cache miss)
2217 timing reifyNode:node_modules/sequelize-cli/node_modules/yargs Completed in 34946ms
2218 http fetch GET 200 https://registry.npmjs.org/css-loader 280ms (cache miss)
2219 timing metavuln:packument:css-loader Completed in 286ms
2220 timing metavuln:load:security-advisory:css-loader:685RVq5xScaqegAXk2BRJrsMaZmsz1d/volUoA67iVw3AvHhUlX03u+VPRrmo8iuObcSDvuZF+fuiOnLC9L1uA== Completed in 43ms
2221 timing metavuln:cache:put:security-advisory:postcss-modules-local-by-default:IoxeA9so2tiLbcQ0Ba2wfcMpOVMJaQc2Om8oaXwISH7qf7K4DX2JybvewEXwWRf4IaCCem6mSD6tFn2FRRP/qA== Completed in 81ms
2222 timing metavuln:calculate:security-advisory:postcss-modules-local-by-default:685RVq5xScaqegAXk2BRJrsMaZmsz1d/volUoA67iVw3AvHhUlX03u+VPRrmo8iuObcSDvuZF+fuiOnLC9L1uA== Completed in 329ms
2223 timing metavuln:cache:put:security-advisory:postcss-modules-extract-imports:pO8adaVoFeIpeh6QK333I1nCbDg4nBxesCC+lYFOdYBQkunfbi3v22rvCst6i4GAROIURKXDeJwoCghggF75cw== Completed in 86ms
2224 timing metavuln:calculate:security-advisory:postcss-modules-extract-imports:685RVq5xScaqegAXk2BRJrsMaZmsz1d/volUoA67iVw3AvHhUlX03u+VPRrmo8iuObcSDvuZF+fuiOnLC9L1uA== Completed in 333ms
2225 timing metavuln:cache:put:security-advisory:icss-utils:WdRXxjFePQqEm1GmdeyUnxBbgN/TR9u3JfBEB4t/vnGSJaGhibbJanI6rsm+7dbUnIhACwM58cmwGwSW7tlh/Q== Completed in 100ms
2226 timing metavuln:calculate:security-advisory:icss-utils:685RVq5xScaqegAXk2BRJrsMaZmsz1d/volUoA67iVw3AvHhUlX03u+VPRrmo8iuObcSDvuZF+fuiOnLC9L1uA== Completed in 339ms
2227 timing metavuln:cache:put:security-advisory:postcss-modules-scope:z+3PTeHIelVshhTe2Ovq0Y9wC3+Q0QfTrrJbv7XtO31Shr3eq9UViirIFZfVcs4XzMaFMlDmdBvR45D6ISwEqA== Completed in 82ms
2228 timing metavuln:calculate:security-advisory:postcss-modules-scope:685RVq5xScaqegAXk2BRJrsMaZmsz1d/volUoA67iVw3AvHhUlX03u+VPRrmo8iuObcSDvuZF+fuiOnLC9L1uA== Completed in 330ms
2229 timing metavuln:cache:put:security-advisory:postcss-modules-values:KFmsl5u6hC2dp0QQ2Ksw2XQKCfRZ0q9cfRETuUxHJpoCBmS+N/n0FEVOS5+9bA4qU2zkg2VIwXbf6Z9u67Wxdg== Completed in 110ms
2230 timing metavuln:calculate:security-advisory:postcss-modules-values:685RVq5xScaqegAXk2BRJrsMaZmsz1d/volUoA67iVw3AvHhUlX03u+VPRrmo8iuObcSDvuZF+fuiOnLC9L1uA== Completed in 330ms
2231 timing metavuln:cache:put:security-advisory:css-loader:gR1N396DTnpykqtHUzx2bP4E8geZAyKlki5bOIphxnORSdKRLKigADnTWrtv2ooWzRB0McV7Dqd0eCcGModYVQ== Completed in 29ms
2232 timing metavuln:calculate:security-advisory:css-loader:685RVq5xScaqegAXk2BRJrsMaZmsz1d/volUoA67iVw3AvHhUlX03u+VPRrmo8iuObcSDvuZF+fuiOnLC9L1uA== Completed in 358ms
2233 timing metavuln:cache:get:security-advisory:pug:Bod8uHjOpAFcodGsdvWZubJRAED6zypMgl3ly6hCbBJ4kIFKsF2l0fd9HBsYkM1DJmjCj+BxWBZMHfDPYyrFRQ== Completed in 0ms
2234 timing metavuln:load:security-advisory:pug:jYtA+ua4XfswkuObBtnwWn2fYvQUK4ca+Iv1+bqgs4mXRLiX4zUdwwNSawL0T4CvKtEq8q6TFgvFydQ8OKg+/Q== Completed in 6ms
2235 timing metavuln:cache:put:security-advisory:pug:Bod8uHjOpAFcodGsdvWZubJRAED6zypMgl3ly6hCbBJ4kIFKsF2l0fd9HBsYkM1DJmjCj+BxWBZMHfDPYyrFRQ== Completed in 15ms
2236 timing metavuln:calculate:security-advisory:pug:jYtA+ua4XfswkuObBtnwWn2fYvQUK4ca+Iv1+bqgs4mXRLiX4zUdwwNSawL0T4CvKtEq8q6TFgvFydQ8OKg+/Q== Completed in 22ms
2237 timing metavuln:cache:get:security-advisory:terser-webpack-plugin:329sgNMopuugPFiEvSVitHHehdTr5nHB47XwDe3JfAo+J6Nc9SQhgI2F9XPbnv2SVTzEoWYsaJ8lBj3HmQYXeg== Completed in 1ms
2238 http fetch GET 200 https://registry.npmjs.org/terser-webpack-plugin 166ms (cache miss)
2239 timing metavuln:packument:terser-webpack-plugin Completed in 170ms
2240 timing metavuln:load:security-advisory:terser-webpack-plugin:VNhzhjSQJJPSfVWQUXMpEy6hsW23faurQllLlGbSJ7QrUHjncb9PKDTQYw8APRVBzMug+7YJc5EWXV6SYvPIiw== Completed in 16ms
2241 http fetch GET 200 https://registry.npmjs.org/node-gyp/-/node-gyp-8.4.1.tgz 40200ms (cache miss)
2242 timing reifyNode:node_modules/sqlite3/node_modules/node-gyp Completed in 48232ms
2243 timing metavuln:cache:put:security-advisory:terser-webpack-plugin:329sgNMopuugPFiEvSVitHHehdTr5nHB47XwDe3JfAo+J6Nc9SQhgI2F9XPbnv2SVTzEoWYsaJ8lBj3HmQYXeg== Completed in 15535ms
2244 timing metavuln:calculate:security-advisory:terser-webpack-plugin:VNhzhjSQJJPSfVWQUXMpEy6hsW23faurQllLlGbSJ7QrUHjncb9PKDTQYw8APRVBzMug+7YJc5EWXV6SYvPIiw== Completed in 15721ms
2245 timing metavuln:cache:get:security-advisory:cacache:xvJIWB5/FY/DmZpxvmgqyq49qJv5ggEb6QVj3OY5ousoMlm27iLo5bVkFK9lSFNIWe3eU5heX0nWjs8DbT01mg== Completed in 294ms
2246 timing metavuln:load:security-advisory:cacache:qPQeYPFDBIedTWfYK3sbnScF6Ha7ouTs+wgndnz4PT5P+/K+GBD4epoPcYpXlu6AC7gSJlCJTJeuKbYAFoK9PA== Completed in 15ms
2247 timing metavuln:cache:get:security-advisory:node-gyp:l/WeQkAPWJ0/mHENc58u9JNvnzqgqXWhnfEbUs8zhmL1UmoofkwGw4482B1GnFfApFQ5hXpUDaLf7UIPw6jpww== Completed in 310ms
2248 timing metavuln:cache:get:security-advisory:pacote:YEGC2tr63UMpFVgVz0cNuFV3bU8S49mLN9fSXNf8TSeZFIG2IIlfze6ewtj1AcnmZfEVnbmO+QJdA95V6mwuNA== Completed in 308ms
2249 timing metavuln:cache:get:security-advisory:sqlite3:d9OlV91FQiPngyARVJjb2c1N1Zd+BlUG/6hW/AboVLzuuz9zlq5RBmHPTvImBXKQlYn4hJ5/GOcjonk0bZFabg== Completed in 307ms
2250 http fetch GET 200 https://registry.npmjs.org/simple-concat/-/simple-concat-1.0.1.tgz 51241ms (cache miss)
2251 timing reifyNode:node_modules/simple-concat Completed in 52044ms
2252 http fetch GET 200 https://registry.npmjs.org/slash/-/slash-3.0.0.tgz 51390ms (cache miss)
2253 timing reifyNode:node_modules/slash Completed in 52193ms
2254 http fetch GET 200 https://registry.npmjs.org/pg-int8/-/pg-int8-1.0.1.tgz 51257ms (cache miss)
2255 timing reifyNode:node_modules/pg-int8 Completed in 52185ms
2256 http fetch GET 200 https://registry.npmjs.org/shebang-regex/-/shebang-regex-3.0.0.tgz 51393ms (cache miss)
2257 timing reifyNode:node_modules/shebang-regex Completed in 52198ms
2258 http fetch GET 200 https://registry.npmjs.org/mkdirp-classic/-/mkdirp-classic-0.5.3.tgz 51181ms (cache miss)
2259 timing reifyNode:node_modules/mkdirp-classic Completed in 52182ms
2260 http fetch GET 200 https://registry.npmjs.org/proto-list/-/proto-list-1.2.4.tgz 51303ms (cache miss)
2261 timing reifyNode:node_modules/proto-list Completed in 52198ms
2262 http fetch GET 200 https://registry.npmjs.org/setprototypeof/-/setprototypeof-1.2.0.tgz 51523ms (cache miss)
2263 timing reifyNode:node_modules/setprototypeof Completed in 52331ms
2264 http fetch GET 200 https://registry.npmjs.org/postgres-date/-/postgres-date-1.0.7.tgz 51421ms (cache miss)
2265 timing reifyNode:node_modules/postgres-date Completed in 52323ms
2266 http fetch GET 200 https://registry.npmjs.org/pug-strip-comments/-/pug-strip-comments-2.0.0.tgz 51447ms (cache miss)
2267 timing reifyNode:node_modules/pug-strip-comments Completed in 52328ms
2268 http fetch GET 200 https://registry.npmjs.org/postgres-array/-/postgres-array-2.0.0.tgz 51422ms (cache miss)
2269 timing reifyNode:node_modules/postgres-array Completed in 52326ms
2270 http fetch GET 200 https://registry.npmjs.org/run-parallel/-/run-parallel-1.2.0.tgz 51505ms (cache miss)
2271 timing reifyNode:node_modules/run-parallel Completed in 52334ms
2272 http fetch GET 200 https://registry.npmjs.org/parse-json/-/parse-json-5.2.0.tgz 51391ms (cache miss)
2273 timing reifyNode:node_modules/parse-json Completed in 52326ms
2274 http fetch GET 200 https://registry.npmjs.org/postgres-interval/-/postgres-interval-1.2.0.tgz 51428ms (cache miss)
2275 timing reifyNode:node_modules/postgres-interval Completed in 52331ms
2276 http fetch GET 200 https://registry.npmjs.org/p-map/-/p-map-4.0.0.tgz 51388ms (cache miss)
2277 timing reifyNode:node_modules/p-map Completed in 52327ms
2278 http fetch GET 200 https://registry.npmjs.org/semver-utils/-/semver-utils-1.1.4.tgz 51521ms (cache miss)
2279 timing reifyNode:node_modules/semver-utils Completed in 52343ms
2280 http fetch GET 200 https://registry.npmjs.org/picocolors/-/picocolors-1.0.0.tgz 51416ms (cache miss)
2281 timing reifyNode:node_modules/picocolors Completed in 52339ms
2282 http fetch GET 200 https://registry.npmjs.org/set-blocking/-/set-blocking-2.0.0.tgz 51543ms (cache miss)
2283 timing reifyNode:node_modules/set-blocking Completed in 52353ms
2284 http fetch GET 200 https://registry.npmjs.org/semver-diff/-/semver-diff-4.0.0.tgz 51532ms (cache miss)
2285 timing reifyNode:node_modules/semver-diff Completed in 52354ms
2286 http fetch GET 200 https://registry.npmjs.org/p-limit/-/p-limit-3.1.0.tgz 51415ms (cache miss)
2287 timing reifyNode:node_modules/p-limit Completed in 52354ms
2288 http fetch GET 200 https://registry.npmjs.org/ms/-/ms-2.1.3.tgz 51348ms (cache miss)
2289 timing reifyNode:node_modules/ms Completed in 52348ms
2290 http fetch GET 200 https://registry.npmjs.org/real-require/-/real-require-0.2.0.tgz 51507ms (cache miss)
2291 timing reifyNode:node_modules/real-require Completed in 52367ms
2292 http fetch GET 200 https://registry.npmjs.org/pug-error/-/pug-error-2.0.0.tgz 51492ms (cache miss)
2293 timing reifyNode:node_modules/pug-error Completed in 52376ms
2294 http fetch GET 200 https://registry.npmjs.org/proc-log/-/proc-log-3.0.0.tgz 51477ms (cache miss)
2295 timing reifyNode:node_modules/proc-log Completed in 52378ms
2296 http fetch GET 200 https://registry.npmjs.org/pug-attrs/-/pug-attrs-3.0.0.tgz 51488ms (cache miss)
2297 timing reifyNode:node_modules/pug-attrs Completed in 52380ms
2298 http fetch GET 200 https://registry.npmjs.org/onetime/-/onetime-5.1.2.tgz 51431ms (cache miss)
2299 timing reifyNode:node_modules/onetime Completed in 52385ms
2300 http fetch GET 200 https://registry.npmjs.org/strip-bom/-/strip-bom-3.0.0.tgz 50734ms (cache miss)
2301 timing reifyNode:node_modules/tsconfig-paths/node_modules/strip-bom Completed in 52414ms
2302 http fetch GET 200 https://registry.npmjs.org/strip-ansi/-/strip-ansi-7.0.1.tgz 50588ms (cache miss)
2303 timing reifyNode:node_modules/boxen/node_modules/strip-ansi Completed in 52351ms
2304 http fetch GET 200 https://registry.npmjs.org/locate-path/-/locate-path-3.0.0.tgz 50703ms (cache miss)
2305 timing reifyNode:node_modules/pkg-up/node_modules/locate-path Completed in 52408ms
2306 http fetch GET 200 https://registry.npmjs.org/escape-string-regexp/-/escape-string-regexp-2.0.0.tgz 50747ms (cache miss)
2307 timing reifyNode:node_modules/stack-utils/node_modules/escape-string-regexp Completed in 52438ms
2308 http fetch GET 200 https://registry.npmjs.org/chownr/-/chownr-1.1.4.tgz 50759ms (cache miss)
2309 timing reifyNode:node_modules/tar-fs/node_modules/chownr Completed in 52442ms
2310 http fetch GET 200 https://registry.npmjs.org/require-from-string/-/require-from-string-2.0.2.tgz 51621ms (cache miss)
2311 timing reifyNode:node_modules/require-from-string Completed in 52463ms
2312 http fetch GET 200 https://registry.npmjs.org/once/-/once-1.4.0.tgz 51488ms (cache miss)
2313 timing reifyNode:node_modules/once Completed in 52466ms
2314 http fetch GET 200 https://registry.npmjs.org/registry-url/-/registry-url-6.0.1.tgz 51624ms (cache miss)
2315 timing reifyNode:node_modules/registry-url Completed in 52479ms
2316 http fetch GET 200 https://registry.npmjs.org/sisteransi/-/sisteransi-1.0.5.tgz 51856ms (cache miss)
2317 timing reifyNode:node_modules/sisteransi Completed in 52655ms
2318 http fetch GET 200 https://registry.npmjs.org/npmlog/-/npmlog-6.0.2.tgz 51656ms (cache miss)
2319 timing reifyNode:node_modules/npmlog Completed in 52639ms
2320 http fetch GET 200 https://registry.npmjs.org/postcss-modules-extract-imports/-/postcss-modules-extract-imports-3.1.0.tgz 51740ms (cache miss)
2321 timing reifyNode:node_modules/postcss-modules-extract-imports Completed in 52649ms
2322 http fetch GET 200 https://registry.npmjs.org/safe-regex2/-/safe-regex2-2.0.0.tgz 51829ms (cache miss)
2323 timing reifyNode:node_modules/safe-regex2 Completed in 52658ms
2324 http fetch GET 200 https://registry.npmjs.org/npm-bundled/-/npm-bundled-3.0.0.tgz 51658ms (cache miss)
2325 timing reifyNode:node_modules/npm-bundled Completed in 52644ms
2326 http fetch GET 200 https://registry.npmjs.org/next-tick/-/next-tick-1.1.0.tgz 51651ms (cache miss)
2327 http fetch GET 200 https://registry.npmjs.org/node-releases/-/node-releases-2.0.14.tgz 51656ms (cache miss)
2328 http fetch GET 200 https://registry.npmjs.org/promise-inflight/-/promise-inflight-1.0.1.tgz 51763ms (cache miss)
2329 timing reifyNode:node_modules/promise-inflight Completed in 52659ms
2330 http fetch GET 200 https://registry.npmjs.org/path-exists/-/path-exists-4.0.0.tgz 51721ms (cache miss)
2331 timing reifyNode:node_modules/path-exists Completed in 52655ms
2332 http fetch GET 200 https://registry.npmjs.org/napi-build-utils/-/napi-build-utils-1.0.2.tgz 51650ms (cache miss)
2333 timing reifyNode:node_modules/napi-build-utils Completed in 52647ms
2334 http fetch GET 200 https://registry.npmjs.org/promise-retry/-/promise-retry-2.0.1.tgz 51767ms (cache miss)
2335 timing reifyNode:node_modules/promise-retry Completed in 52663ms
2336 http fetch GET 200 https://registry.npmjs.org/quick-format-unescaped/-/quick-format-unescaped-4.0.4.tgz 51793ms (cache miss)
2337 timing reifyNode:node_modules/node-releases Completed in 52658ms
2338 http fetch GET 200 https://registry.npmjs.org/npm-normalize-package-bin/-/npm-normalize-package-bin-3.0.1.tgz 51677ms (cache miss)
2339 timing reifyNode:node_modules/npm-normalize-package-bin Completed in 52662ms
2340 http fetch GET 200 https://registry.npmjs.org/pkg-up/-/pkg-up-3.1.0.tgz 51750ms (cache miss)
2341 timing reifyNode:node_modules/pkg-up Completed in 52674ms
2342 http fetch GET 200 https://registry.npmjs.org/node-abi/-/node-abi-3.60.0.tgz 51672ms (cache miss)
2343 timing reifyNode:node_modules/node-abi Completed in 52665ms
2344 http fetch GET 200 https://registry.npmjs.org/require-directory/-/require-directory-2.1.1.tgz 51841ms (cache miss)
2345 timing reifyNode:node_modules/require-directory Completed in 52684ms
2346 http fetch GET 200 https://registry.npmjs.org/safe-regex-test/-/safe-regex-test-1.0.3.tgz 51859ms (cache miss)
2347 http fetch GET 200 https://registry.npmjs.org/path-parse/-/path-parse-1.0.7.tgz 51749ms (cache miss)
2348 timing reifyNode:node_modules/path-parse Completed in 52680ms
2349 http fetch GET 200 https://registry.npmjs.org/parent-module/-/parent-module-1.0.1.tgz 51745ms (cache miss)
2350 timing reifyNode:node_modules/parent-module Completed in 52681ms
2351 http fetch GET 200 https://registry.npmjs.org/possible-typed-array-names/-/possible-typed-array-names-1.0.0.tgz 51777ms (cache miss)
2352 http fetch GET 200 https://registry.npmjs.org/path-type/-/path-type-4.0.0.tgz 51755ms (cache miss)
2353 timing reifyNode:node_modules/path-type Completed in 52685ms
2354 http fetch GET 200 https://registry.npmjs.org/process/-/process-0.11.10.tgz 51793ms (cache miss)
2355 timing reifyNode:node_modules/process Completed in 52691ms
2356 http fetch GET 200 https://registry.npmjs.org/rechoir/-/rechoir-0.8.0.tgz 51837ms (cache miss)
2357 timing reifyNode:node_modules/rechoir Completed in 52697ms
2358 http fetch GET 200 https://registry.npmjs.org/remote-git-tags/-/remote-git-tags-3.0.0.tgz 51855ms (cache miss)
2359 timing reifyNode:node_modules/remote-git-tags Completed in 52698ms
2360 http fetch GET 200 https://registry.npmjs.org/shebang-command/-/shebang-command-2.0.0.tgz 51901ms (cache miss)
2361 timing reifyNode:node_modules/shebang-command Completed in 52706ms
2362 http fetch GET 200 https://registry.npmjs.org/ansi-regex/-/ansi-regex-6.0.1.tgz 50868ms (cache miss)
2363 timing reifyNode:node_modules/boxen/node_modules/ansi-regex Completed in 52644ms
2364 http fetch GET 200 https://registry.npmjs.org/ansi-regex/-/ansi-regex-6.0.1.tgz 51047ms (cache miss)
2365 timing reifyNode:node_modules/widest-line/node_modules/ansi-regex Completed in 52727ms
2366 http fetch GET 200 https://registry.npmjs.org/ansi-regex/-/ansi-regex-6.0.1.tgz 51050ms (cache miss)
2367 timing reifyNode:node_modules/wrap-ansi/node_modules/ansi-regex Completed in 52729ms
2368 http fetch GET 200 https://registry.npmjs.org/ansi-regex/-/ansi-regex-6.0.1.tgz 50961ms (cache miss)
2369 timing reifyNode:node_modules/npm-check-updates/node_modules/ansi-regex Completed in 52691ms
2370 http fetch GET 200 https://registry.npmjs.org/pug-load/-/pug-load-3.0.0.tgz 51823ms (cache miss)
2371 timing reifyNode:node_modules/pug-load Completed in 52704ms
2372 http fetch GET 200 https://registry.npmjs.org/pg-connection-string/-/pg-connection-string-2.6.2.tgz 51774ms (cache miss)
2373 timing reifyNode:node_modules/pg-connection-string Completed in 52703ms
2374 http fetch GET 200 https://registry.npmjs.org/string-width/-/string-width-5.1.2.tgz 51065ms (cache miss)
2375 timing reifyNode:node_modules/wrap-ansi/node_modules/string-width Completed in 52741ms
2376 http fetch GET 200 https://registry.npmjs.org/p-locate/-/p-locate-3.0.0.tgz 51008ms (cache miss)
2377 timing reifyNode:node_modules/pkg-up/node_modules/p-locate Completed in 52712ms
2378 http fetch GET 200 https://registry.npmjs.org/@npmcli/move-file/-/move-file-1.1.2.tgz 51033ms (cache miss)
2379 timing reifyNode:node_modules/sqlite3/node_modules/@npmcli/move-file Completed in 52732ms
2380 http fetch GET 200 https://registry.npmjs.org/which/-/which-3.0.1.tgz 50899ms (cache miss)
2381 timing reifyNode:node_modules/@npmcli/run-script/node_modules/which Completed in 52669ms
2382 http fetch GET 200 https://registry.npmjs.org/strip-json-comments/-/strip-json-comments-2.0.1.tgz 51045ms (cache miss)
2383 timing reifyNode:node_modules/rc/node_modules/strip-json-comments Completed in 52744ms
2384 http fetch GET 200 https://registry.npmjs.org/path-key/-/path-key-3.1.1.tgz 51806ms (cache miss)
2385 timing reifyNode:node_modules/path-key Completed in 52738ms
2386 http fetch GET 200 https://registry.npmjs.org/p-locate/-/p-locate-5.0.0.tgz 51792ms (cache miss)
2387 timing reifyNode:node_modules/p-locate Completed in 52740ms
2388 http fetch GET 200 https://registry.npmjs.org/pump/-/pump-3.0.0.tgz 51871ms (cache miss)
2389 timing reifyNode:node_modules/pump Completed in 52749ms
2390 http fetch GET 200 https://registry.npmjs.org/randombytes/-/randombytes-2.1.0.tgz 51880ms (cache miss)
2391 timing reifyNode:node_modules/randombytes Completed in 52753ms
2392 http fetch GET 200 https://registry.npmjs.org/lowercase-keys/-/lowercase-keys-2.0.0.tgz 50945ms (cache miss)
2393 timing reifyNode:node_modules/cacheable-request/node_modules/lowercase-keys Completed in 52703ms
2394 http fetch GET 200 https://registry.npmjs.org/escape-string-regexp/-/escape-string-regexp-4.0.0.tgz 50957ms (cache miss)
2395 timing reifyNode:node_modules/eslint/node_modules/escape-string-regexp Completed in 52717ms
2396 http fetch GET 200 https://registry.npmjs.org/safe-stable-stringify/-/safe-stable-stringify-2.4.3.tgz 52053ms (cache miss)
2397 timing reifyNode:node_modules/safe-stable-stringify Completed in 52880ms
2398 http fetch GET 200 https://registry.npmjs.org/minizlib/-/minizlib-2.1.2.tgz 51861ms (cache miss)
2399 timing reifyNode:node_modules/minizlib Completed in 52864ms
2400 http fetch GET 200 https://registry.npmjs.org/pug-linker/-/pug-linker-4.0.0.tgz 52000ms (cache miss)
2401 timing reifyNode:node_modules/pug-linker Completed in 52882ms
2402 http fetch GET 200 https://registry.npmjs.org/object-assign/-/object-assign-4.1.1.tgz 51893ms (cache miss)
2403 timing reifyNode:node_modules/object-assign Completed in 52874ms
2404 http fetch GET 200 https://registry.npmjs.org/natural-compare/-/natural-compare-1.4.0.tgz 51874ms (cache miss)
2405 timing reifyNode:node_modules/natural-compare Completed in 52871ms
2406 http fetch GET 200 https://registry.npmjs.org/responselike/-/responselike-2.0.1.tgz 52056ms (cache miss)
2407 timing reifyNode:node_modules/responselike Completed in 52891ms
2408 http fetch GET 200 https://registry.npmjs.org/ret/-/ret-0.2.2.tgz 52058ms (cache miss)
2409 timing reifyNode:node_modules/ret Completed in 52893ms
2410 http fetch GET 200 https://registry.npmjs.org/simple-get/-/simple-get-4.0.1.tgz 52102ms (cache miss)
2411 http fetch GET 200 https://registry.npmjs.org/pupa/-/pupa-3.1.0.tgz 52021ms (cache miss)
2412 timing reifyNode:node_modules/pupa Completed in 52899ms
2413 http fetch GET 200 https://registry.npmjs.org/registry-auth-token/-/registry-auth-token-5.0.1.tgz 52047ms (cache miss)
2414 timing reifyNode:node_modules/registry-auth-token Completed in 52904ms
2415 http fetch GET 200 https://registry.npmjs.org/progress/-/progress-2.0.3.tgz 52004ms (cache miss)
2416 timing reifyNode:node_modules/progress Completed in 52903ms
2417 http fetch GET 200 https://registry.npmjs.org/minipass-pipeline/-/minipass-pipeline-1.2.4.tgz 51887ms (cache miss)
2418 timing reifyNode:node_modules/minipass-pipeline Completed in 52890ms
2419 http fetch GET 200 https://registry.npmjs.org/normalize-url/-/normalize-url-6.1.0.tgz 51911ms (cache miss)
2420 timing reifyNode:node_modules/normalize-url Completed in 52898ms
2421 http fetch GET 200 https://registry.npmjs.org/pkg-dir/-/pkg-dir-4.2.0.tgz 52008ms (cache miss)
2422 timing reifyNode:node_modules/pkg-dir Completed in 52918ms
2423 http fetch GET 200 https://registry.npmjs.org/split2/-/split2-4.2.0.tgz 51203ms (cache miss)
2424 timing reifyNode:node_modules/pgpass/node_modules/split2 Completed in 52918ms
2425 http fetch GET 200 https://registry.npmjs.org/@aashutoshrathi/word-wrap/-/word-wrap-1.2.6.tgz 51276ms (cache miss)
2426 timing reifyNode:node_modules/@aashutoshrathi/word-wrap Completed in 52842ms
2427 http fetch GET 200 https://registry.npmjs.org/find-up/-/find-up-4.1.0.tgz 51208ms (cache miss)
2428 timing reifyNode:node_modules/pkg-dir/node_modules/find-up Completed in 52922ms
2429 http fetch GET 200 https://registry.npmjs.org/supports-color/-/supports-color-8.1.1.tgz 51169ms (cache miss)
2430 timing reifyNode:node_modules/jest-worker/node_modules/supports-color Completed in 52906ms
2431 http fetch GET 200 https://registry.npmjs.org/unique-filename/-/unique-filename-3.0.0.tgz 51116ms (cache miss)
2432 timing reifyNode:node_modules/cacache/node_modules/unique-filename Completed in 52877ms
2433 http fetch GET 200 https://registry.npmjs.org/camelcase/-/camelcase-7.0.0.tgz 51110ms (cache miss)
2434 timing reifyNode:node_modules/boxen/node_modules/camelcase Completed in 52876ms
2435 http fetch GET 200 https://registry.npmjs.org/json-parse-even-better-errors/-/json-parse-even-better-errors-3.0.1.tgz 51243ms (cache miss)
2436 timing reifyNode:node_modules/read-package-json-fast/node_modules/json-parse-even-better-errors Completed in 52939ms
2437 http fetch GET 200 https://registry.npmjs.org/wrap-ansi/-/wrap-ansi-7.0.0.tgz 51127ms (cache miss)
2438 timing reifyNode:node_modules/cliui/node_modules/wrap-ansi Completed in 52886ms
2439 http fetch GET 200 https://registry.npmjs.org/path-exists/-/path-exists-3.0.0.tgz 51235ms (cache miss)
2440 timing reifyNode:node_modules/pkg-up/node_modules/path-exists Completed in 52939ms
2441 http fetch GET 200 https://registry.npmjs.org/ini/-/ini-1.3.8.tgz 51245ms (cache miss)
2442 timing reifyNode:node_modules/rc/node_modules/ini Completed in 52944ms
2443 http fetch GET 200 https://registry.npmjs.org/pg-connection-string/-/pg-connection-string-2.6.4.tgz 51227ms (cache miss)
2444 timing reifyNode:node_modules/pg/node_modules/pg-connection-string Completed in 52943ms
2445 http fetch GET 200 https://registry.npmjs.org/camelcase/-/camelcase-6.3.0.tgz 51179ms (cache miss)
2446 timing reifyNode:node_modules/jest-validate/node_modules/camelcase Completed in 52929ms
2447 http fetch GET 200 https://registry.npmjs.org/write-file-atomic/-/write-file-atomic-3.0.3.tgz 51142ms (cache miss)
2448 timing reifyNode:node_modules/configstore/node_modules/write-file-atomic Completed in 52900ms
2449 http fetch GET 200 https://registry.npmjs.org/pug-walk/-/pug-walk-2.0.0.tgz 52078ms (cache miss)
2450 timing reifyNode:node_modules/pug-walk Completed in 52958ms
2451 http fetch GET 200 https://registry.npmjs.org/postcss-modules-scope/-/postcss-modules-scope-3.2.0.tgz 52048ms (cache miss)
2452 timing reifyNode:node_modules/postcss-modules-scope Completed in 52956ms
2453 http fetch GET 200 https://registry.npmjs.org/queue-microtask/-/queue-microtask-1.2.3.tgz 52085ms (cache miss)
2454 timing reifyNode:node_modules/queue-microtask Completed in 52959ms
2455 http fetch GET 200 https://registry.npmjs.org/read-package-json-fast/-/read-package-json-fast-3.0.2.tgz 52095ms (cache miss)
2456 timing reifyNode:node_modules/read-package-json-fast Completed in 52961ms
2457 http fetch GET 200 https://registry.npmjs.org/abbrev/-/abbrev-2.0.0.tgz 51205ms (cache miss)
2458 timing reifyNode:node_modules/js-beautify/node_modules/abbrev Completed in 52942ms
2459 http fetch GET 200 https://registry.npmjs.org/mimic-response/-/mimic-response-3.1.0.tgz 51156ms (cache miss)
2460 timing reifyNode:node_modules/decompress-response/node_modules/mimic-response Completed in 52915ms
2461 http fetch GET 200 https://registry.npmjs.org/ms/-/ms-2.1.2.tgz 51167ms (cache miss)
2462 timing reifyNode:node_modules/debug/node_modules/ms Completed in 52924ms
2463 http fetch GET 200 https://registry.npmjs.org/strip-json-comments/-/strip-json-comments-5.0.1.tgz 51247ms (cache miss)
2464 timing reifyNode:node_modules/npm-check-updates/node_modules/strip-json-comments Completed in 52964ms
2465 http fetch GET 200 https://registry.npmjs.org/strip-ansi/-/strip-ansi-6.0.1.tgz 52219ms (cache miss)
2466 timing reifyNode:node_modules/strip-ansi-cjs Completed in 52996ms
2467 http fetch GET 200 https://registry.npmjs.org/wide-align/-/wide-align-1.1.5.tgz 52298ms (cache miss)
2468 timing reifyNode:node_modules/wide-align Completed in 53009ms
2469 http fetch GET 200 https://registry.npmjs.org/strip-final-newline/-/strip-final-newline-2.0.0.tgz 52227ms (cache miss)
2470 timing reifyNode:node_modules/strip-final-newline Completed in 53003ms
2471 http fetch GET 200 https://registry.npmjs.org/tildify/-/tildify-2.0.0.tgz 52251ms (cache miss)
2472 timing reifyNode:node_modules/tildify Completed in 53010ms
2473 http fetch GET 200 https://registry.npmjs.org/tmpl/-/tmpl-1.0.5.tgz 52255ms (cache miss)
2474 timing reifyNode:node_modules/tmpl Completed in 53012ms
2475 http fetch GET 200 https://registry.npmjs.org/@babel/plugin-syntax-object-rest-spread/-/plugin-syntax-object-rest-spread-7.8.3.tgz 51381ms (cache miss)
2476 timing reifyNode:node_modules/@babel/plugin-syntax-object-rest-spread Completed in 52918ms
2477 http fetch GET 200 https://registry.npmjs.org/@webassemblyjs/ieee754/-/ieee754-1.11.6.tgz 51516ms (cache miss)
2478 timing reifyNode:node_modules/@webassemblyjs/ieee754 Completed in 52936ms
2479 http fetch GET 200 https://registry.npmjs.org/builtins/-/builtins-5.1.0.tgz 51603ms (cache miss)
2480 timing reifyNode:node_modules/builtins Completed in 52946ms
2481 http fetch GET 200 https://registry.npmjs.org/@babel/plugin-syntax-optional-chaining/-/plugin-syntax-optional-chaining-7.8.3.tgz 51389ms (cache miss)
2482 timing reifyNode:node_modules/@babel/plugin-syntax-optional-chaining Completed in 52926ms
2483 http fetch GET 200 https://registry.npmjs.org/@babel/plugin-syntax-async-generators/-/plugin-syntax-async-generators-7.8.4.tgz 51384ms (cache miss)
2484 timing reifyNode:node_modules/@babel/plugin-syntax-async-generators Completed in 52928ms
2485 http fetch GET 200 https://registry.npmjs.org/unique-slug/-/unique-slug-2.0.2.tgz 52297ms (cache miss)
2486 timing reifyNode:node_modules/unique-slug Completed in 53028ms
2487 http fetch GET 200 https://registry.npmjs.org/unique-string/-/unique-string-3.0.0.tgz 52301ms (cache miss)
2488 timing reifyNode:node_modules/unique-string Completed in 53031ms
2489 http fetch GET 200 https://registry.npmjs.org/latest-version/-/latest-version-7.0.0.tgz 51958ms (cache miss)
2490 timing reifyNode:node_modules/latest-version Completed in 52997ms
2491 http fetch GET 200 https://registry.npmjs.org/@types/semver-utils/-/semver-utils-1.1.3.tgz 51526ms (cache miss)
2492 timing reifyNode:node_modules/@types/semver-utils Completed in 52951ms
2493 http fetch GET 200 https://registry.npmjs.org/@types/responselike/-/responselike-1.0.0.tgz 51537ms (cache miss)
2494 timing reifyNode:node_modules/@types/responselike Completed in 52964ms
2495 http fetch GET 200 https://registry.npmjs.org/lodash.compact/-/lodash.compact-3.0.1.tgz 51982ms (cache miss)
2496 timing reifyNode:node_modules/lodash.compact Completed in 53013ms
2497 http fetch GET 200 https://registry.npmjs.org/@types/ms/-/ms-0.7.34.tgz 51539ms (cache miss)
2498 timing reifyNode:node_modules/@types/ms Completed in 52966ms
2499 http fetch GET 200 https://registry.npmjs.org/detect-newline/-/detect-newline-3.1.0.tgz 51733ms (cache miss)
2500 timing reifyNode:node_modules/detect-newline Completed in 52985ms
2501 http fetch GET 200 https://registry.npmjs.org/@npmcli/node-gyp/-/node-gyp-3.0.0.tgz 51483ms (cache miss)
2502 timing reifyNode:node_modules/@npmcli/node-gyp Completed in 52966ms
2503 http fetch GET 200 https://registry.npmjs.org/@jest/globals/-/globals-29.7.0.tgz 51470ms (cache miss)
2504 timing reifyNode:node_modules/@jest/globals Completed in 52967ms
2505 http fetch GET 200 https://registry.npmjs.org/punycode/-/punycode-2.1.1.tgz 52210ms (cache miss)
2506 timing reifyNode:node_modules/punycode Completed in 53088ms
2507 timing reifyNode:node_modules/next-tick Completed in 53074ms
2508 http fetch GET 200 https://registry.npmjs.org/set-function-length/-/set-function-length-1.2.2.tgz 52292ms (cache miss)
2509 timing reifyNode:node_modules/set-function-length Completed in 53108ms
2510 http fetch GET 200 https://registry.npmjs.org/path-is-absolute/-/path-is-absolute-1.0.1.tgz 52165ms (cache miss)
2511 timing reifyNode:node_modules/path-is-absolute Completed in 53099ms
2512 http fetch GET 200 https://registry.npmjs.org/rimraf/-/rimraf-3.0.2.tgz 52279ms (cache miss)
2513 timing reifyNode:node_modules/rimraf Completed in 53109ms
2514 timing reifyNode:node_modules/simple-get Completed in 53113ms
2515 timing reifyNode:node_modules/quick-format-unescaped Completed in 53108ms
2516 http fetch GET 200 https://registry.npmjs.org/pug-filters/-/pug-filters-4.0.0.tgz 52224ms (cache miss)
2517 timing reifyNode:node_modules/pug-filters Completed in 53109ms
2518 http fetch GET 200 https://registry.npmjs.org/reusify/-/reusify-1.0.4.tgz 52287ms (cache miss)
2519 timing reifyNode:node_modules/reusify Completed in 53120ms
2520 http fetch GET 200 https://registry.npmjs.org/spdx-correct/-/spdx-correct-3.2.0.tgz 52298ms (cache miss)
2521 timing reifyNode:node_modules/spdx-correct Completed in 53126ms
2522 timing reifyNode:node_modules/possible-typed-array-names Completed in 53117ms
2523 http fetch GET 200 https://registry.npmjs.org/pgpass/-/pgpass-1.0.5.tgz 52191ms (cache miss)
2524 timing reifyNode:node_modules/pgpass Completed in 53115ms
2525 http fetch GET 200 https://registry.npmjs.org/postcss-modules-values/-/postcss-modules-values-4.0.0.tgz 52214ms (cache miss)
2526 timing reifyNode:node_modules/postcss-modules-values Completed in 53120ms
2527 http fetch GET 200 https://registry.npmjs.org/serialize-javascript/-/serialize-javascript-6.0.2.tgz 52317ms (cache miss)
2528 timing reifyNode:node_modules/serialize-javascript Completed in 53130ms
2529 http fetch GET 200 https://registry.npmjs.org/shallow-clone/-/shallow-clone-3.0.1.tgz 52328ms (cache miss)
2530 timing reifyNode:node_modules/shallow-clone Completed in 53134ms
2531 http fetch GET 200 https://registry.npmjs.org/glob-parent/-/glob-parent-5.1.2.tgz 51317ms (cache miss)
2532 timing reifyNode:node_modules/chokidar/node_modules/glob-parent Completed in 53077ms
2533 http fetch GET 200 https://registry.npmjs.org/p-locate/-/p-locate-4.1.0.tgz 51294ms (cache miss)
2534 timing reifyNode:node_modules/@istanbuljs/load-nyc-config/node_modules/p-locate Completed in 53063ms
2535 http fetch GET 200 https://registry.npmjs.org/strip-ansi/-/strip-ansi-7.1.0.tgz 51407ms (cache miss)
2536 timing reifyNode:node_modules/npm-check-updates/node_modules/strip-ansi Completed in 53125ms
2537 http fetch GET 200 https://registry.npmjs.org/locate-path/-/locate-path-5.0.0.tgz 51428ms (cache miss)
2538 timing reifyNode:node_modules/pkg-dir/node_modules/locate-path Completed in 53136ms
2539 http fetch GET 200 https://registry.npmjs.org/signal-exit/-/signal-exit-3.0.7.tgz 52355ms (cache miss)
2540 timing reifyNode:node_modules/signal-exit Completed in 53157ms
2541 http fetch GET 200 https://registry.npmjs.org/http-proxy-agent/-/http-proxy-agent-4.0.1.tgz 51477ms (cache miss)
2542 http fetch GET 200 https://registry.npmjs.org/postgres-bytea/-/postgres-bytea-1.0.0.tgz 52255ms (cache miss)
2543 timing reifyNode:node_modules/postgres-bytea Completed in 53166ms
2544 http fetch GET 200 https://registry.npmjs.org/npm-pick-manifest/-/npm-pick-manifest-8.0.2.tgz 52181ms (cache miss)
2545 timing reifyNode:node_modules/npm-pick-manifest Completed in 53163ms
2546 http fetch GET 200 https://registry.npmjs.org/unique-slug/-/unique-slug-4.0.0.tgz 51362ms (cache miss)
2547 timing reifyNode:node_modules/cacache/node_modules/unique-slug Completed in 53120ms
2548 timing reifyNode:node_modules/sqlite3/node_modules/http-proxy-agent Completed in 53191ms
2549 http fetch GET 200 https://registry.npmjs.org/fs-minipass/-/fs-minipass-3.0.3.tgz 51455ms (cache miss)
2550 timing reifyNode:node_modules/pacote/node_modules/fs-minipass Completed in 53172ms
2551 http fetch GET 200 https://registry.npmjs.org/resolve-from/-/resolve-from-4.0.0.tgz 51409ms (cache miss)
2552 timing reifyNode:node_modules/import-fresh/node_modules/resolve-from Completed in 53151ms
2553 http fetch GET 200 https://registry.npmjs.org/get-stream/-/get-stream-5.2.0.tgz 51371ms (cache miss)
2554 timing reifyNode:node_modules/cacheable-request/node_modules/get-stream Completed in 53131ms
2555 http fetch GET 200 https://registry.npmjs.org/strip-bom/-/strip-bom-4.0.0.tgz 52433ms (cache miss)
2556 timing reifyNode:node_modules/strip-bom Completed in 53209ms
2557 http fetch GET 200 https://registry.npmjs.org/token-stream/-/token-stream-1.0.0.tgz 52459ms (cache miss)
2558 timing reifyNode:node_modules/token-stream Completed in 53214ms
2559 http fetch GET 200 https://registry.npmjs.org/walker/-/walker-1.0.8.tgz 52500ms (cache miss)
2560 timing reifyNode:node_modules/walker Completed in 53221ms
2561 http fetch GET 200 https://registry.npmjs.org/toidentifier/-/toidentifier-1.0.1.tgz 52461ms (cache miss)
2562 timing reifyNode:node_modules/toidentifier Completed in 53218ms
2563 http fetch GET 200 https://registry.npmjs.org/void-elements/-/void-elements-3.1.0.tgz 52501ms (cache miss)
2564 timing reifyNode:node_modules/void-elements Completed in 53222ms
2565 http fetch GET 200 https://registry.npmjs.org/@webassemblyjs/utf8/-/utf8-1.11.6.tgz 51723ms (cache miss)
2566 http fetch GET 200 https://registry.npmjs.org/@types/cacheable-request/-/cacheable-request-6.0.2.tgz 51681ms (cache miss)
2567 timing reifyNode:node_modules/@types/cacheable-request Completed in 53136ms
2568 timing reifyNode:node_modules/@webassemblyjs/utf8 Completed in 53146ms
2569 http fetch GET 200 https://registry.npmjs.org/util-deprecate/-/util-deprecate-1.0.2.tgz 52504ms (cache miss)
2570 timing reifyNode:node_modules/util-deprecate Completed in 53231ms
2571 http fetch GET 200 https://registry.npmjs.org/@types/keyv/-/keyv-3.1.4.tgz 51715ms (cache miss)
2572 timing reifyNode:node_modules/@types/keyv Completed in 53144ms
2573 http fetch GET 200 https://registry.npmjs.org/@webassemblyjs/helper-wasm-bytecode/-/helper-wasm-bytecode-1.11.6.tgz 51731ms (cache miss)
2574 timing reifyNode:node_modules/@webassemblyjs/helper-wasm-bytecode Completed in 53151ms
2575 http fetch GET 200 https://registry.npmjs.org/@babel/plugin-syntax-jsx/-/plugin-syntax-jsx-7.24.1.tgz 51595ms (cache miss)
2576 timing reifyNode:node_modules/@babel/plugin-syntax-jsx Completed in 53135ms
2577 http fetch GET 200 https://registry.npmjs.org/@webassemblyjs/wasm-opt/-/wasm-opt-1.12.1.tgz 51737ms (cache miss)
2578 timing reifyNode:node_modules/@webassemblyjs/wasm-opt Completed in 53153ms
2579 http fetch GET 200 https://registry.npmjs.org/ansi-regex/-/ansi-regex-5.0.1.tgz 51762ms (cache miss)
2580 timing reifyNode:node_modules/ansi-regex Completed in 53157ms
2581 http fetch GET 200 https://registry.npmjs.org/supports-color/-/supports-color-7.2.0.tgz 52469ms (cache miss)
2582 timing reifyNode:node_modules/supports-color Completed in 53242ms
2583 http fetch GET 200 https://registry.npmjs.org/dot-prop/-/dot-prop-6.0.1.tgz 51939ms (cache miss)
2584 timing reifyNode:node_modules/dot-prop Completed in 53188ms
2585 http fetch GET 200 https://registry.npmjs.org/@webassemblyjs/helper-buffer/-/helper-buffer-1.12.1.tgz 51756ms (cache miss)
2586 timing reifyNode:node_modules/@webassemblyjs/helper-buffer Completed in 53179ms
2587 http fetch GET 200 https://registry.npmjs.org/concat-map/-/concat-map-0.0.1.tgz 51895ms (cache miss)
2588 timing reifyNode:node_modules/concat-map Completed in 53189ms
2589 http fetch GET 200 https://registry.npmjs.org/env-paths/-/env-paths-2.2.1.tgz 51953ms (cache miss)
2590 timing reifyNode:node_modules/env-paths Completed in 53195ms
2591 http fetch GET 200 https://registry.npmjs.org/@tufjs/canonical-json/-/canonical-json-1.0.0.tgz 51721ms (cache miss)
2592 timing reifyNode:node_modules/@tufjs/canonical-json Completed in 53183ms
2593 http fetch GET 200 https://registry.npmjs.org/is-ci/-/is-ci-3.0.1.tgz 52122ms (cache miss)
2594 timing reifyNode:node_modules/is-ci Completed in 53224ms
2595 http fetch GET 200 https://registry.npmjs.org/color-name/-/color-name-1.1.4.tgz 51891ms (cache miss)
2596 timing reifyNode:node_modules/color-name Completed in 53203ms
2597 http fetch GET 200 https://registry.npmjs.org/@webassemblyjs/helper-api-error/-/helper-api-error-1.11.6.tgz 51773ms (cache miss)
2598 timing reifyNode:node_modules/@webassemblyjs/helper-api-error Completed in 53196ms
2599 http fetch GET 200 https://registry.npmjs.org/js-stringify/-/js-stringify-1.0.2.tgz 52192ms (cache miss)
2600 timing reifyNode:node_modules/js-stringify Completed in 53243ms
2601 http fetch GET 200 https://registry.npmjs.org/lowercase-keys/-/lowercase-keys-3.0.0.tgz 52224ms (cache miss)
2602 timing reifyNode:node_modules/lowercase-keys Completed in 53253ms
2603 http fetch GET 200 https://registry.npmjs.org/inherits/-/inherits-2.0.4.tgz 52133ms (cache miss)
2604 timing reifyNode:node_modules/inherits Completed in 53242ms
2605 http fetch GET 200 https://registry.npmjs.org/doctypes/-/doctypes-1.1.0.tgz 51973ms (cache miss)
2606 timing reifyNode:node_modules/doctypes Completed in 53224ms
2607 http fetch GET 200 https://registry.npmjs.org/fs-constants/-/fs-constants-1.0.0.tgz 52074ms (cache miss)
2608 timing reifyNode:node_modules/fs-constants Completed in 53240ms
2609 http fetch GET 200 https://registry.npmjs.org/abstract-logging/-/abstract-logging-2.0.1.tgz 51815ms (cache miss)
2610 timing reifyNode:node_modules/abstract-logging Completed in 53217ms
2611 http fetch GET 200 https://registry.npmjs.org/is-npm/-/is-npm-6.0.0.tgz 52162ms (cache miss)
2612 timing reifyNode:node_modules/is-npm Completed in 53258ms
2613 http fetch GET 200 https://registry.npmjs.org/@types/json5/-/json5-0.0.29.tgz 51789ms (cache miss)
2614 timing reifyNode:node_modules/@types/json5 Completed in 53218ms
2615 http fetch GET 200 https://registry.npmjs.org/array-union/-/array-union-2.1.0.tgz 51845ms (cache miss)
2616 timing reifyNode:node_modules/array-union Completed in 53231ms
2617 http fetch GET 200 https://registry.npmjs.org/is-docker/-/is-docker-2.2.1.tgz 52162ms (cache miss)
2618 timing reifyNode:node_modules/is-docker Completed in 53263ms
2619 http fetch GET 200 https://registry.npmjs.org/@webassemblyjs/helper-numbers/-/helper-numbers-1.11.6.tgz 51811ms (cache miss)
2620 timing reifyNode:node_modules/@webassemblyjs/helper-numbers Completed in 53233ms
2621 http fetch GET 200 https://registry.npmjs.org/@webpack-cli/configtest/-/configtest-2.1.1.tgz 51837ms (cache miss)
2622 timing reifyNode:node_modules/@webpack-cli/configtest Completed in 53242ms
2623 http fetch GET 200 https://registry.npmjs.org/quick-lru/-/quick-lru-5.1.1.tgz 52455ms (cache miss)
2624 timing reifyNode:node_modules/quick-lru Completed in 53326ms
2625 http fetch GET 200 https://registry.npmjs.org/pug-parser/-/pug-parser-6.0.0.tgz 52457ms (cache miss)
2626 timing reifyNode:node_modules/pug-parser Completed in 53341ms
2627 timing reifyNode:node_modules/safe-regex-test Completed in 53346ms
2628 http fetch GET 200 https://registry.npmjs.org/safe-array-concat/-/safe-array-concat-1.1.2.tgz 52519ms (cache miss)
2629 http fetch GET 200 https://registry.npmjs.org/set-cookie-parser/-/set-cookie-parser-2.6.0.tgz 52540ms (cache miss)
2630 timing reifyNode:node_modules/set-cookie-parser Completed in 53350ms
2631 http fetch GET 200 https://registry.npmjs.org/npm-run-path/-/npm-run-path-4.0.1.tgz 52355ms (cache miss)
2632 timing reifyNode:node_modules/npm-run-path Completed in 53337ms
2633 http fetch GET 200 https://registry.npmjs.org/pirates/-/pirates-4.0.6.tgz 52428ms (cache miss)
2634 timing reifyNode:node_modules/pirates Completed in 53346ms
2635 http fetch GET 200 https://registry.npmjs.org/strip-ansi/-/strip-ansi-7.0.1.tgz 51707ms (cache miss)
2636 timing reifyNode:node_modules/widest-line/node_modules/strip-ansi Completed in 53384ms
2637 http fetch GET 200 https://registry.npmjs.org/strip-ansi/-/strip-ansi-7.0.1.tgz 51710ms (cache miss)
2638 timing reifyNode:node_modules/wrap-ansi/node_modules/strip-ansi Completed in 53386ms
2639 http fetch GET 200 https://registry.npmjs.org/cookie/-/cookie-0.4.2.tgz 51718ms (cache miss)
2640 timing reifyNode:node_modules/youch/node_modules/cookie Completed in 53396ms
2641 timing reifyNode:node_modules/safe-array-concat Completed in 53377ms
2642 http fetch GET 200 https://registry.npmjs.org/brace-expansion/-/brace-expansion-2.0.1.tgz 51601ms (cache miss)
2643 timing reifyNode:node_modules/glob/node_modules/brace-expansion Completed in 53345ms
2644 http fetch GET 200 https://registry.npmjs.org/pg-connection-string/-/pg-connection-string-2.6.1.tgz 51601ms (cache miss)
2645 timing reifyNode:node_modules/fastify-objectionjs/node_modules/pg-connection-string Completed in 53344ms
2646 http fetch GET 200 https://registry.npmjs.org/cliui/-/cliui-7.0.4.tgz 51693ms (cache miss)
2647 timing reifyNode:node_modules/sequelize-cli/node_modules/cliui Completed in 53391ms
2648 http fetch GET 200 https://registry.npmjs.org/hosted-git-info/-/hosted-git-info-6.1.1.tgz 51660ms (cache miss)
2649 timing reifyNode:node_modules/npm-package-arg/node_modules/hosted-git-info Completed in 53377ms
2650 http fetch GET 200 https://registry.npmjs.org/socks-proxy-agent/-/socks-proxy-agent-6.2.1.tgz 51719ms (cache miss)
2651 timing reifyNode:node_modules/sqlite3/node_modules/socks-proxy-agent Completed in 53412ms
2652 http fetch GET 200 https://registry.npmjs.org/yallist/-/yallist-3.1.1.tgz 51645ms (cache miss)
2653 timing reifyNode:node_modules/lru-cache/node_modules/yallist Completed in 53386ms
2654 http fetch GET 200 https://registry.npmjs.org/read-package-json/-/read-package-json-6.0.4.tgz 52541ms (cache miss)
2655 timing reifyNode:node_modules/read-package-json Completed in 53409ms
2656 http fetch GET 200 https://registry.npmjs.org/p-try/-/p-try-2.2.0.tgz 52473ms (cache miss)
2657 timing reifyNode:node_modules/p-try Completed in 53410ms
2658 http fetch GET 200 https://registry.npmjs.org/lru-cache/-/lru-cache-6.0.0.tgz 51728ms (cache miss)
2659 timing reifyNode:node_modules/semver/node_modules/lru-cache Completed in 53423ms
2660 http fetch GET 200 https://registry.npmjs.org/ansi-styles/-/ansi-styles-5.2.0.tgz 51746ms (cache miss)
2661 timing reifyNode:node_modules/pretty-format/node_modules/ansi-styles Completed in 53451ms
2662 http fetch GET 200 https://registry.npmjs.org/wrappy/-/wrappy-1.0.2.tgz 52786ms (cache miss)
2663 timing reifyNode:node_modules/wrappy Completed in 53491ms
2664 http fetch GET 200 https://registry.npmjs.org/yallist/-/yallist-4.0.0.tgz 52793ms (cache miss)
2665 timing reifyNode:node_modules/yallist Completed in 53498ms
2666 http fetch GET 200 https://registry.npmjs.org/untildify/-/untildify-4.0.0.tgz 52763ms (cache miss)
2667 timing reifyNode:node_modules/untildify Completed in 53492ms
2668 http fetch GET 200 https://registry.npmjs.org/universalify/-/universalify-2.0.1.tgz 52765ms (cache miss)
2669 timing reifyNode:node_modules/universalify Completed in 53494ms
2670 http fetch GET 200 https://registry.npmjs.org/which/-/which-2.0.2.tgz 52787ms (cache miss)
2671 timing reifyNode:node_modules/which Completed in 53500ms
2672 http fetch GET 200 https://registry.npmjs.org/@babel/plugin-syntax-top-level-await/-/plugin-syntax-top-level-await-7.14.5.tgz 51864ms (cache miss)
2673 timing reifyNode:node_modules/@babel/plugin-syntax-top-level-await Completed in 53399ms
2674 http fetch GET 200 https://registry.npmjs.org/widest-line/-/widest-line-4.0.1.tgz 52793ms (cache miss)
2675 timing reifyNode:node_modules/widest-line Completed in 53505ms
2676 http fetch GET 200 https://registry.npmjs.org/@types/babel__generator/-/babel__generator-7.6.8.tgz 51953ms (cache miss)
2677 timing reifyNode:node_modules/@types/babel__generator Completed in 53412ms
2678 http fetch GET 200 https://registry.npmjs.org/@tootallnate/once/-/once-2.0.0.tgz 51951ms (cache miss)
2679 http fetch GET 200 https://registry.npmjs.org/@fastify/flash/-/flash-5.1.0.tgz 51892ms (cache miss)
2680 http fetch GET 200 https://registry.npmjs.org/@babel/plugin-syntax-json-strings/-/plugin-syntax-json-strings-7.8.3.tgz 51864ms (cache miss)
2681 timing reifyNode:node_modules/@babel/plugin-syntax-json-strings Completed in 53405ms
2682 http fetch GET 200 https://registry.npmjs.org/@babel/plugin-syntax-nullish-coalescing-operator/-/plugin-syntax-nullish-coalescing-operator-7.8.3.tgz 51869ms (cache miss)
2683 timing reifyNode:node_modules/@babel/plugin-syntax-nullish-coalescing-operator Completed in 53408ms
2684 http fetch GET 200 https://registry.npmjs.org/@babel/plugin-syntax-numeric-separator/-/plugin-syntax-numeric-separator-7.10.4.tgz 51871ms (cache miss)
2685 timing reifyNode:node_modules/@babel/plugin-syntax-numeric-separator Completed in 53409ms
2686 http fetch GET 200 https://registry.npmjs.org/@fastify/deepmerge/-/deepmerge-1.3.0.tgz 51898ms (cache miss)
2687 timing reifyNode:node_modules/@fastify/deepmerge Completed in 53415ms
2688 http fetch GET 200 https://registry.npmjs.org/commist/-/commist-3.0.0.tgz 52135ms (cache miss)
2689 http fetch GET 200 https://registry.npmjs.org/wrap-ansi/-/wrap-ansi-8.1.0.tgz 52816ms (cache miss)
2690 timing reifyNode:node_modules/wrap-ansi Completed in 53521ms
2691 http fetch GET 200 https://registry.npmjs.org/@babel/plugin-syntax-class-properties/-/plugin-syntax-class-properties-7.12.13.tgz 51876ms (cache miss)
2692 timing reifyNode:node_modules/@babel/plugin-syntax-class-properties Completed in 53418ms
2693 http fetch GET 200 https://registry.npmjs.org/aproba/-/aproba-2.0.0.tgz 52049ms (cache miss)
2694 timing reifyNode:node_modules/aproba Completed in 53438ms
2695 http fetch GET 200 https://registry.npmjs.org/@eslint/js/-/js-9.1.1.tgz 51904ms (cache miss)
2696 timing reifyNode:node_modules/@eslint/js Completed in 53423ms
2697 http fetch GET 200 https://registry.npmjs.org/@jest/console/-/console-29.7.0.tgz 51920ms (cache miss)
2698 timing reifyNode:node_modules/@jest/console Completed in 53427ms
2699 http fetch GET 200 https://registry.npmjs.org/@istanbuljs/load-nyc-config/-/load-nyc-config-1.1.0.tgz 51921ms (cache miss)
2700 timing reifyNode:node_modules/@istanbuljs/load-nyc-config Completed in 53429ms
2701 http fetch GET 200 https://registry.npmjs.org/data-view-byte-length/-/data-view-byte-length-1.0.1.tgz 52179ms (cache miss)
2702 http fetch GET 200 https://registry.npmjs.org/anymatch/-/anymatch-3.1.2.tgz 52059ms (cache miss)
2703 timing reifyNode:node_modules/anymatch Completed in 53451ms
2704 http fetch GET 200 https://registry.npmjs.org/glob-to-regexp/-/glob-to-regexp-0.4.1.tgz 52326ms (cache miss)
2705 timing reifyNode:node_modules/glob-to-regexp Completed in 53477ms
2706 http fetch GET 200 https://registry.npmjs.org/acorn-import-assertions/-/acorn-import-assertions-1.9.0.tgz 52051ms (cache miss)
2707 timing reifyNode:node_modules/acorn-import-assertions Completed in 53452ms
2708 http fetch GET 200 https://registry.npmjs.org/spdx-expression-parse/-/spdx-expression-parse-3.0.1.tgz 52742ms (cache miss)
2709 timing reifyNode:node_modules/spdx-expression-parse Completed in 53525ms
2710 http fetch GET 200 https://registry.npmjs.org/normalize-path/-/normalize-path-3.0.0.tgz 52517ms (cache miss)
2711 timing reifyNode:node_modules/normalize-path Completed in 53506ms
2712 http fetch GET 200 https://registry.npmjs.org/package-json/-/package-json-8.1.0.tgz 52576ms (cache miss)
2713 timing reifyNode:node_modules/package-json Completed in 53513ms
2714 http fetch GET 200 https://registry.npmjs.org/@jest/test-sequencer/-/test-sequencer-29.7.0.tgz 51958ms (cache miss)
2715 timing reifyNode:node_modules/@jest/test-sequencer Completed in 53450ms
2716 http fetch GET 200 https://registry.npmjs.org/jest-pnp-resolver/-/jest-pnp-resolver-1.2.3.tgz 52436ms (cache miss)
2717 timing reifyNode:node_modules/jest-pnp-resolver Completed in 53500ms
2718 http fetch GET 200 https://registry.npmjs.org/delegates/-/delegates-1.0.0.tgz 52223ms (cache miss)
2719 http fetch GET 200 https://registry.npmjs.org/callsites/-/callsites-3.1.0.tgz 52141ms (cache miss)
2720 timing reifyNode:node_modules/callsites Completed in 53472ms
2721 timing reifyNode:node_modules/delegates Completed in 53480ms
2722 http fetch GET 200 https://registry.npmjs.org/decompress-response/-/decompress-response-6.0.0.tgz 52212ms (cache miss)
2723 timing reifyNode:node_modules/decompress-response Completed in 53480ms
2724 http fetch GET 200 https://registry.npmjs.org/atomic-sleep/-/atomic-sleep-1.0.0.tgz 52104ms (cache miss)
2725 timing reifyNode:node_modules/atomic-sleep Completed in 53473ms
2726 http fetch GET 200 https://registry.npmjs.org/@xtuc/ieee754/-/ieee754-1.2.0.tgz 52071ms (cache miss)
2727 timing reifyNode:node_modules/@xtuc/ieee754 Completed in 53476ms
2728 http fetch GET 200 https://registry.npmjs.org/cookie-signature/-/cookie-signature-1.2.1.tgz 52208ms (cache miss)
2729 timing reifyNode:node_modules/cookie-signature Completed in 53492ms
2730 http fetch GET 200 https://registry.npmjs.org/@gar/promisify/-/promisify-1.1.3.tgz 51964ms (cache miss)
2731 timing reifyNode:node_modules/@gar/promisify Completed in 53474ms
2732 http fetch GET 200 https://registry.npmjs.org/github-from-package/-/github-from-package-0.0.0.tgz 52368ms (cache miss)
2733 http fetch GET 200 https://registry.npmjs.org/lru-queue/-/lru-queue-0.1.0.tgz 52515ms (cache miss)
2734 timing reifyNode:node_modules/lru-queue Completed in 53538ms
2735 http fetch GET 200 https://registry.npmjs.org/@types/stack-utils/-/stack-utils-2.0.3.tgz 52071ms (cache miss)
2736 timing reifyNode:node_modules/@types/stack-utils Completed in 53496ms
2737 http fetch GET 200 https://registry.npmjs.org/@jest/schemas/-/schemas-29.6.3.tgz 51997ms (cache miss)
2738 timing reifyNode:node_modules/@jest/schemas Completed in 53491ms
2739 http fetch GET 200 https://registry.npmjs.org/@types/stack-trace/-/stack-trace-0.0.29.tgz 52076ms (cache miss)
2740 timing reifyNode:node_modules/@types/stack-trace Completed in 53501ms
2741 http fetch GET 200 https://registry.npmjs.org/confusing-browser-globals/-/confusing-browser-globals-1.0.11.tgz 52227ms (cache miss)
2742 timing reifyNode:node_modules/confusing-browser-globals Completed in 53517ms
2743 http fetch GET 200 https://registry.npmjs.org/postcss-modules-local-by-default/-/postcss-modules-local-by-default-4.0.5.tgz 52669ms (cache miss)
2744 timing reifyNode:node_modules/postcss-modules-local-by-default Completed in 53578ms
2745 http fetch GET 200 https://registry.npmjs.org/readdirp/-/readdirp-3.6.0.tgz 52723ms (cache miss)
2746 timing reifyNode:node_modules/readdirp Completed in 53585ms
2747 http fetch GET 200 https://registry.npmjs.org/npm-package-arg/-/npm-package-arg-10.1.0.tgz 52590ms (cache miss)
2748 timing reifyNode:node_modules/npm-package-arg Completed in 53575ms
2749 http fetch GET 200 https://registry.npmjs.org/rfdc/-/rfdc-1.3.1.tgz 52778ms (cache miss)
2750 timing reifyNode:node_modules/rfdc Completed in 53610ms
2751 http fetch GET 200 https://registry.npmjs.org/estraverse/-/estraverse-4.3.0.tgz 51950ms (cache miss)
2752 timing reifyNode:node_modules/webpack/node_modules/estraverse Completed in 53632ms
2753 http fetch GET 200 https://registry.npmjs.org/p-limit/-/p-limit-2.3.0.tgz 51902ms (cache miss)
2754 timing reifyNode:node_modules/pkg-up/node_modules/p-limit Completed in 53607ms
2755 http fetch GET 200 https://registry.npmjs.org/strip-ansi/-/strip-ansi-7.1.0.tgz 51767ms (cache miss)
2756 timing reifyNode:node_modules/@isaacs/cliui/node_modules/strip-ansi Completed in 53538ms
2757 http fetch GET 200 https://registry.npmjs.org/locate-path/-/locate-path-5.0.0.tgz 51778ms (cache miss)
2758 timing reifyNode:node_modules/@istanbuljs/load-nyc-config/node_modules/locate-path Completed in 53547ms
2759 http fetch GET 200 https://registry.npmjs.org/ansi-styles/-/ansi-styles-6.1.0.tgz 51973ms (cache miss)
2760 timing reifyNode:node_modules/wrap-ansi/node_modules/ansi-styles Completed in 53652ms
2761 http fetch GET 200 https://registry.npmjs.org/which/-/which-3.0.1.tgz 51808ms (cache miss)
2762 timing reifyNode:node_modules/@npmcli/git/node_modules/which Completed in 53580ms
2763 http fetch GET 200 https://registry.npmjs.org/which/-/which-3.0.1.tgz 51813ms (cache miss)
2764 timing reifyNode:node_modules/@npmcli/promise-spawn/node_modules/which Completed in 53582ms
2765 http fetch GET 200 https://registry.npmjs.org/@eslint/js/-/js-8.57.0.tgz 51858ms (cache miss)
2766 timing reifyNode:node_modules/eslint/node_modules/@eslint/js Completed in 53619ms
2767 http fetch GET 200 https://registry.npmjs.org/ini/-/ini-4.1.2.tgz 51923ms (cache miss)
2768 timing reifyNode:node_modules/npm-check-updates/node_modules/ini Completed in 53652ms
2769 http fetch GET 200 https://registry.npmjs.org/vary/-/vary-1.1.2.tgz 52972ms (cache miss)
2770 timing reifyNode:node_modules/vary Completed in 53695ms
2771 http fetch GET 200 https://registry.npmjs.org/tunnel-agent/-/tunnel-agent-0.6.0.tgz 52940ms (cache miss)
2772 timing reifyNode:node_modules/tunnel-agent Completed in 53691ms
2773 timing reifyNode:node_modules/@tootallnate/once Completed in 53607ms
2774 http fetch GET 200 https://registry.npmjs.org/@npmcli/move-file/-/move-file-2.0.1.tgz 52126ms (cache miss)
2775 warn deprecated @npmcli/move-file@2.0.1: This functionality has been moved to @npmcli/fs
2776 timing reifyNode:node_modules/@npmcli/move-file Completed in 53609ms
2777 http fetch GET 200 https://registry.npmjs.org/@npmcli/promise-spawn/-/promise-spawn-6.0.2.tgz 52130ms (cache miss)
2778 timing reifyNode:node_modules/@npmcli/promise-spawn Completed in 53611ms
2779 http fetch GET 200 https://registry.npmjs.org/validate-npm-package-license/-/validate-npm-package-license-3.0.4.tgz 52980ms (cache miss)
2780 timing reifyNode:node_modules/validate-npm-package-license Completed in 53704ms
2781 http fetch GET 200 https://registry.npmjs.org/ansi-escapes/-/ansi-escapes-4.3.2.tgz 52231ms (cache miss)
2782 timing reifyNode:node_modules/ansi-escapes Completed in 53625ms
2783 http fetch GET 200 https://registry.npmjs.org/@jest/source-map/-/source-map-29.6.3.tgz 52123ms (cache miss)
2784 timing reifyNode:node_modules/@jest/source-map Completed in 53617ms
2785 http fetch GET 200 https://registry.npmjs.org/eastasianwidth/-/eastasianwidth-0.2.0.tgz 52394ms (cache miss)
2786 timing reifyNode:node_modules/eastasianwidth Completed in 53642ms
2787 http fetch GET 200 https://registry.npmjs.org/color-support/-/color-support-1.1.3.tgz 52330ms (cache miss)
2788 timing reifyNode:node_modules/color-support Completed in 53639ms
2789 http fetch GET 200 https://registry.npmjs.org/ansi-styles/-/ansi-styles-4.3.0.tgz 52239ms (cache miss)
2790 timing reifyNode:node_modules/ansi-styles Completed in 53633ms
2791 http fetch GET 200 https://registry.npmjs.org/config-chain/-/config-chain-1.1.13.tgz 52349ms (cache miss)
2792 timing reifyNode:node_modules/config-chain Completed in 53642ms
2793 http fetch GET 200 https://registry.npmjs.org/@isaacs/cliui/-/cliui-8.0.2.tgz 52114ms (cache miss)
2794 timing reifyNode:node_modules/@isaacs/cliui Completed in 53622ms
2795 http fetch GET 200 https://registry.npmjs.org/@jest/expect/-/expect-29.7.0.tgz 52131ms (cache miss)
2796 timing reifyNode:node_modules/@jest/expect Completed in 53628ms
2797 http fetch GET 200 https://registry.npmjs.org/@npmcli/installed-package-contents/-/installed-package-contents-2.0.2.tgz 52151ms (cache miss)
2798 timing reifyNode:node_modules/@npmcli/installed-package-contents Completed in 53633ms
2799 http fetch GET 200 https://registry.npmjs.org/@webpack-cli/info/-/info-2.0.2.tgz 52238ms (cache miss)
2800 timing reifyNode:node_modules/@webpack-cli/info Completed in 53644ms
2801 http fetch GET 200 https://registry.npmjs.org/lru-cache/-/lru-cache-5.1.1.tgz 52661ms (cache miss)
2802 timing reifyNode:node_modules/lru-cache Completed in 53689ms
2803 http fetch GET 200 https://registry.npmjs.org/configstore/-/configstore-6.0.0.tgz 52364ms (cache miss)
2804 timing reifyNode:node_modules/configstore Completed in 53655ms
2805 http fetch GET 200 https://registry.npmjs.org/bser/-/bser-2.1.1.tgz 52306ms (cache miss)
2806 timing reifyNode:node_modules/bser Completed in 53653ms
2807 http fetch GET 200 https://registry.npmjs.org/proxy-addr/-/proxy-addr-2.0.7.tgz 52822ms (cache miss)
2808 timing reifyNode:node_modules/proxy-addr Completed in 53715ms
2809 http fetch GET 200 https://registry.npmjs.org/ansi-align/-/ansi-align-3.0.1.tgz 52262ms (cache miss)
2810 timing reifyNode:node_modules/ansi-align Completed in 53657ms
2811 http fetch GET 200 https://registry.npmjs.org/get-stdin/-/get-stdin-8.0.0.tgz 52528ms (cache miss)
2812 timing reifyNode:node_modules/get-stdin Completed in 53684ms
2813 http fetch GET 200 https://registry.npmjs.org/dottie/-/dottie-2.0.6.tgz 52424ms (cache miss)
2814 timing reifyNode:node_modules/dottie Completed in 53673ms
2815 http fetch GET 200 https://registry.npmjs.org/is-glob/-/is-glob-4.0.3.tgz 52603ms (cache miss)
2816 timing reifyNode:node_modules/is-glob Completed in 53698ms
2817 http fetch GET 200 https://registry.npmjs.org/file-uri-to-path/-/file-uri-to-path-1.0.0.tgz 52513ms (cache miss)
2818 timing reifyNode:node_modules/file-uri-to-path Completed in 53692ms
2819 http fetch GET 200 https://registry.npmjs.org/isbinaryfile/-/isbinaryfile-4.0.10.tgz 52622ms (cache miss)
2820 timing reifyNode:node_modules/isbinaryfile Completed in 53706ms
2821 http fetch GET 200 https://registry.npmjs.org/crypto-random-string/-/crypto-random-string-4.0.0.tgz 52404ms (cache miss)
2822 timing reifyNode:node_modules/crypto-random-string Completed in 53685ms
2823 http fetch GET 200 https://registry.npmjs.org/deep-extend/-/deep-extend-0.6.0.tgz 52424ms (cache miss)
2824 timing reifyNode:node_modules/deep-extend Completed in 53692ms
2825 http fetch GET 200 https://registry.npmjs.org/@webpack-cli/serve/-/serve-2.0.5.tgz 52278ms (cache miss)
2826 timing reifyNode:node_modules/@webpack-cli/serve Completed in 53683ms
2827 http fetch GET 200 https://registry.npmjs.org/fb-watchman/-/fb-watchman-2.0.2.tgz 52528ms (cache miss)
2828 timing reifyNode:node_modules/fb-watchman Completed in 53710ms
2829 http fetch GET 200 https://registry.npmjs.org/@babel/plugin-syntax-bigint/-/plugin-syntax-bigint-7.8.3.tgz 52129ms (cache miss)
2830 timing reifyNode:node_modules/@babel/plugin-syntax-bigint Completed in 53671ms
2831 http fetch GET 200 https://registry.npmjs.org/gopd/-/gopd-1.0.1.tgz 52579ms (cache miss)
2832 http fetch GET 200 https://registry.npmjs.org/joycon/-/joycon-3.1.1.tgz 52679ms (cache miss)
2833 timing reifyNode:node_modules/joycon Completed in 53733ms
2834 http fetch GET 200 https://registry.npmjs.org/fast-decode-uri-component/-/fast-decode-uri-component-1.0.1.tgz 52518ms (cache miss)
2835 timing reifyNode:node_modules/fast-decode-uri-component Completed in 53714ms
2836 http fetch GET 200 https://registry.npmjs.org/get-stream/-/get-stream-6.0.1.tgz 52566ms (cache miss)
2837 timing reifyNode:node_modules/get-stream Completed in 53721ms
2838 http fetch GET 200 https://registry.npmjs.org/has-bigints/-/has-bigints-1.0.2.tgz 52586ms (cache miss)
2839 timing reifyNode:node_modules/has-bigints Completed in 53725ms
2840 http fetch GET 200 https://registry.npmjs.org/spdx-license-ids/-/spdx-license-ids-3.0.17.tgz 52985ms (cache miss)
2841 timing reifyNode:node_modules/spdx-license-ids Completed in 53768ms
2842 timing reifyNode:node_modules/gopd Completed in 53730ms
2843 http fetch GET 200 https://registry.npmjs.org/has-property-descriptors/-/has-property-descriptors-1.0.2.tgz 52597ms (cache miss)
2844 http fetch GET 200 https://registry.npmjs.org/safer-buffer/-/safer-buffer-2.1.2.tgz 52950ms (cache miss)
2845 timing reifyNode:node_modules/safer-buffer Completed in 53774ms
2846 http fetch GET 200 https://registry.npmjs.org/react-is/-/react-is-18.2.0.tgz 52909ms (cache miss)
2847 timing reifyNode:node_modules/react-is Completed in 53778ms
2848 http fetch GET 200 https://registry.npmjs.org/interpret/-/interpret-3.1.1.tgz 52131ms (cache miss)
2849 timing reifyNode:node_modules/webpack-cli/node_modules/interpret Completed in 53811ms
2850 http fetch GET 200 https://registry.npmjs.org/split2/-/split2-4.2.0.tgz 52077ms (cache miss)
2851 timing reifyNode:node_modules/pino-abstract-transport/node_modules/split2 Completed in 53788ms
2852 http fetch GET 200 https://registry.npmjs.org/find-up/-/find-up-4.1.0.tgz 51947ms (cache miss)
2853 timing reifyNode:node_modules/@istanbuljs/load-nyc-config/node_modules/find-up Completed in 53719ms
2854 http fetch GET 200 https://registry.npmjs.org/supports-color/-/supports-color-8.1.1.tgz 52130ms (cache miss)
2855 timing reifyNode:node_modules/terser-webpack-plugin/node_modules/supports-color Completed in 53813ms
2856 http fetch GET 200 https://registry.npmjs.org/supports-color/-/supports-color-8.1.1.tgz 51985ms (cache miss)
2857 timing reifyNode:node_modules/concurrently/node_modules/supports-color Completed in 53744ms
2858 http fetch GET 200 https://registry.npmjs.org/brace-expansion/-/brace-expansion-2.0.1.tgz 51959ms (cache miss)
2859 timing reifyNode:node_modules/@tufjs/models/node_modules/brace-expansion Completed in 53729ms
2860 http fetch GET 200 https://registry.npmjs.org/brace-expansion/-/brace-expansion-2.0.1.tgz 51993ms (cache miss)
2861 timing reifyNode:node_modules/editorconfig/node_modules/brace-expansion Completed in 53750ms
2862 http fetch GET 200 https://registry.npmjs.org/brace-expansion/-/brace-expansion-2.0.1.tgz 52025ms (cache miss)
2863 timing reifyNode:node_modules/ignore-walk/node_modules/brace-expansion Completed in 53768ms
2864 http fetch GET 200 https://registry.npmjs.org/brace-expansion/-/brace-expansion-2.0.1.tgz 52023ms (cache miss)
2865 timing reifyNode:node_modules/help-me/node_modules/brace-expansion Completed in 53767ms
2866 http fetch GET 200 https://registry.npmjs.org/brace-expansion/-/brace-expansion-2.0.1.tgz 52046ms (cache miss)
2867 timing reifyNode:node_modules/node-gyp/node_modules/brace-expansion Completed in 53786ms
2868 http fetch GET 200 https://registry.npmjs.org/brace-expansion/-/brace-expansion-2.0.1.tgz 52058ms (cache miss)
2869 timing reifyNode:node_modules/npm-check-updates/node_modules/brace-expansion Completed in 53788ms
2870 http fetch GET 200 https://registry.npmjs.org/json-parse-even-better-errors/-/json-parse-even-better-errors-3.0.1.tgz 52109ms (cache miss)
2871 timing reifyNode:node_modules/read-package-json/node_modules/json-parse-even-better-errors Completed in 53807ms
2872 http fetch GET 200 https://registry.npmjs.org/graceful-fs/-/graceful-fs-4.2.11.tgz 52148ms (cache miss)
2873 timing reifyNode:node_modules/webpack/node_modules/graceful-fs Completed in 53830ms
2874 http fetch GET 200 https://registry.npmjs.org/wrap-ansi/-/wrap-ansi-7.0.0.tgz 53129ms (cache miss)
2875 timing reifyNode:node_modules/wrap-ansi-cjs Completed in 53835ms
2876 http fetch GET 200 https://registry.npmjs.org/wrap-ansi/-/wrap-ansi-7.0.0.tgz 52117ms (cache miss)
2877 timing reifyNode:node_modules/sequelize-cli/node_modules/wrap-ansi Completed in 53814ms
2878 http fetch GET 200 https://registry.npmjs.org/ini/-/ini-1.3.8.tgz 51999ms (cache miss)
2879 timing reifyNode:node_modules/config-chain/node_modules/ini Completed in 53758ms
2880 http fetch GET 200 https://registry.npmjs.org/nopt/-/nopt-7.2.0.tgz 52052ms (cache miss)
2881 timing reifyNode:node_modules/js-beautify/node_modules/nopt Completed in 53790ms
2882 http fetch GET 200 https://registry.npmjs.org/depd/-/depd-1.1.2.tgz 51979ms (cache miss)
2883 http fetch GET 200 https://registry.npmjs.org/parse-github-url/-/parse-github-url-1.0.2.tgz 52880ms (cache miss)
2884 timing reifyNode:node_modules/parse-github-url Completed in 53815ms
2885 http fetch GET 200 https://registry.npmjs.org/write-file-atomic/-/write-file-atomic-4.0.2.tgz 53157ms (cache miss)
2886 timing reifyNode:node_modules/write-file-atomic Completed in 53859ms
2887 http fetch GET 200 https://registry.npmjs.org/to-regex-range/-/to-regex-range-5.0.1.tgz 53096ms (cache miss)
2888 timing reifyNode:node_modules/to-regex-range Completed in 53853ms
2889 http fetch GET 200 https://registry.npmjs.org/validate-npm-package-name/-/validate-npm-package-name-5.0.0.tgz 53136ms (cache miss)
2890 timing reifyNode:node_modules/validate-npm-package-name Completed in 53861ms
2891 http fetch GET 200 https://registry.npmjs.org/@types/babel__template/-/babel__template-7.4.4.tgz 52321ms (cache miss)
2892 timing reifyNode:node_modules/@types/babel__template Completed in 53778ms
2893 http fetch GET 200 https://registry.npmjs.org/@types/json-schema/-/json-schema-7.0.11.tgz 52360ms (cache miss)
2894 timing reifyNode:node_modules/@types/json-schema Completed in 53791ms
2895 http fetch GET 200 https://registry.npmjs.org/@babel/plugin-syntax-optional-catch-binding/-/plugin-syntax-optional-catch-binding-7.8.3.tgz 52247ms (cache miss)
2896 timing reifyNode:node_modules/@babel/plugin-syntax-optional-catch-binding Completed in 53783ms
2897 http fetch GET 200 https://registry.npmjs.org/brace-expansion/-/brace-expansion-1.1.11.tgz 52456ms (cache miss)
2898 timing reifyNode:node_modules/brace-expansion Completed in 53806ms
2899 timing reifyNode:node_modules/commist Completed in 53812ms
2900 http fetch GET 200 https://registry.npmjs.org/@babel/plugin-syntax-typescript/-/plugin-syntax-typescript-7.24.1.tgz 52254ms (cache miss)
2901 timing reifyNode:node_modules/@babel/plugin-syntax-typescript Completed in 53788ms
2902 http fetch GET 200 https://registry.npmjs.org/cssesc/-/cssesc-3.0.0.tgz 52538ms (cache miss)
2903 timing reifyNode:node_modules/cssesc Completed in 53817ms
2904 http fetch GET 200 https://registry.npmjs.org/boxen/-/boxen-7.0.0.tgz 52474ms (cache miss)
2905 timing reifyNode:node_modules/boxen Completed in 53824ms
2906 http fetch GET 200 https://registry.npmjs.org/deep-is/-/deep-is-0.1.4.tgz 52569ms (cache miss)
2907 timing reifyNode:node_modules/deep-is Completed in 53833ms
2908 http fetch GET 200 https://registry.npmjs.org/@babel/plugin-syntax-import-meta/-/plugin-syntax-import-meta-7.10.4.tgz 52265ms (cache miss)
2909 timing reifyNode:node_modules/@babel/plugin-syntax-import-meta Completed in 53806ms
2910 http fetch GET 200 https://registry.npmjs.org/chrome-trace-event/-/chrome-trace-event-1.0.3.tgz 52512ms (cache miss)
2911 timing reifyNode:node_modules/chrome-trace-event Completed in 53838ms
2912 http fetch GET 200 https://registry.npmjs.org/archy/-/archy-1.0.0.tgz 52442ms (cache miss)
2913 timing reifyNode:node_modules/archy Completed in 53836ms
2914 http fetch GET 200 https://registry.npmjs.org/@webassemblyjs/floating-point-hex-parser/-/floating-point-hex-parser-1.11.6.tgz 52415ms (cache miss)
2915 timing reifyNode:node_modules/@webassemblyjs/floating-point-hex-parser Completed in 53838ms
2916 timing reifyNode:node_modules/github-from-package Completed in 53870ms
2917 http fetch GET 200 https://registry.npmjs.org/fs.realpath/-/fs.realpath-1.0.0.tgz 52708ms (cache miss)
2918 timing reifyNode:node_modules/fs.realpath Completed in 53871ms
2919 http fetch GET 200 https://registry.npmjs.org/fs-minipass/-/fs-minipass-2.1.0.tgz 52709ms (cache miss)
2920 timing reifyNode:node_modules/fs-minipass Completed in 53873ms
2921 http fetch GET 200 https://registry.npmjs.org/@jest/test-result/-/test-result-29.7.0.tgz 52354ms (cache miss)
2922 timing reifyNode:node_modules/@jest/test-result Completed in 53848ms
2923 http fetch GET 200 https://registry.npmjs.org/pug-runtime/-/pug-runtime-3.0.1.tgz 53042ms (cache miss)
2924 timing reifyNode:node_modules/pug-runtime Completed in 53925ms
2925 http fetch GET 200 https://registry.npmjs.org/pg-cloudflare/-/pg-cloudflare-1.1.1.tgz 52994ms (cache miss)
2926 http fetch GET 200 https://registry.npmjs.org/regenerator-runtime/-/regenerator-runtime-0.14.1.tgz 53073ms (cache miss)
2927 timing reifyNode:node_modules/regenerator-runtime Completed in 53932ms
2928 http fetch GET 200 https://registry.npmjs.org/glob-parent/-/glob-parent-5.1.2.tgz 52151ms (cache miss)
2929 timing reifyNode:node_modules/fast-glob/node_modules/glob-parent Completed in 53898ms
2930 http fetch GET 200 https://registry.npmjs.org/p-locate/-/p-locate-4.1.0.tgz 52230ms (cache miss)
2931 timing reifyNode:node_modules/pkg-dir/node_modules/p-locate Completed in 53938ms
2932 http fetch GET 200 https://registry.npmjs.org/fs-minipass/-/fs-minipass-3.0.3.tgz 52140ms (cache miss)
2933 timing reifyNode:node_modules/cacache/node_modules/fs-minipass Completed in 53903ms
2934 http fetch GET 200 https://registry.npmjs.org/pug-code-gen/-/pug-code-gen-3.0.2.tgz 53068ms (cache miss)
2935 timing reifyNode:node_modules/pug-code-gen Completed in 53959ms
2936 http fetch GET 200 https://registry.npmjs.org/kleur/-/kleur-4.1.5.tgz 52264ms (cache miss)
2937 timing reifyNode:node_modules/prompts-ncu/node_modules/kleur Completed in 53961ms
2938 http fetch GET 200 https://registry.npmjs.org/eslint-visitor-keys/-/eslint-visitor-keys-4.0.0.tgz 52177ms (cache miss)
2939 http fetch GET 200 https://registry.npmjs.org/update-browserslist-db/-/update-browserslist-db-1.0.13.tgz 53268ms (cache miss)
2940 timing reifyNode:node_modules/update-browserslist-db Completed in 53997ms
2941 http fetch GET 200 https://registry.npmjs.org/toposort-class/-/toposort-class-1.0.1.tgz 53243ms (cache miss)
2942 timing reifyNode:node_modules/@fastify/flash Completed in 53909ms
2943 timing reifyNode:node_modules/data-view-byte-length Completed in 53937ms
2944 http fetch GET 200 https://registry.npmjs.org/d/-/d-1.0.2.tgz 52660ms (cache miss)
2945 timing reifyNode:node_modules/d Completed in 53938ms
2946 http fetch GET 200 https://registry.npmjs.org/acorn-jsx/-/acorn-jsx-5.3.2.tgz 52532ms (cache miss)
2947 timing reifyNode:node_modules/acorn-jsx Completed in 53931ms
2948 http fetch GET 200 https://registry.npmjs.org/@istanbuljs/schema/-/schema-0.1.3.tgz 52415ms (cache miss)
2949 timing reifyNode:node_modules/@istanbuljs/schema Completed in 53921ms
2950 http fetch GET 200 https://registry.npmjs.org/detect-libc/-/detect-libc-2.0.3.tgz 52682ms (cache miss)
2951 timing reifyNode:node_modules/detect-libc Completed in 53952ms
2952 http fetch GET 200 https://registry.npmjs.org/fast-deep-equal/-/fast-deep-equal-3.1.3.tgz 52769ms (cache miss)
2953 http fetch GET 200 https://registry.npmjs.org/@webassemblyjs/helper-wasm-section/-/helper-wasm-section-1.12.1.tgz 52523ms (cache miss)
2954 timing reifyNode:node_modules/@webassemblyjs/helper-wasm-section Completed in 53944ms
2955 http fetch GET 200 https://registry.npmjs.org/content-disposition/-/content-disposition-0.5.4.tgz 52671ms (cache miss)
2956 timing reifyNode:node_modules/content-disposition Completed in 53958ms
2957 http fetch GET 200 https://registry.npmjs.org/@humanwhocodes/module-importer/-/module-importer-1.0.1.tgz 52428ms (cache miss)
2958 http fetch GET 200 https://registry.npmjs.org/@webassemblyjs/wast-printer/-/wast-printer-1.12.1.tgz 52538ms (cache miss)
2959 timing reifyNode:node_modules/@webassemblyjs/wast-printer Completed in 53952ms
2960 http fetch GET 200 https://registry.npmjs.org/getopts/-/getopts-2.3.0.tgz 52827ms (cache miss)
2961 timing reifyNode:node_modules/getopts Completed in 53981ms
2962 http fetch GET 200 https://registry.npmjs.org/defer-to-connect/-/defer-to-connect-2.0.1.tgz 52715ms (cache miss)
2963 timing reifyNode:node_modules/defer-to-connect Completed in 53971ms
2964 http fetch GET 200 https://registry.npmjs.org/@fastify/accept-negotiator/-/accept-negotiator-1.0.0.tgz 52428ms (cache miss)
2965 timing reifyNode:node_modules/@fastify/accept-negotiator Completed in 53946ms
2966 http fetch GET 200 https://registry.npmjs.org/npm-packlist/-/npm-packlist-7.0.4.tgz 53033ms (cache miss)
2967 timing reifyNode:node_modules/npm-packlist Completed in 54017ms
2968 http fetch GET 200 https://registry.npmjs.org/on-exit-leak-free/-/on-exit-leak-free-2.1.2.tgz 53075ms (cache miss)
2969 http fetch GET 200 https://registry.npmjs.org/rc/-/rc-1.2.8.tgz 53173ms (cache miss)
2970 timing reifyNode:node_modules/rc Completed in 54045ms
2971 http fetch GET 200 https://registry.npmjs.org/nopt/-/nopt-5.0.0.tgz 53045ms (cache miss)
2972 timing reifyNode:node_modules/nopt Completed in 54036ms
2973 http fetch GET 200 https://registry.npmjs.org/p-limit/-/p-limit-2.3.0.tgz 52338ms (cache miss)
2974 timing reifyNode:node_modules/pkg-dir/node_modules/p-limit Completed in 54047ms
2975 http fetch GET 200 https://registry.npmjs.org/p-limit/-/p-limit-2.3.0.tgz 52207ms (cache miss)
2976 timing reifyNode:node_modules/@istanbuljs/load-nyc-config/node_modules/p-limit Completed in 53978ms
2977 timing reifyNode:node_modules/agentkeepalive/node_modules/depd Completed in 54003ms
2978 timing reifyNode:node_modules/espree/node_modules/eslint-visitor-keys Completed in 54032ms
2979 http fetch GET 200 https://registry.npmjs.org/strip-json-comments/-/strip-json-comments-3.1.1.tgz 53317ms (cache miss)
2980 timing reifyNode:node_modules/strip-json-comments Completed in 54093ms
2981 http fetch GET 200 https://registry.npmjs.org/unbox-primitive/-/unbox-primitive-1.0.2.tgz 53357ms (cache miss)
2982 timing reifyNode:node_modules/unbox-primitive Completed in 54099ms
2983 http fetch GET 200 https://registry.npmjs.org/type-check/-/type-check-0.4.0.tgz 53349ms (cache miss)
2984 timing reifyNode:node_modules/type-check Completed in 54099ms
2985 http fetch GET 200 https://registry.npmjs.org/@jest/fake-timers/-/fake-timers-29.7.0.tgz 52523ms (cache miss)
2986 timing reifyNode:node_modules/@jest/fake-timers Completed in 54019ms
2987 http fetch GET 200 https://registry.npmjs.org/color-convert/-/color-convert-2.0.1.tgz 52732ms (cache miss)
2988 timing reifyNode:node_modules/color-convert Completed in 54041ms
2989 http fetch GET 200 https://registry.npmjs.org/dateformat/-/dateformat-4.6.3.tgz 52773ms (cache miss)
2990 timing reifyNode:node_modules/dateformat Completed in 54046ms
2991 http fetch GET 200 https://registry.npmjs.org/functions-have-names/-/functions-have-names-1.2.3.tgz 52902ms (cache miss)
2992 timing reifyNode:node_modules/functions-have-names Completed in 54063ms
2993 http fetch GET 200 https://registry.npmjs.org/colorette/-/colorette-2.0.19.tgz 52750ms (cache miss)
2994 timing reifyNode:node_modules/colorette Completed in 54058ms
2995 http fetch GET 200 https://registry.npmjs.org/jest-changed-files/-/jest-changed-files-29.7.0.tgz 53015ms (cache miss)
2996 timing reifyNode:node_modules/jest-changed-files Completed in 54093ms
2997 timing reifyNode:node_modules/has-property-descriptors Completed in 54089ms
2998 timing metavuln:cache:put:security-advisory:cacache:xvJIWB5/FY/DmZpxvmgqyq49qJv5ggEb6QVj3OY5ousoMlm27iLo5bVkFK9lSFNIWe3eU5heX0nWjs8DbT01mg== Completed in 3047ms
2999 timing metavuln:calculate:security-advisory:cacache:qPQeYPFDBIedTWfYK3sbnScF6Ha7ouTs+wgndnz4PT5P+/K+GBD4epoPcYpXlu6AC7gSJlCJTJeuKbYAFoK9PA== Completed in 3357ms
3000 http fetch GET 200 https://registry.npmjs.org/retry-as-promised/-/retry-as-promised-7.0.4.tgz 53301ms (cache miss)
3001 timing reifyNode:node_modules/retry-as-promised Completed in 54133ms
3002 timing reifyNode:node_modules/pg-cloudflare Completed in 54129ms
3003 http fetch GET 200 https://registry.npmjs.org/json-schema-traverse/-/json-schema-traverse-1.0.0.tgz 52452ms (cache miss)
3004 http fetch GET 200 https://registry.npmjs.org/minimatch/-/minimatch-5.1.6.tgz 52394ms (cache miss)
3005 timing reifyNode:node_modules/node-gyp/node_modules/cacache/node_modules/minimatch Completed in 54132ms
3006 http fetch GET 200 https://registry.npmjs.org/set-function-name/-/set-function-name-2.0.2.tgz 53349ms (cache miss)
3007 timing reifyNode:node_modules/set-function-name Completed in 54158ms
3008 http fetch GET 200 https://registry.npmjs.org/gensync/-/gensync-1.0.0-beta.2.tgz 52980ms (cache miss)
3009 timing reifyNode:node_modules/gensync Completed in 54139ms
3010 http fetch GET 200 https://registry.npmjs.org/http-cache-semantics/-/http-cache-semantics-4.1.1.tgz 53017ms (cache miss)
3011 timing reifyNode:node_modules/http-cache-semantics Completed in 54146ms
3012 http fetch GET 200 https://registry.npmjs.org/data-view-byte-offset/-/data-view-byte-offset-1.0.0.tgz 52854ms (cache miss)
3013 timing reifyNode:node_modules/data-view-byte-offset Completed in 54129ms
3014 timing reifyNode:node_modules/fast-deep-equal Completed in 54142ms
3015 timing reifyNode:node_modules/@humanwhocodes/module-importer Completed in 54110ms
3016 http fetch GET 200 https://registry.npmjs.org/@humanwhocodes/object-schema/-/object-schema-2.0.3.tgz 52604ms (cache miss)
3017 timing reifyNode:node_modules/@humanwhocodes/object-schema Completed in 54113ms
3018 http fetch GET 200 https://registry.npmjs.org/@jest/environment/-/environment-29.7.0.tgz 52621ms (cache miss)
3019 timing reifyNode:node_modules/@jest/environment Completed in 54118ms
3020 http fetch GET 200 https://registry.npmjs.org/graceful-fs/-/graceful-fs-4.2.10.tgz 53019ms (cache miss)
3021 timing reifyNode:node_modules/graceful-fs Completed in 54158ms
3022 http fetch GET 200 https://registry.npmjs.org/rc-config-loader/-/rc-config-loader-4.1.3.tgz 53339ms (cache miss)
3023 timing reifyNode:node_modules/rc-config-loader Completed in 54209ms
3024 http fetch GET 200 https://registry.npmjs.org/@babel/code-frame/-/code-frame-7.24.2.tgz 52578ms (cache miss)
3025 timing reifyNode:node_modules/@babel/code-frame Completed in 54142ms
3026 http fetch GET 200 https://registry.npmjs.org/nopt/-/nopt-6.0.0.tgz 52490ms (cache miss)
3027 timing reifyNode:node_modules/node-gyp/node_modules/nopt Completed in 54224ms
3028 http fetch GET 200 https://registry.npmjs.org/json-schema-traverse/-/json-schema-traverse-1.0.0.tgz 52417ms (cache miss)
3029 timing reifyNode:node_modules/toposort-class Completed in 54277ms
3030 http fetch GET 200 https://registry.npmjs.org/tar-stream/-/tar-stream-2.2.0.tgz 53512ms (cache miss)
3031 timing reifyNode:node_modules/tar-stream Completed in 54284ms
3032 http fetch GET 200 https://registry.npmjs.org/cacheable-lookup/-/cacheable-lookup-6.1.0.tgz 52879ms (cache miss)
3033 timing reifyNode:node_modules/cacheable-lookup Completed in 54213ms
3034 http fetch GET 200 https://registry.npmjs.org/@webassemblyjs/wasm-gen/-/wasm-gen-1.12.1.tgz 52796ms (cache miss)
3035 timing reifyNode:node_modules/@webassemblyjs/wasm-gen Completed in 54213ms
3036 http fetch GET 200 https://registry.npmjs.org/fastest-levenshtein/-/fastest-levenshtein-1.0.16.tgz 53056ms (cache miss)
3037 http fetch GET 200 https://registry.npmjs.org/fast-memoize/-/fast-memoize-2.5.2.tgz 53054ms (cache miss)
3038 timing reifyNode:node_modules/fast-memoize Completed in 54247ms
3039 http fetch GET 200 https://registry.npmjs.org/object.fromentries/-/object.fromentries-2.0.8.tgz 53336ms (cache miss)
3040 timing reifyNode:node_modules/object.fromentries Completed in 54314ms
3041 http fetch GET 200 https://registry.npmjs.org/side-channel/-/side-channel-1.0.6.tgz 53529ms (cache miss)
3042 timing reifyNode:node_modules/side-channel Completed in 54333ms
3043 timing reifyNode:node_modules/on-exit-leak-free Completed in 54340ms
3044 http fetch GET 200 https://registry.npmjs.org/json-schema-traverse/-/json-schema-traverse-1.0.0.tgz 52575ms (cache miss)
3045 http fetch GET 200 https://registry.npmjs.org/mkdirp/-/mkdirp-1.0.4.tgz 53345ms (cache miss)
3046 timing reifyNode:node_modules/mkdirp Completed in 54348ms
3047 http fetch GET 200 https://registry.npmjs.org/json-schema-traverse/-/json-schema-traverse-1.0.0.tgz 52669ms (cache miss)
3048 http fetch GET 200 https://registry.npmjs.org/normalize-package-data/-/normalize-package-data-5.0.0.tgz 53397ms (cache miss)
3049 timing reifyNode:node_modules/normalize-package-data Completed in 54387ms
3050 http fetch GET 200 https://registry.npmjs.org/globals/-/globals-13.24.0.tgz 52604ms (cache miss)
3051 timing reifyNode:node_modules/eslint/node_modules/globals Completed in 54362ms
3052 http fetch GET 200 https://registry.npmjs.org/wildcard/-/wildcard-2.0.0.tgz 53730ms (cache miss)
3053 timing reifyNode:node_modules/wildcard Completed in 54442ms
3054 http fetch GET 200 https://registry.npmjs.org/toad-cache/-/toad-cache-3.7.0.tgz 53685ms (cache miss)
3055 timing reifyNode:node_modules/toad-cache Completed in 54441ms
3056 http fetch GET 200 https://registry.npmjs.org/which-boxed-primitive/-/which-boxed-primitive-1.0.2.tgz 53737ms (cache miss)
3057 timing reifyNode:node_modules/which-boxed-primitive Completed in 54449ms
3058 http fetch GET 200 https://registry.npmjs.org/deepmerge/-/deepmerge-4.3.1.tgz 53114ms (cache miss)
3059 timing reifyNode:node_modules/deepmerge Completed in 54377ms
3060 http fetch GET 200 https://registry.npmjs.org/jest-runner/-/jest-runner-29.7.0.tgz 53348ms (cache miss)
3061 timing reifyNode:node_modules/jest-runner Completed in 54410ms
3062 http fetch GET 200 https://registry.npmjs.org/data-view-buffer/-/data-view-buffer-1.0.1.tgz 53113ms (cache miss)
3063 timing reifyNode:node_modules/data-view-buffer Completed in 54388ms
3064 http fetch GET 200 https://registry.npmjs.org/cookie/-/cookie-0.6.0.tgz 53118ms (cache miss)
3065 timing reifyNode:node_modules/cookie Completed in 54404ms
3066 http fetch GET 200 https://registry.npmjs.org/dedent/-/dedent-1.5.3.tgz 53147ms (cache miss)
3067 timing reifyNode:node_modules/dedent Completed in 54415ms
3068 timing reifyNode:node_modules/schema-utils/node_modules/json-schema-traverse Completed in 54492ms
3069 http fetch GET 200 https://registry.npmjs.org/uc.micro/-/uc.micro-1.0.6.tgz 53778ms (cache miss)
3070 timing reifyNode:node_modules/fastest-levenshtein Completed in 54488ms
3071 http fetch GET 200 https://registry.npmjs.org/globby/-/globby-11.1.0.tgz 53353ms (cache miss)
3072 timing reifyNode:node_modules/globby Completed in 54496ms
3073 http fetch GET 200 https://registry.npmjs.org/@types/babel__core/-/babel__core-7.20.5.tgz 53009ms (cache miss)
3074 timing reifyNode:node_modules/@types/babel__core Completed in 54468ms
3075 http fetch GET 200 https://registry.npmjs.org/@rails/ujs/-/ujs-7.1.3-2.tgz 53002ms (cache miss)
3076 timing reifyNode:node_modules/@rails/ujs Completed in 54471ms
3077 http fetch GET 200 https://registry.npmjs.org/postcss-value-parser/-/postcss-value-parser-4.2.0.tgz 53647ms (cache miss)
3078 timing reifyNode:node_modules/postcss-value-parser Completed in 54553ms
3079 http fetch GET 200 https://registry.npmjs.org/minimatch/-/minimatch-5.1.6.tgz 52808ms (cache miss)
3080 timing reifyNode:node_modules/help-me/node_modules/minimatch Completed in 54550ms
3081 timing reifyNode:node_modules/ajv-formats/node_modules/json-schema-traverse Completed in 54535ms
3082 http fetch GET 200 https://registry.npmjs.org/@fastify/formbody/-/formbody-7.4.0.tgz 53027ms (cache miss)
3083 http fetch GET 200 https://registry.npmjs.org/are-we-there-yet/-/are-we-there-yet-3.0.1.tgz 53191ms (cache miss)
3084 timing reifyNode:node_modules/are-we-there-yet Completed in 54585ms
3085 http fetch GET 200 https://registry.npmjs.org/jest-watcher/-/jest-watcher-29.7.0.tgz 53565ms (cache miss)
3086 timing reifyNode:node_modules/jest-watcher Completed in 54624ms
3087 http fetch GET 200 https://registry.npmjs.org/is-number-object/-/is-number-object-1.0.7.tgz 53529ms (cache miss)
3088 timing reifyNode:node_modules/is-number-object Completed in 54624ms
3089 http fetch GET 200 https://registry.npmjs.org/@jest/expect-utils/-/expect-utils-29.7.0.tgz 53096ms (cache miss)
3090 timing reifyNode:node_modules/@jest/expect-utils Completed in 54593ms
3091 http fetch GET 200 https://registry.npmjs.org/call-bind/-/call-bind-1.0.7.tgz 53283ms (cache miss)
3092 timing reifyNode:node_modules/call-bind Completed in 54616ms
3093 http fetch GET 200 https://registry.npmjs.org/internal-slot/-/internal-slot-1.0.7.tgz 53538ms (cache miss)
3094 timing reifyNode:node_modules/internal-slot Completed in 54647ms
3095 http fetch GET 200 https://registry.npmjs.org/array-buffer-byte-length/-/array-buffer-byte-length-1.0.1.tgz 53236ms (cache miss)
3096 timing reifyNode:node_modules/array-buffer-byte-length Completed in 54624ms
3097 http fetch GET 200 https://registry.npmjs.org/pino-abstract-transport/-/pino-abstract-transport-1.2.0.tgz 53760ms (cache miss)
3098 timing reifyNode:node_modules/fast-json-stringify/node_modules/json-schema-traverse Completed in 54665ms
3099 timing reifyNode:node_modules/objection/node_modules/json-schema-traverse Completed in 54752ms
3100 http fetch GET 200 https://registry.npmjs.org/ssri/-/ssri-8.0.1.tgz 53083ms (cache miss)
3101 timing reifyNode:node_modules/sqlite3/node_modules/ssri Completed in 54776ms
3102 http fetch GET 200 https://registry.npmjs.org/object.groupby/-/object.groupby-1.0.3.tgz 53780ms (cache miss)
3103 timing reifyNode:node_modules/object.groupby Completed in 54756ms
3104 http fetch GET 200 https://registry.npmjs.org/prelude-ls/-/prelude-ls-1.2.1.tgz 53889ms (cache miss)
3105 timing reifyNode:node_modules/prelude-ls Completed in 54791ms
3106 http fetch GET 200 https://registry.npmjs.org/@jridgewell/sourcemap-codec/-/sourcemap-codec-1.4.15.tgz 53249ms (cache miss)
3107 timing reifyNode:node_modules/@jridgewell/sourcemap-codec Completed in 54737ms
3108 http fetch GET 200 https://registry.npmjs.org/typed-array-length/-/typed-array-length-1.0.6.tgz 54087ms (cache miss)
3109 timing reifyNode:node_modules/typed-array-length Completed in 54831ms
3110 http fetch GET 200 https://registry.npmjs.org/diff-sequences/-/diff-sequences-29.6.3.tgz 53516ms (cache miss)
3111 timing reifyNode:node_modules/diff-sequences Completed in 54766ms
3112 http fetch GET 200 https://registry.npmjs.org/is-core-module/-/is-core-module-2.13.1.tgz 53693ms (cache miss)
3113 timing reifyNode:node_modules/is-core-module Completed in 54795ms
3114 http fetch GET 200 https://registry.npmjs.org/jsesc/-/jsesc-2.5.2.tgz 53756ms (cache miss)
3115 timing reifyNode:node_modules/jsesc Completed in 54806ms
3116 http fetch GET 200 https://registry.npmjs.org/@fastify/fast-json-stringify-compiler/-/fast-json-stringify-compiler-4.3.0.tgz 53235ms (cache miss)
3117 http fetch GET 200 https://registry.npmjs.org/esutils/-/esutils-2.0.3.tgz 53577ms (cache miss)
3118 timing reifyNode:node_modules/esutils Completed in 54787ms
3119 http fetch GET 200 https://registry.npmjs.org/function-bind/-/function-bind-1.1.2.tgz 53657ms (cache miss)
3120 timing reifyNode:node_modules/function-bind Completed in 54821ms
3121 http fetch GET 200 https://registry.npmjs.org/negotiator/-/negotiator-0.6.3.tgz 53867ms (cache miss)
3122 timing reifyNode:node_modules/negotiator Completed in 54862ms
3123 http fetch GET 200 https://registry.npmjs.org/glob/-/glob-8.1.0.tgz 53127ms (cache miss)
3124 timing reifyNode:node_modules/node-gyp/node_modules/cacache/node_modules/glob Completed in 54865ms
3125 http fetch GET 200 https://registry.npmjs.org/@babel/helper-module-imports/-/helper-module-imports-7.24.3.tgz 53252ms (cache miss)
3126 timing reifyNode:node_modules/@babel/helper-module-imports Completed in 54804ms
3127 http fetch GET 200 https://registry.npmjs.org/objection-unique/-/objection-unique-1.2.2.tgz 53913ms (cache miss)
3128 timing reifyNode:node_modules/objection-unique Completed in 54877ms
3129 http fetch GET 200 https://registry.npmjs.org/commander/-/commander-2.20.3.tgz 53222ms (cache miss)
3130 timing reifyNode:node_modules/terser/node_modules/commander Completed in 54906ms
3131 http fetch GET 200 https://registry.npmjs.org/minipass-fetch/-/minipass-fetch-2.1.2.tgz 53147ms (cache miss)
3132 timing reifyNode:node_modules/node-gyp/node_modules/minipass-fetch Completed in 54881ms
3133 timing reifyNode:node_modules/uc.micro Completed in 54927ms
3134 timing reifyNode:node_modules/@fastify/formbody Completed in 54839ms
3135 http fetch GET 200 https://registry.npmjs.org/@humanwhocodes/config-array/-/config-array-0.11.14.tgz 53348ms (cache miss)
3136 timing reifyNode:node_modules/@humanwhocodes/config-array Completed in 54858ms
3137 http fetch GET 200 https://registry.npmjs.org/@fastify/error/-/error-3.4.1.tgz 53341ms (cache miss)
3138 http fetch GET 200 https://registry.npmjs.org/asap/-/asap-2.0.6.tgz 53515ms (cache miss)
3139 timing reifyNode:node_modules/asap Completed in 54887ms
3140 http fetch GET 200 https://registry.npmjs.org/@webassemblyjs/leb128/-/leb128-1.11.6.tgz 53470ms (cache miss)
3141 timing reifyNode:node_modules/@webassemblyjs/leb128 Completed in 54889ms
3142 http fetch GET 200 https://registry.npmjs.org/create-jest/-/create-jest-29.7.0.tgz 53621ms (cache miss)
3143 timing reifyNode:node_modules/create-jest Completed in 54904ms
3144 http fetch GET 200 https://registry.npmjs.org/@sigstore/bundle/-/bundle-1.1.0.tgz 53421ms (cache miss)
3145 http fetch GET 200 https://registry.npmjs.org/pug-lexer/-/pug-lexer-5.0.1.tgz 54085ms (cache miss)
3146 timing reifyNode:node_modules/pug-lexer Completed in 54969ms
3147 http fetch GET 200 https://registry.npmjs.org/optionator/-/optionator-0.9.3.tgz 54016ms (cache miss)
3148 timing reifyNode:node_modules/optionator Completed in 54970ms
3149 http fetch GET 200 https://registry.npmjs.org/secure-json-parse/-/secure-json-parse-2.7.0.tgz 54160ms (cache miss)
3150 http fetch GET 200 https://registry.npmjs.org/@babel/compat-data/-/compat-data-7.24.4.tgz 53334ms (cache miss)
3151 timing reifyNode:node_modules/@babel/compat-data Completed in 54900ms
3152 http fetch GET 200 https://registry.npmjs.org/emoji-regex/-/emoji-regex-9.2.2.tgz 53331ms (cache miss)
3153 http fetch GET 200 https://registry.npmjs.org/emoji-regex/-/emoji-regex-9.2.2.tgz 53164ms (cache miss)
3154 timing reifyNode:node_modules/widest-line/node_modules/emoji-regex Completed in 55011ms
3155 http fetch GET 200 https://registry.npmjs.org/is-callable/-/is-callable-1.2.7.tgz 53875ms (cache miss)
3156 timing reifyNode:node_modules/is-callable Completed in 54979ms
3157 timing reifyNode:node_modules/@fastify/fast-json-stringify-compiler Completed in 54934ms
3158 http fetch GET 200 https://registry.npmjs.org/close-with-grace/-/close-with-grace-1.1.0.tgz 53645ms (cache miss)
3159 timing reifyNode:node_modules/close-with-grace Completed in 54959ms
3160 http fetch GET 200 https://registry.npmjs.org/@types/babel__traverse/-/babel__traverse-7.20.5.tgz 53491ms (cache miss)
3161 timing reifyNode:node_modules/@types/babel__traverse Completed in 54947ms
3162 http fetch GET 200 https://registry.npmjs.org/agent-base/-/agent-base-6.0.2.tgz 53558ms (cache miss)
3163 timing reifyNode:node_modules/agent-base Completed in 54958ms
3164 timing reifyNode:node_modules/pino-abstract-transport Completed in 55019ms
3165 http fetch GET 200 https://registry.npmjs.org/nanoid/-/nanoid-3.3.7.tgz 54011ms (cache miss)
3166 http fetch GET 200 https://registry.npmjs.org/pg-types/-/pg-types-2.2.0.tgz 54103ms (cache miss)
3167 timing reifyNode:node_modules/pg-types Completed in 55029ms
3168 timing reifyNode:node_modules/boxen/node_modules/emoji-regex Completed in 54988ms
3169 http fetch GET 200 https://registry.npmjs.org/which-typed-array/-/which-typed-array-1.1.15.tgz 54366ms (cache miss)
3170 timing reifyNode:node_modules/which-typed-array Completed in 55078ms
3171 http fetch GET 200 https://registry.npmjs.org/@jest/types/-/types-29.6.3.tgz 53491ms (cache miss)
3172 timing reifyNode:node_modules/@jest/types Completed in 54982ms
3173 http fetch GET 200 https://registry.npmjs.org/timers-ext/-/timers-ext-0.1.7.tgz 54316ms (cache miss)
3174 http fetch GET 200 https://registry.npmjs.org/array.prototype.flatmap/-/array.prototype.flatmap-1.3.2.tgz 53623ms (cache miss)
3175 timing reifyNode:node_modules/array.prototype.flatmap Completed in 55000ms
3176 http fetch GET 200 https://registry.npmjs.org/@npmcli/fs/-/fs-3.1.0.tgz 53514ms (cache miss)
3177 timing reifyNode:node_modules/@npmcli/fs Completed in 54999ms
3178 http fetch GET 200 https://registry.npmjs.org/is-negative-zero/-/is-negative-zero-2.0.3.tgz 53963ms (cache miss)
3179 timing reifyNode:node_modules/is-negative-zero Completed in 55057ms
3180 http fetch GET 200 https://registry.npmjs.org/editorconfig/-/editorconfig-1.0.4.tgz 53790ms (cache miss)
3181 timing reifyNode:node_modules/editorconfig Completed in 55036ms
3182 http fetch GET 200 https://registry.npmjs.org/fast-content-type-parse/-/fast-content-type-parse-1.1.0.tgz 53851ms (cache miss)
3183 http fetch GET 200 https://registry.npmjs.org/pug/-/pug-3.0.2.tgz 54209ms (cache miss)
3184 timing reifyNode:node_modules/pug Completed in 55103ms
3185 http fetch GET 200 https://registry.npmjs.org/glob/-/glob-7.2.3.tgz 53445ms (cache miss)
3186 timing reifyNode:node_modules/test-exclude/node_modules/glob Completed in 55126ms
3187 http fetch GET 200 https://registry.npmjs.org/minipass/-/minipass-5.0.0.tgz 53357ms (cache miss)
3188 timing reifyNode:node_modules/make-fetch-happen/node_modules/minipass Completed in 55095ms
3189 http fetch GET 200 https://registry.npmjs.org/minipass/-/minipass-5.0.0.tgz 53391ms (cache miss)
3190 timing reifyNode:node_modules/pacote/node_modules/minipass Completed in 55107ms
3191 http fetch GET 200 https://registry.npmjs.org/semver/-/semver-6.3.1.tgz 53284ms (cache miss)
3192 timing reifyNode:node_modules/babel-plugin-istanbul/node_modules/semver Completed in 55060ms
3193 http fetch GET 200 https://registry.npmjs.org/semver/-/semver-6.3.1.tgz 53327ms (cache miss)
3194 timing reifyNode:node_modules/eslint-plugin-import/node_modules/semver Completed in 55075ms
3195 http fetch GET 200 https://registry.npmjs.org/semver/-/semver-6.3.1.tgz 53317ms (cache miss)
3196 timing reifyNode:node_modules/eslint-config-airbnb-base/node_modules/semver Completed in 55075ms
3197 http fetch GET 200 https://registry.npmjs.org/fastify-plugin/-/fastify-plugin-2.3.4.tgz 53354ms (cache miss)
3198 http fetch GET 200 https://registry.npmjs.org/@sinonjs/fake-timers/-/fake-timers-10.3.0.tgz 53611ms (cache miss)
3199 timing reifyNode:node_modules/@sinonjs/fake-timers Completed in 55074ms
3200 timing reifyNode:node_modules/@fastify/error Completed in 55075ms
3201 http fetch GET 200 https://registry.npmjs.org/array.prototype.flat/-/array.prototype.flat-1.3.2.tgz 53733ms (cache miss)
3202 timing reifyNode:node_modules/array.prototype.flat Completed in 55108ms
3203 http fetch GET 200 https://registry.npmjs.org/@sigstore/tuf/-/tuf-1.0.3.tgz 53637ms (cache miss)
3204 timing reifyNode:node_modules/@sigstore/tuf Completed in 55105ms
3205 http fetch GET 200 https://registry.npmjs.org/sqlite3 4396ms (cache miss)
3206 timing metavuln:packument:sqlite3 Completed in 4403ms
3207 timing metavuln:load:security-advisory:sqlite3:qPQeYPFDBIedTWfYK3sbnScF6Ha7ouTs+wgndnz4PT5P+/K+GBD4epoPcYpXlu6AC7gSJlCJTJeuKbYAFoK9PA== Completed in 2ms
3208 timing reifyNode:node_modules/@sigstore/bundle Completed in 55114ms
3209 http fetch GET 200 https://registry.npmjs.org/retry/-/retry-0.12.0.tgz 54370ms (cache miss)
3210 timing reifyNode:node_modules/retry Completed in 55204ms
3211 http fetch GET 200 https://registry.npmjs.org/glob/-/glob-8.1.0.tgz 53425ms (cache miss)
3212 timing reifyNode:node_modules/help-me/node_modules/glob Completed in 55169ms
3213 timing reifyNode:node_modules/secure-json-parse Completed in 55211ms
3214 http fetch GET 200 https://registry.npmjs.org/minipass-fetch/-/minipass-fetch-1.4.1.tgz 53539ms (cache miss)
3215 timing reifyNode:node_modules/sqlite3/node_modules/minipass-fetch Completed in 55235ms
3216 timing reifyNode:node_modules/fastify-error-page/node_modules/fastify-plugin Completed in 55191ms
3217 http fetch GET 200 https://registry.npmjs.org/string.prototype.trimend/-/string.prototype.trimend-1.0.8.tgz 54467ms (cache miss)
3218 timing reifyNode:node_modules/string.prototype.trimend Completed in 55247ms
3219 http fetch GET 200 https://registry.npmjs.org/v8-to-istanbul/-/v8-to-istanbul-9.2.0.tgz 54530ms (cache miss)
3220 timing reifyNode:node_modules/v8-to-istanbul Completed in 55255ms
3221 http fetch GET 200 https://registry.npmjs.org/array-includes/-/array-includes-3.1.8.tgz 53788ms (cache miss)
3222 timing reifyNode:node_modules/array-includes Completed in 55175ms
3223 http fetch GET 200 https://registry.npmjs.org/fast-json-stable-stringify/-/fast-json-stable-stringify-2.1.0.tgz 54001ms (cache miss)
3224 timing reifyNode:node_modules/fast-json-stable-stringify Completed in 55194ms
3225 http fetch GET 200 https://registry.npmjs.org/@pnpm/network.ca-file/-/network.ca-file-1.0.1.tgz 53697ms (cache miss)
3226 http fetch GET 200 https://registry.npmjs.org/agentkeepalive/-/agentkeepalive-4.2.1.tgz 53791ms (cache miss)
3227 timing reifyNode:node_modules/agentkeepalive Completed in 55191ms
3228 http fetch GET 200 https://registry.npmjs.org/chalk/-/chalk-4.1.2.tgz 53876ms (cache miss)
3229 timing reifyNode:node_modules/chalk Completed in 55204ms
3230 timing reifyNode:node_modules/nanoid Completed in 55247ms
3231 http fetch GET 200 https://registry.npmjs.org/@ungap/structured-clone/-/structured-clone-1.2.0.tgz 53776ms (cache miss)
3232 timing reifyNode:node_modules/@ungap/structured-clone Completed in 55201ms
3233 http fetch GET 200 https://registry.npmjs.org/process-warning/-/process-warning-3.0.0.tgz 54374ms (cache miss)
3234 http fetch GET 200 https://registry.npmjs.org/@babel/helper-compilation-targets/-/helper-compilation-targets-7.23.6.tgz 53651ms (cache miss)
3235 http fetch GET 200 https://registry.npmjs.org/prebuild-install/-/prebuild-install-7.1.2.tgz 54387ms (cache miss)
3236 timing reifyNode:node_modules/prebuild-install Completed in 55289ms
3237 http fetch GET 200 https://registry.npmjs.org/istanbul-lib-instrument/-/istanbul-lib-instrument-5.2.1.tgz 53462ms (cache miss)
3238 timing reifyNode:node_modules/babel-plugin-istanbul/node_modules/istanbul-lib-instrument Completed in 55239ms
3239 timing reifyNode:node_modules/timers-ext Completed in 55321ms
3240 http fetch GET 200 https://registry.npmjs.org/has-tostringtag/-/has-tostringtag-1.0.2.tgz 54148ms (cache miss)
3241 timing reifyNode:node_modules/has-tostringtag Completed in 55283ms
3242 http fetch GET 200 https://registry.npmjs.org/@jest/transform/-/transform-29.7.0.tgz 53753ms (cache miss)
3243 timing reifyNode:node_modules/@jest/transform Completed in 55246ms
3244 http fetch GET 200 https://registry.npmjs.org/@jridgewell/gen-mapping/-/gen-mapping-0.3.5.tgz 53758ms (cache miss)
3245 timing reifyNode:node_modules/@jridgewell/gen-mapping Completed in 55248ms
3246 http fetch GET 200 https://registry.npmjs.org/debug/-/debug-4.3.4.tgz 54001ms (cache miss)
3247 timing reifyNode:node_modules/debug Completed in 55271ms
3248 http fetch GET 200 https://registry.npmjs.org/node-gyp 4551ms (cache miss)
3249 timing metavuln:packument:node-gyp Completed in 4553ms
3250 timing metavuln:load:security-advisory:node-gyp:qPQeYPFDBIedTWfYK3sbnScF6Ha7ouTs+wgndnz4PT5P+/K+GBD4epoPcYpXlu6AC7gSJlCJTJeuKbYAFoK9PA== Completed in 18ms
3251 http fetch GET 200 https://registry.npmjs.org/array.prototype.findlastindex/-/array.prototype.findlastindex-1.2.5.tgz 53902ms (cache miss)
3252 timing reifyNode:node_modules/array.prototype.findlastindex Completed in 55286ms
3253 timing reifyNode:node_modules/fast-content-type-parse Completed in 55304ms
3254 http fetch GET 200 https://registry.npmjs.org/buffer/-/buffer-6.0.3.tgz 53651ms (cache miss)
3255 timing reifyNode:node_modules/pino-pretty/node_modules/buffer Completed in 55362ms
3256 http fetch GET 200 https://registry.npmjs.org/source-map-support/-/source-map-support-0.5.21.tgz 53641ms (cache miss)
3257 timing reifyNode:node_modules/npm-check-updates/node_modules/source-map-support Completed in 55360ms
3258 http fetch GET 200 https://registry.npmjs.org/tuf-js/-/tuf-js-1.1.7.tgz 54645ms (cache miss)
3259 timing reifyNode:node_modules/tuf-js Completed in 55396ms
3260 http fetch GET 200 https://registry.npmjs.org/browserslist/-/browserslist-4.23.0.tgz 54002ms (cache miss)
3261 timing reifyNode:node_modules/browserslist Completed in 55350ms
3262 http fetch GET 200 https://registry.npmjs.org/regexp.prototype.flags/-/regexp.prototype.flags-1.5.2.tgz 54555ms (cache miss)
3263 timing reifyNode:node_modules/regexp.prototype.flags Completed in 55412ms
3264 http fetch GET 200 https://registry.npmjs.org/@types/yargs/-/yargs-17.0.32.tgz 53921ms (cache miss)
3265 timing reifyNode:node_modules/@types/yargs Completed in 55345ms
3266 http fetch GET 200 https://registry.npmjs.org/object.values/-/object.values-1.2.0.tgz 54428ms (cache miss)
3267 timing reifyNode:node_modules/object.values Completed in 55405ms
3268 http fetch GET 200 https://registry.npmjs.org/pino-std-serializers/-/pino-std-serializers-6.2.2.tgz 54509ms (cache miss)
3269 http fetch GET 200 https://registry.npmjs.org/path-to-regexp/-/path-to-regexp-6.2.1.tgz 54490ms (cache miss)
3270 timing reifyNode:node_modules/path-to-regexp Completed in 55421ms
3271 http fetch GET 200 https://registry.npmjs.org/glob/-/glob-7.2.3.tgz 53666ms (cache miss)
3272 timing reifyNode:node_modules/jest-config/node_modules/glob Completed in 55405ms
3273 http fetch GET 200 https://registry.npmjs.org/glob/-/glob-7.2.3.tgz 53744ms (cache miss)
3274 timing reifyNode:node_modules/sqlite3/node_modules/glob Completed in 55443ms
3275 http fetch GET 200 https://registry.npmjs.org/glob/-/glob-7.2.3.tgz 53669ms (cache miss)
3276 timing reifyNode:node_modules/jest-runtime/node_modules/glob Completed in 55408ms
3277 http fetch GET 200 https://registry.npmjs.org/glob/-/glob-7.2.3.tgz 53680ms (cache miss)
3278 timing reifyNode:node_modules/node-gyp/node_modules/glob Completed in 55417ms
3279 http fetch GET 200 https://registry.npmjs.org/glob/-/glob-7.2.3.tgz 53591ms (cache miss)
3280 timing reifyNode:node_modules/@jest/reporters/node_modules/glob Completed in 55361ms
3281 http fetch GET 200 https://registry.npmjs.org/glob/-/glob-7.2.3.tgz 53739ms (cache miss)
3282 timing reifyNode:node_modules/rimraf/node_modules/glob Completed in 55437ms
3283 timing reifyNode:node_modules/process-warning Completed in 55436ms
3284 timing reifyNode:node_modules/@babel/helper-compilation-targets Completed in 55357ms
3285 http fetch GET 200 https://registry.npmjs.org/debug/-/debug-3.2.7.tgz 53645ms (cache miss)
3286 timing reifyNode:node_modules/eslint-import-resolver-node/node_modules/debug Completed in 55403ms
3287 timing reifyNode:node_modules/@pnpm/network.ca-file Completed in 55385ms
3288 http fetch GET 200 https://registry.npmjs.org/@npmcli/git/-/git-4.1.0.tgz 53904ms (cache miss)
3289 timing reifyNode:node_modules/@npmcli/git Completed in 55387ms
3290 http fetch GET 200 https://registry.npmjs.org/@sindresorhus/is/-/is-5.3.0.tgz 53940ms (cache miss)
3291 timing reifyNode:node_modules/@sindresorhus/is Completed in 55405ms
3292 http fetch GET 200 https://registry.npmjs.org/npm-registry-fetch/-/npm-registry-fetch-14.0.5.tgz 54511ms (cache miss)
3293 timing reifyNode:node_modules/npm-registry-fetch Completed in 55505ms
3294 http fetch GET 200 https://registry.npmjs.org/globalthis/-/globalthis-1.0.3.tgz 54345ms (cache miss)
3295 timing reifyNode:node_modules/globalthis Completed in 55489ms
3296 timing reifyNode:node_modules/pino-std-serializers Completed in 55532ms
3297 http fetch GET 200 https://registry.npmjs.org/make-fetch-happen/-/make-fetch-happen-10.2.1.tgz 53810ms (cache miss)
3298 timing reifyNode:node_modules/node-gyp/node_modules/make-fetch-happen Completed in 55546ms
3299 http fetch GET 200 https://registry.npmjs.org/eslint-scope/-/eslint-scope-5.1.1.tgz 53907ms (cache miss)
3300 timing reifyNode:node_modules/webpack/node_modules/eslint-scope Completed in 55589ms
3301 http fetch GET 200 https://registry.npmjs.org/tslib/-/tslib-2.6.2.tgz 54833ms (cache miss)
3302 timing reifyNode:node_modules/tslib Completed in 55586ms
3303 http fetch GET 200 https://registry.npmjs.org/string.prototype.trim/-/string.prototype.trim-1.2.9.tgz 54807ms (cache miss)
3304 timing reifyNode:node_modules/string.prototype.trim Completed in 55589ms
3305 http fetch GET 200 https://registry.npmjs.org/ajv-formats/-/ajv-formats-3.0.1.tgz 53789ms (cache miss)
3306 timing reifyNode:node_modules/fast-json-stringify/node_modules/ajv-formats Completed in 55536ms
3307 http fetch GET 200 https://registry.npmjs.org/@nodelib/fs.scandir/-/fs.scandir-2.1.5.tgz 54038ms (cache miss)
3308 http fetch GET 200 https://registry.npmjs.org/schema-utils/-/schema-utils-4.0.0.tgz 54813ms (cache miss)
3309 http fetch GET 200 https://registry.npmjs.org/buffer/-/buffer-6.0.3.tgz 53921ms (cache miss)
3310 timing reifyNode:node_modules/pino-abstract-transport/node_modules/buffer Completed in 55636ms
3311 http fetch GET 200 https://registry.npmjs.org/buffer/-/buffer-6.0.3.tgz 53858ms (cache miss)
3312 timing reifyNode:node_modules/fastify-cli/node_modules/buffer Completed in 55607ms
3313 http fetch GET 200 https://registry.npmjs.org/chalk/-/chalk-5.3.0.tgz 53912ms (cache miss)
3314 timing reifyNode:node_modules/npm-check-updates/node_modules/chalk Completed in 55641ms
3315 http fetch GET 200 https://registry.npmjs.org/source-map-support/-/source-map-support-0.5.21.tgz 54010ms (cache miss)
3316 timing reifyNode:node_modules/terser/node_modules/source-map-support Completed in 55702ms
3317 http fetch GET 200 https://registry.npmjs.org/help-me/-/help-me-5.0.0.tgz 53975ms (cache miss)
3318 http fetch GET 200 https://registry.npmjs.org/help-me/-/help-me-5.0.0.tgz 53909ms (cache miss)
3319 http fetch GET 200 https://registry.npmjs.org/@nodelib/fs.walk/-/fs.walk-1.2.8.tgz 54162ms (cache miss)
3320 http fetch GET 200 https://registry.npmjs.org/ajv-formats/-/ajv-formats-2.1.1.tgz 54269ms (cache miss)
3321 timing reifyNode:node_modules/ajv-formats Completed in 55667ms
3322 http fetch GET 200 https://registry.npmjs.org/@npmcli/run-script/-/run-script-6.0.2.tgz 54178ms (cache miss)
3323 timing reifyNode:node_modules/@npmcli/run-script Completed in 55658ms
3324 http fetch GET 200 https://registry.npmjs.org/debug/-/debug-3.2.7.tgz 53948ms (cache miss)
3325 timing reifyNode:node_modules/eslint-module-utils/node_modules/debug Completed in 55705ms
3326 http fetch GET 200 https://registry.npmjs.org/debug/-/debug-3.2.7.tgz 53957ms (cache miss)
3327 timing reifyNode:node_modules/eslint-plugin-import/node_modules/debug Completed in 55706ms
3328 http fetch GET 200 https://registry.npmjs.org/doctrine/-/doctrine-2.1.0.tgz 53960ms (cache miss)
3329 timing reifyNode:node_modules/eslint-plugin-import/node_modules/doctrine Completed in 55707ms
3330 http fetch GET 200 https://registry.npmjs.org/globals/-/globals-15.0.0.tgz 54586ms (cache miss)
3331 timing reifyNode:node_modules/globals Completed in 55730ms
3332 http fetch GET 200 https://registry.npmjs.org/execa/-/execa-5.1.1.tgz 54529ms (cache miss)
3333 timing reifyNode:node_modules/execa Completed in 55732ms
3334 http fetch GET 200 https://registry.npmjs.org/function.prototype.name/-/function.prototype.name-1.1.6.tgz 54582ms (cache miss)
3335 timing reifyNode:node_modules/function.prototype.name Completed in 55744ms
3336 http fetch GET 200 https://registry.npmjs.org/chalk/-/chalk-5.0.1.tgz 53972ms (cache miss)
3337 timing reifyNode:node_modules/boxen/node_modules/chalk Completed in 55737ms
3338 http fetch GET 200 https://registry.npmjs.org/fastify-plugin/-/fastify-plugin-4.5.1.tgz 54017ms (cache miss)
3339 http fetch GET 200 https://registry.npmjs.org/fastify-plugin/-/fastify-plugin-4.5.1.tgz 54021ms (cache miss)
3340 http fetch GET 200 https://registry.npmjs.org/fastify-plugin/-/fastify-plugin-4.5.1.tgz 54022ms (cache miss)
3341 timing reifyNode:node_modules/fastify-method-override/node_modules/fastify-plugin Completed in 55767ms
3342 http fetch GET 200 https://registry.npmjs.org/@npmcli/fs/-/fs-2.1.2.tgz 54053ms (cache miss)
3343 timing reifyNode:node_modules/node-gyp/node_modules/@npmcli/fs Completed in 55794ms
3344 http fetch GET 200 https://registry.npmjs.org/unique-filename/-/unique-filename-1.1.1.tgz 55092ms (cache miss)
3345 timing reifyNode:node_modules/unique-filename Completed in 55832ms
3346 http fetch GET 200 https://registry.npmjs.org/tapable/-/tapable-2.2.1.tgz 55057ms (cache miss)
3347 timing reifyNode:node_modules/tapable Completed in 55831ms
3348 timing reifyNode:node_modules/@nodelib/fs.scandir Completed in 55753ms
3349 timing reifyNode:node_modules/schema-utils Completed in 55840ms
3350 http fetch GET 200 https://registry.npmjs.org/es6-iterator/-/es6-iterator-2.0.3.tgz 54574ms (cache miss)
3351 http fetch GET 200 https://registry.npmjs.org/make-fetch-happen/-/make-fetch-happen-9.1.0.tgz 54168ms (cache miss)
3352 timing reifyNode:node_modules/sqlite3/node_modules/make-fetch-happen Completed in 55864ms
3353 timing reifyNode:node_modules/pino-pretty/node_modules/help-me Completed in 55850ms
3354 timing reifyNode:node_modules/fastify-cli/node_modules/fastify-plugin Completed in 55820ms
3355 timing reifyNode:node_modules/fastify-cli/node_modules/pino-pretty/node_modules/help-me Completed in 55822ms
3356 http fetch GET 200 https://registry.npmjs.org/umzug/-/umzug-2.3.0.tgz 55141ms (cache miss)
3357 timing reifyNode:node_modules/umzug Completed in 55883ms
3358 timing reifyNode:node_modules/fastify-objectionjs/node_modules/fastify-plugin Completed in 55827ms
3359 http fetch GET 200 https://registry.npmjs.org/with/-/with-7.0.2.tgz 55183ms (cache miss)
3360 timing reifyNode:node_modules/@nodelib/fs.walk Completed in 55803ms
3361 http fetch GET 200 https://registry.npmjs.org/jju/-/jju-1.4.0.tgz 54802ms (cache miss)
3362 timing reifyNode:node_modules/jju Completed in 55857ms
3363 http fetch GET 200 https://registry.npmjs.org/@webassemblyjs/wasm-parser/-/wasm-parser-1.12.1.tgz 54403ms (cache miss)
3364 timing reifyNode:node_modules/@webassemblyjs/wasm-parser Completed in 55819ms
3365 http fetch GET 200 https://registry.npmjs.org/help-me/-/help-me-4.2.0.tgz 54718ms (cache miss)
3366 http fetch GET 200 https://registry.npmjs.org/pretty-format/-/pretty-format-29.7.0.tgz 54987ms (cache miss)
3367 timing reifyNode:node_modules/pretty-format Completed in 55888ms
3368 http fetch GET 200 https://registry.npmjs.org/lru-cache/-/lru-cache-7.18.3.tgz 54120ms (cache miss)
3369 timing reifyNode:node_modules/hosted-git-info/node_modules/lru-cache Completed in 55862ms
3370 http fetch GET 200 https://registry.npmjs.org/lru-cache/-/lru-cache-7.18.3.tgz 54056ms (cache miss)
3371 timing reifyNode:node_modules/@npmcli/git/node_modules/lru-cache Completed in 55826ms
3372 http fetch GET 200 https://registry.npmjs.org/lru-cache/-/lru-cache-7.18.3.tgz 54169ms (cache miss)
3373 timing reifyNode:node_modules/npm-package-arg/node_modules/lru-cache Completed in 55886ms
3374 http fetch GET 200 https://registry.npmjs.org/lru-cache/-/lru-cache-7.18.3.tgz 54149ms (cache miss)
3375 timing reifyNode:node_modules/node-gyp/node_modules/lru-cache Completed in 55884ms
3376 http fetch GET 200 https://registry.npmjs.org/yargs-parser/-/yargs-parser-20.2.9.tgz 54220ms (cache miss)
3377 timing reifyNode:node_modules/sequelize-cli/node_modules/yargs-parser Completed in 55914ms
3378 http fetch GET 200 https://registry.npmjs.org/lru-cache/-/lru-cache-7.18.3.tgz 54095ms (cache miss)
3379 timing reifyNode:node_modules/cacache/node_modules/lru-cache Completed in 55857ms
3380 http fetch GET 200 https://registry.npmjs.org/json5/-/json5-1.0.2.tgz 54263ms (cache miss)
3381 timing reifyNode:node_modules/tsconfig-paths/node_modules/json5 Completed in 55943ms
3382 http fetch GET 200 https://registry.npmjs.org/smart-buffer/-/smart-buffer-4.2.0.tgz 55144ms (cache miss)
3383 timing reifyNode:node_modules/smart-buffer Completed in 55942ms
3384 http fetch GET 200 https://registry.npmjs.org/exit/-/exit-0.1.2.tgz 54707ms (cache miss)
3385 timing reifyNode:node_modules/exit Completed in 55911ms
3386 http fetch GET 200 https://registry.npmjs.org/espree/-/espree-9.6.1.tgz 54190ms (cache miss)
3387 timing reifyNode:node_modules/eslint/node_modules/espree Completed in 55948ms
3388 http fetch GET 200 https://registry.npmjs.org/@discoveryjs/json-ext/-/json-ext-0.5.7.tgz 54396ms (cache miss)
3389 timing reifyNode:node_modules/@discoveryjs/json-ext Completed in 55918ms
3390 timing reifyNode:node_modules/with Completed in 56026ms
3391 http fetch GET 200 https://registry.npmjs.org/style-loader/-/style-loader-4.0.0.tgz 55242ms (cache miss)
3392 timing reifyNode:node_modules/style-loader Completed in 56017ms
3393 http fetch GET 200 https://registry.npmjs.org/object.assign/-/object.assign-4.1.5.tgz 55028ms (cache miss)
3394 timing reifyNode:node_modules/object.assign Completed in 56005ms
3395 http fetch GET 200 https://registry.npmjs.org/chalk/-/chalk-5.0.1.tgz 54362ms (cache miss)
3396 timing reifyNode:node_modules/update-notifier/node_modules/chalk Completed in 56043ms
3397 timing reifyNode:node_modules/es6-iterator Completed in 55981ms
3398 http fetch GET 200 https://registry.npmjs.org/@fastify/sensible/-/sensible-5.5.0.tgz 54456ms (cache miss)
3399 timing reifyNode:node_modules/help-me Completed in 56020ms
3400 http fetch GET 200 https://registry.npmjs.org/picomatch/-/picomatch-2.3.1.tgz 55126ms (cache miss)
3401 timing reifyNode:node_modules/picomatch Completed in 56048ms
3402 http fetch GET 200 https://registry.npmjs.org/@fastify/ajv-compiler/-/ajv-compiler-3.5.0.tgz 54462ms (cache miss)
3403 http fetch GET 200 https://registry.npmjs.org/lru-cache/-/lru-cache-7.18.3.tgz 54323ms (cache miss)
3404 timing reifyNode:node_modules/make-fetch-happen/node_modules/lru-cache Completed in 56062ms
3405 http fetch GET 200 https://registry.npmjs.org/@npmcli/fs/-/fs-1.1.1.tgz 54395ms (cache miss)
3406 timing reifyNode:node_modules/sqlite3/node_modules/@npmcli/fs Completed in 56096ms
3407 http fetch GET 200 https://registry.npmjs.org/dotenv/-/dotenv-16.4.5.tgz 54802ms (cache miss)
3408 timing reifyNode:node_modules/dotenv Completed in 56050ms
3409 http fetch GET 200 https://registry.npmjs.org/abort-controller/-/abort-controller-3.0.0.tgz 54643ms (cache miss)
3410 timing reifyNode:node_modules/abort-controller Completed in 56045ms
3411 http fetch GET 200 https://registry.npmjs.org/sonic-boom/-/sonic-boom-3.8.1.tgz 55332ms (cache miss)
3412 timing reifyNode:node_modules/sonic-boom Completed in 56127ms
3413 http fetch GET 200 https://registry.npmjs.org/shell-quote/-/shell-quote-1.8.1.tgz 55320ms (cache miss)
3414 timing reifyNode:node_modules/shell-quote Completed in 56127ms
3415 http fetch GET 200 https://registry.npmjs.org/@colors/colors/-/colors-1.5.0.tgz 54536ms (cache miss)
3416 timing reifyNode:node_modules/@colors/colors Completed in 56060ms
3417 http fetch GET 200 https://registry.npmjs.org/cli-color/-/cli-color-2.0.4.tgz 54774ms (cache miss)
3418 timing reifyNode:node_modules/cli-color Completed in 56093ms
3419 http fetch GET 200 https://registry.npmjs.org/form-data-encoder/-/form-data-encoder-2.1.0.tgz 54946ms (cache miss)
3420 http fetch GET 200 https://registry.npmjs.org/signal-exit/-/signal-exit-4.1.0.tgz 54412ms (cache miss)
3421 timing reifyNode:node_modules/foreground-child/node_modules/signal-exit Completed in 56155ms
3422 http fetch GET 200 https://registry.npmjs.org/webpack-merge/-/webpack-merge-5.8.0.tgz 55514ms (cache miss)
3423 timing reifyNode:node_modules/webpack-merge Completed in 56229ms
3424 timing reifyNode:node_modules/@fastify/sensible Completed in 56131ms
3425 timing metavuln:cache:put:security-advisory:sqlite3:d9OlV91FQiPngyARVJjb2c1N1Zd+BlUG/6hW/AboVLzuuz9zlq5RBmHPTvImBXKQlYn4hJ5/GOcjonk0bZFabg== Completed in 1043ms
3426 timing metavuln:calculate:security-advisory:sqlite3:qPQeYPFDBIedTWfYK3sbnScF6Ha7ouTs+wgndnz4PT5P+/K+GBD4epoPcYpXlu6AC7gSJlCJTJeuKbYAFoK9PA== Completed in 5449ms
3427 http fetch GET 200 https://registry.npmjs.org/pacote 5450ms (cache miss)
3428 timing metavuln:packument:pacote Completed in 5466ms
3429 timing metavuln:load:security-advisory:pacote:qPQeYPFDBIedTWfYK3sbnScF6Ha7ouTs+wgndnz4PT5P+/K+GBD4epoPcYpXlu6AC7gSJlCJTJeuKbYAFoK9PA== Completed in 37ms
3430 timing reifyNode:node_modules/@fastify/ajv-compiler Completed in 56213ms
3431 http fetch GET 200 https://registry.npmjs.org/pg/-/pg-8.11.5.tgz 55357ms (cache miss)
3432 timing reifyNode:node_modules/pg Completed in 56286ms
3433 http fetch GET 200 https://registry.npmjs.org/@one-ini/wasm/-/wasm-0.1.1.tgz 54810ms (cache miss)
3434 timing reifyNode:node_modules/@one-ini/wasm Completed in 56282ms
3435 http fetch GET 200 https://registry.npmjs.org/pg-pool/-/pg-pool-3.6.2.tgz 55429ms (cache miss)
3436 timing reifyNode:node_modules/pg-pool Completed in 56355ms
3437 http fetch GET 200 https://registry.npmjs.org/@babel/template/-/template-7.24.0.tgz 54778ms (cache miss)
3438 timing reifyNode:node_modules/@babel/template Completed in 56311ms
3439 timing reifyNode:node_modules/form-data-encoder Completed in 56383ms
3440 timing metavuln:cache:put:security-advisory:node-gyp:l/WeQkAPWJ0/mHENc58u9JNvnzqgqXWhnfEbUs8zhmL1UmoofkwGw4482B1GnFfApFQ5hXpUDaLf7UIPw6jpww== Completed in 1077ms
3441 timing metavuln:calculate:security-advisory:node-gyp:qPQeYPFDBIedTWfYK3sbnScF6Ha7ouTs+wgndnz4PT5P+/K+GBD4epoPcYpXlu6AC7gSJlCJTJeuKbYAFoK9PA== Completed in 5650ms
3442 http fetch GET 200 https://registry.npmjs.org/cacache/-/cacache-17.1.4.tgz 55075ms (cache miss)
3443 timing reifyNode:node_modules/cacache Completed in 56409ms
3444 http fetch GET 200 https://registry.npmjs.org/@pkgjs/parseargs/-/parseargs-0.11.0.tgz 54947ms (cache miss)
3445 timing reifyNode:node_modules/@pkgjs/parseargs Completed in 56421ms
3446 http fetch GET 200 https://registry.npmjs.org/expect/-/expect-29.7.0.tgz 55274ms (cache miss)
3447 timing reifyNode:node_modules/expect Completed in 56475ms
3448 http fetch GET 200 https://registry.npmjs.org/cacache/-/cacache-16.1.3.tgz 54811ms (cache miss)
3449 timing reifyNode:node_modules/node-gyp/node_modules/cacache Completed in 56549ms
3450 http fetch GET 200 https://registry.npmjs.org/@jridgewell/source-map/-/source-map-0.3.6.tgz 55029ms (cache miss)
3451 timing reifyNode:node_modules/@jridgewell/source-map Completed in 56518ms
3452 http fetch GET 200 https://registry.npmjs.org/@xtuc/long/-/long-4.2.2.tgz 55317ms (cache miss)
3453 timing reifyNode:node_modules/@xtuc/long Completed in 56721ms
3454 http fetch GET 200 https://registry.npmjs.org/pacote/-/pacote-15.2.0.tgz 55844ms (cache miss)
3455 timing reifyNode:node_modules/pacote Completed in 56781ms
3456 http fetch GET 200 https://registry.npmjs.org/schema-utils/-/schema-utils-3.3.0.tgz 55141ms (cache miss)
3457 timing reifyNode:node_modules/webpack/node_modules/schema-utils Completed in 56822ms
3458 http fetch GET 200 https://registry.npmjs.org/webpack-sources/-/webpack-sources-3.2.3.tgz 56133ms (cache miss)
3459 timing reifyNode:node_modules/webpack-sources Completed in 56847ms
3460 http fetch GET 200 https://registry.npmjs.org/webpack-cli/-/webpack-cli-5.1.4.tgz 56326ms (cache miss)
3461 timing reifyNode:node_modules/webpack-cli Completed in 57042ms
3462 http fetch GET 200 https://registry.npmjs.org/jest-worker/-/jest-worker-27.5.1.tgz 55411ms (cache miss)
3463 http fetch GET 200 https://registry.npmjs.org/@fastify/cookie/-/cookie-9.3.1.tgz 55546ms (cache miss)
3464 timing reifyNode:node_modules/@fastify/cookie Completed in 57067ms
3465 timing reifyNode:node_modules/terser-webpack-plugin/node_modules/jest-worker Completed in 57172ms
3466 http fetch GET 200 https://registry.npmjs.org/schema-utils/-/schema-utils-3.3.0.tgz 55553ms (cache miss)
3467 timing reifyNode:node_modules/terser-webpack-plugin/node_modules/schema-utils Completed in 57245ms
3468 http fetch GET 200 https://registry.npmjs.org/cacache/-/cacache-15.3.0.tgz 55673ms (cache miss)
3469 timing reifyNode:node_modules/sqlite3/node_modules/cacache Completed in 57372ms
3470 http fetch GET 200 https://registry.npmjs.org/tar-fs/-/tar-fs-2.1.1.tgz 56613ms (cache miss)
3471 http fetch GET 200 https://registry.npmjs.org/undici-types/-/undici-types-5.26.5.tgz 56654ms (cache miss)
3472 timing reifyNode:node_modules/undici-types Completed in 57396ms
3473 http fetch GET 200 https://registry.npmjs.org/promise/-/promise-7.3.1.tgz 56614ms (cache miss)
3474 http fetch GET 200 https://registry.npmjs.org/exponential-backoff/-/exponential-backoff-3.1.1.tgz 56292ms (cache miss)
3475 timing reifyNode:node_modules/tar-fs Completed in 57673ms
3476 http fetch GET 200 https://registry.npmjs.org/http2-wrapper/-/http2-wrapper-2.1.11.tgz 56614ms (cache miss)
3477 timing reifyNode:node_modules/http2-wrapper Completed in 57739ms
3478 http fetch GET 200 https://registry.npmjs.org/jest-worker/-/jest-worker-29.7.0.tgz 56714ms (cache miss)
3479 timing reifyNode:node_modules/jest-worker Completed in 57773ms
3480 http fetch GET 200 https://registry.npmjs.org/@fastify/secure-session/-/secure-session-7.5.1.tgz 56215ms (cache miss)
3481 timing reifyNode:node_modules/promise Completed in 57920ms
3482 http fetch GET 200 https://registry.npmjs.org/source-map-js/-/source-map-js-1.2.0.tgz 57170ms (cache miss)
3483 timing reifyNode:node_modules/source-map-js Completed in 57963ms
3484 timing reifyNode:node_modules/exponential-backoff Completed in 57916ms
3485 timing reifyNode:node_modules/@fastify/secure-session Completed in 59665ms
3486 http fetch GET 200 https://registry.npmjs.org/@tufjs/models/-/models-1.0.4.tgz 58328ms (cache miss)
3487 timing reifyNode:node_modules/@tufjs/models Completed in 59788ms
3488 http fetch GET 200 https://registry.npmjs.org/ajv-keywords/-/ajv-keywords-3.5.2.tgz 58403ms (cache miss)
3489 timing reifyNode:node_modules/ajv-keywords Completed in 59800ms
3490 http fetch GET 200 https://registry.npmjs.org/sequelize-cli/-/sequelize-cli-6.6.2.tgz 59065ms (cache miss)
3491 timing reifyNode:node_modules/sequelize-cli Completed in 59876ms
3492 http fetch GET 200 https://registry.npmjs.org/commander/-/commander-10.0.1.tgz 58521ms (cache miss)
3493 timing reifyNode:node_modules/commander Completed in 59828ms
3494 http fetch GET 200 https://registry.npmjs.org/readable-stream/-/readable-stream-3.6.2.tgz 59085ms (cache miss)
3495 timing reifyNode:node_modules/readable-stream Completed in 59949ms
3496 timing metavuln:cache:put:security-advisory:pacote:YEGC2tr63UMpFVgVz0cNuFV3bU8S49mLN9fSXNf8TSeZFIG2IIlfze6ewtj1AcnmZfEVnbmO+QJdA95V6mwuNA== Completed in 3733ms
3497 timing metavuln:calculate:security-advisory:pacote:qPQeYPFDBIedTWfYK3sbnScF6Ha7ouTs+wgndnz4PT5P+/K+GBD4epoPcYpXlu6AC7gSJlCJTJeuKbYAFoK9PA== Completed in 9236ms
3498 timing metavuln:cache:get:security-advisory:prebuild-install:jRqqdHWbOREw15H5SdurWE62CscvPSSYzDYeqtuoOjAS5T4a/EWVlt/5yu0vDTLEYuFXij3+w7qsCx2Gdyt/0A== Completed in 105ms
3499 http fetch GET 200 https://registry.npmjs.org/minipass/-/minipass-7.0.4.tgz 58466ms (cache miss)
3500 timing reifyNode:node_modules/pacote/node_modules/fs-minipass/node_modules/minipass Completed in 60184ms
3501 http fetch GET 200 https://registry.npmjs.org/camelcase/-/camelcase-5.3.1.tgz 58817ms attempt #2 (cache miss)
3502 timing reifyNode:node_modules/camelcase Completed in 60147ms
3503 http fetch GET 200 https://registry.npmjs.org/@jest/reporters/-/reporters-29.7.0.tgz 58636ms (cache miss)
3504 timing reifyNode:node_modules/@jest/reporters Completed in 60132ms
3505 http fetch GET 200 https://registry.npmjs.org/es6-symbol/-/es6-symbol-3.1.4.tgz 58934ms attempt #2 (cache miss)
3506 http fetch GET 200 https://registry.npmjs.org/is-shared-array-buffer/-/is-shared-array-buffer-1.0.3.tgz 59091ms attempt #2 (cache miss)
3507 http fetch GET 200 https://registry.npmjs.org/jest-each/-/jest-each-29.7.0.tgz 59151ms attempt #2 (cache miss)
3508 http fetch GET 200 https://registry.npmjs.org/ci-info/-/ci-info-3.3.2.tgz 58896ms attempt #2 (cache miss)
3509 timing reifyNode:node_modules/ci-info Completed in 60218ms
3510 http fetch GET 200 https://registry.npmjs.org/buffer-from/-/buffer-from-1.1.2.tgz 58875ms attempt #2 (cache miss)
3511 timing reifyNode:node_modules/buffer-from Completed in 60219ms
3512 http fetch GET 200 https://registry.npmjs.org/mustache/-/mustache-4.2.0.tgz 59313ms (cache miss)
3513 timing reifyNode:node_modules/mustache Completed in 60312ms
3514 http fetch GET 200 https://registry.npmjs.org/makeerror/-/makeerror-1.0.12.tgz 59303ms attempt #2 (cache miss)
3515 timing reifyNode:node_modules/makeerror Completed in 60323ms
3516 http fetch GET 200 https://registry.npmjs.org/humanize-ms/-/humanize-ms-1.2.1.tgz 59188ms attempt #2 (cache miss)
3517 timing reifyNode:node_modules/humanize-ms Completed in 60312ms
3518 http fetch GET 200 https://registry.npmjs.org/import-local/-/import-local-3.1.0.tgz 59199ms attempt #2 (cache miss)
3519 timing reifyNode:node_modules/import-local Completed in 60314ms
3520 http fetch GET 200 https://registry.npmjs.org/human-signals/-/human-signals-2.1.0.tgz 59192ms attempt #2 (cache miss)
3521 http fetch GET 200 https://registry.npmjs.org/jest-resolve-dependencies/-/jest-resolve-dependencies-29.7.0.tgz 59265ms attempt #2 (cache miss)
3522 timing reifyNode:node_modules/jest-resolve-dependencies Completed in 60328ms
3523 http fetch GET 200 https://registry.npmjs.org/es6-weak-map/-/es6-weak-map-2.0.3.tgz 59088ms attempt #2 (cache miss)
3524 http fetch GET 200 https://registry.npmjs.org/import-fresh/-/import-fresh-3.3.0.tgz 59244ms attempt #2 (cache miss)
3525 timing reifyNode:node_modules/import-fresh Completed in 60361ms
3526 http fetch GET 200 https://registry.npmjs.org/lodash.castarray/-/lodash.castarray-4.4.0.tgz 59343ms attempt #2 (cache miss)
3527 timing reifyNode:node_modules/lodash.castarray Completed in 60374ms
3528 http fetch GET 200 https://registry.npmjs.org/jest-docblock/-/jest-docblock-29.7.0.tgz 59346ms attempt #2 (cache miss)
3529 timing reifyNode:node_modules/jest-docblock Completed in 60416ms
3530 http fetch GET 200 https://registry.npmjs.org/ignore/-/ignore-5.2.0.tgz 59296ms attempt #2 (cache miss)
3531 timing reifyNode:node_modules/ignore Completed in 60412ms
3532 http fetch GET 200 https://registry.npmjs.org/find-up/-/find-up-5.0.0.tgz 59319ms attempt #2 (cache miss)
3533 timing reifyNode:node_modules/find-up Completed in 60496ms
3534 http fetch GET 200 https://registry.npmjs.org/jest-regex-util/-/jest-regex-util-29.6.3.tgz 59454ms attempt #2 (cache miss)
3535 timing reifyNode:node_modules/jest-regex-util Completed in 60516ms
3536 http fetch GET 200 https://registry.npmjs.org/es-define-property/-/es-define-property-1.0.0.tgz 59261ms attempt #2 (cache miss)
3537 http fetch GET 200 https://registry.npmjs.org/minipass/-/minipass-7.0.4.tgz 58807ms (cache miss)
3538 timing reifyNode:node_modules/minipass-fetch/node_modules/minipass Completed in 60546ms
3539 http fetch GET 200 https://registry.npmjs.org/minipass/-/minipass-7.0.4.tgz 58785ms (cache miss)
3540 timing reifyNode:node_modules/glob/node_modules/minipass Completed in 60530ms
3541 http fetch GET 200 https://registry.npmjs.org/minipass/-/minipass-7.0.4.tgz 58843ms (cache miss)
3542 timing reifyNode:node_modules/path-scurry/node_modules/minipass Completed in 60559ms
3543 http fetch GET 200 https://registry.npmjs.org/minipass/-/minipass-7.0.4.tgz 58749ms (cache miss)
3544 timing reifyNode:node_modules/cacache/node_modules/minipass Completed in 60511ms
3545 http fetch GET 200 https://registry.npmjs.org/minipass/-/minipass-7.0.4.tgz 58889ms (cache miss)
3546 timing reifyNode:node_modules/ssri/node_modules/minipass Completed in 60582ms
3547 timing reifyNode:node_modules/is-shared-array-buffer Completed in 60568ms
3548 http fetch GET 200 https://registry.npmjs.org/node-addon-api/-/node-addon-api-4.3.0.tgz 59676ms (cache miss)
3549 timing reifyNode:node_modules/node-addon-api Completed in 60669ms
3550 timing reifyNode:node_modules/jest-each Completed in 60668ms
3551 http fetch GET 200 https://registry.npmjs.org/abbrev/-/abbrev-1.1.1.tgz 59229ms attempt #2 (cache miss)
3552 timing reifyNode:node_modules/abbrev Completed in 60632ms
3553 http fetch GET 200 https://registry.npmjs.org/get-package-type/-/get-package-type-0.1.0.tgz 59502ms attempt #2 (cache miss)
3554 timing reifyNode:node_modules/get-package-type Completed in 60658ms
3555 http fetch GET 200 https://registry.npmjs.org/jest-util/-/jest-util-29.7.0.tgz 59613ms attempt #2 (cache miss)
3556 http fetch GET 200 https://registry.npmjs.org/flat-cache/-/flat-cache-3.2.0.tgz 59487ms attempt #2 (cache miss)
3557 timing reifyNode:node_modules/flat-cache Completed in 60659ms
3558 http fetch GET 200 https://registry.npmjs.org/flatted/-/flatted-3.3.1.tgz 59492ms attempt #2 (cache miss)
3559 http fetch GET 200 https://registry.npmjs.org/qs/-/qs-6.12.1.tgz 59894ms (cache miss)
3560 timing reifyNode:node_modules/qs Completed in 60770ms
3561 http fetch GET 200 https://registry.npmjs.org/node-addon-api/-/node-addon-api-7.1.0.tgz 59095ms (cache miss)
3562 timing reifyNode:node_modules/sqlite3/node_modules/node-addon-api Completed in 60790ms
3563 http fetch GET 200 https://registry.npmjs.org/entities/-/entities-3.0.1.tgz 59491ms (cache miss)
3564 http fetch GET 200 https://registry.npmjs.org/media-typer/-/media-typer-0.3.0.tgz 59752ms attempt #2 (cache miss)
3565 timing reifyNode:node_modules/media-typer Completed in 60769ms
3566 http fetch GET 200 https://registry.npmjs.org/cli-boxes/-/cli-boxes-3.0.0.tgz 59423ms attempt #2 (cache miss)
3567 timing reifyNode:node_modules/cli-boxes Completed in 60742ms
3568 timing reifyNode:node_modules/es-define-property Completed in 60782ms
3569 timing reifyNode:node_modules/entities Completed in 60807ms
3570 http fetch GET 200 https://registry.npmjs.org/is-number/-/is-number-7.0.0.tgz 59748ms attempt #2 (cache miss)
3571 timing reifyNode:node_modules/is-number Completed in 60842ms
3572 http fetch GET 200 https://registry.npmjs.org/inflection/-/inflection-1.13.4.tgz 59727ms attempt #2 (cache miss)
3573 http fetch GET 200 https://registry.npmjs.org/isarray/-/isarray-2.0.5.tgz 59762ms attempt #2 (cache miss)
3574 timing reifyNode:node_modules/isarray Completed in 60845ms
3575 http fetch GET 200 https://registry.npmjs.org/cliui/-/cliui-8.0.1.tgz 59501ms attempt #2 (cache miss)
3576 http fetch GET 200 https://registry.npmjs.org/jest-environment-node/-/jest-environment-node-29.7.0.tgz 59781ms attempt #2 (cache miss)
3577 timing reifyNode:node_modules/jest-environment-node Completed in 60850ms
3578 http fetch GET 200 https://registry.npmjs.org/is-symbol/-/is-symbol-1.0.4.tgz 59765ms attempt #2 (cache miss)
3579 http fetch GET 200 https://registry.npmjs.org/is-bigint/-/is-bigint-1.0.4.tgz 59746ms attempt #2 (cache miss)
3580 http fetch GET 200 https://registry.npmjs.org/tar/-/tar-6.1.11.tgz 60215ms (cache miss)
3581 timing reifyNode:node_modules/tar Completed in 60988ms
3582 http fetch GET 200 https://registry.npmjs.org/fill-range/-/fill-range-7.0.1.tgz 59759ms attempt #2 (cache miss)
3583 timing reifyNode:node_modules/fill-range Completed in 60936ms
3584 timing reifyNode:node_modules/cliui Completed in 60922ms
3585 http fetch GET 200 https://registry.npmjs.org/minimatch/-/minimatch-3.1.2.tgz 59953ms attempt #2 (cache miss)
3586 timing reifyNode:node_modules/minimatch Completed in 60960ms
3587 timing reifyNode:node_modules/inflection Completed in 60947ms
3588 http fetch GET 200 https://registry.npmjs.org/hasown/-/hasown-2.0.2.tgz 59817ms attempt #2 (cache miss)
3589 timing reifyNode:node_modules/hasown Completed in 60948ms
3590 http fetch GET 200 https://registry.npmjs.org/wkx/-/wkx-0.5.0.tgz 60394ms (cache miss)
3591 timing reifyNode:node_modules/wkx Completed in 61101ms
3592 http fetch GET 200 https://registry.npmjs.org/has-proto/-/has-proto-1.0.3.tgz 59914ms attempt #2 (cache miss)
3593 http fetch GET 200 https://registry.npmjs.org/mdurl/-/mdurl-1.0.1.tgz 60050ms attempt #2 (cache miss)
3594 timing reifyNode:node_modules/mdurl Completed in 61068ms
3595 http fetch GET 200 https://registry.npmjs.org/assert-never/-/assert-never-1.2.1.tgz 59657ms attempt #2 (cache miss)
3596 timing reifyNode:node_modules/assert-never Completed in 61028ms
3597 http fetch GET 200 https://registry.npmjs.org/for-each/-/for-each-0.3.3.tgz 59881ms attempt #2 (cache miss)
3598 http fetch GET 200 https://registry.npmjs.org/merge2/-/merge2-1.4.1.tgz 60055ms attempt #2 (cache miss)
3599 timing reifyNode:node_modules/merge2 Completed in 61072ms
3600 timing reifyNode:node_modules/for-each Completed in 61054ms
3601 http fetch GET 200 https://registry.npmjs.org/foreground-child/-/foreground-child-3.1.1.tgz 59894ms attempt #2 (cache miss)
3602 http fetch GET 200 https://registry.npmjs.org/@sinonjs/commons/-/commons-3.0.1.tgz 59610ms (cache miss)
3603 timing reifyNode:node_modules/es6-weak-map Completed in 61159ms
3604 http fetch GET 200 https://registry.npmjs.org/cjs-module-lexer/-/cjs-module-lexer-1.2.3.tgz 59830ms attempt #2 (cache miss)
3605 timing reifyNode:node_modules/has-proto Completed in 61182ms
3606 http fetch GET 200 https://registry.npmjs.org/is-data-view/-/is-data-view-1.0.1.tgz 60119ms attempt #2 (cache miss)
3607 http fetch GET 200 https://registry.npmjs.org/clone-deep/-/clone-deep-4.0.1.tgz 59884ms attempt #2 (cache miss)
3608 timing reifyNode:node_modules/clone-deep Completed in 61200ms
3609 http fetch GET 200 https://registry.npmjs.org/clone-response/-/clone-response-1.0.3.tgz 59887ms attempt #2 (cache miss)
3610 timing reifyNode:node_modules/clone-response Completed in 61202ms
3611 http fetch GET 200 https://registry.npmjs.org/is-stream/-/is-stream-2.0.1.tgz 60143ms attempt #2 (cache miss)
3612 timing reifyNode:node_modules/is-stream Completed in 61232ms
3613 timing reifyNode:node_modules/is-bigint Completed in 61252ms
3614 timing reifyNode:node_modules/es6-symbol Completed in 61285ms
3615 http fetch GET 200 https://registry.npmjs.org/@fastify/merge-json-schemas/-/merge-json-schemas-0.1.1.tgz 59768ms (cache miss)
3616 timing reifyNode:node_modules/@fastify/merge-json-schemas Completed in 61282ms
3617 http fetch GET 200 https://registry.npmjs.org/is-string/-/is-string-1.0.7.tgz 60248ms attempt #2 (cache miss)
3618 timing reifyNode:node_modules/is-string Completed in 61335ms
3619 http fetch GET 200 https://registry.npmjs.org/eslint-scope/-/eslint-scope-7.2.2.tgz 60100ms attempt #2 (cache miss)
3620 timing reifyNode:node_modules/is-symbol Completed in 61339ms
3621 http fetch GET 200 https://registry.npmjs.org/eslint-visitor-keys/-/eslint-visitor-keys-3.4.3.tgz 60107ms attempt #2 (cache miss)
3622 http fetch GET 200 https://registry.npmjs.org/stack-trace/-/stack-trace-0.0.10.tgz 60597ms attempt #2 (cache miss)
3623 timing reifyNode:node_modules/stack-trace Completed in 61383ms
3624 http fetch GET 200 https://registry.npmjs.org/jest-message-util/-/jest-message-util-29.7.0.tgz 60280ms attempt #2 (cache miss)
3625 timing reifyNode:node_modules/jest-message-util Completed in 61347ms
3626 http fetch GET 200 https://registry.npmjs.org/is-array-buffer/-/is-array-buffer-3.0.4.tgz 60229ms attempt #2 (cache miss)
3627 http fetch GET 200 https://registry.npmjs.org/braces/-/braces-3.0.2.tgz 59966ms attempt #2 (cache miss)
3628 http fetch GET 200 https://registry.npmjs.org/ssri/-/ssri-10.0.5.tgz 60600ms attempt #2 (cache miss)
3629 timing reifyNode:node_modules/ssri Completed in 61386ms
3630 http fetch GET 200 https://registry.npmjs.org/prompts-ncu/-/prompts-ncu-3.0.0.tgz 60539ms (cache miss)
3631 timing reifyNode:node_modules/prompts-ncu Completed in 61436ms
3632 timing reifyNode:node_modules/human-signals Completed in 61429ms
3633 http fetch GET 200 https://registry.npmjs.org/mime-db/-/mime-db-1.52.0.tgz 60403ms attempt #2 (cache miss)
3634 http fetch GET 200 https://registry.npmjs.org/chownr/-/chownr-2.0.0.tgz 60087ms attempt #2 (cache miss)
3635 timing reifyNode:node_modules/chownr Completed in 61412ms
3636 http fetch GET 200 https://registry.npmjs.org/statuses/-/statuses-2.0.1.tgz 60701ms attempt #2 (cache miss)
3637 timing reifyNode:node_modules/statuses Completed in 61484ms
3638 http fetch GET 200 https://registry.npmjs.org/clean-stack/-/clean-stack-2.2.0.tgz 60151ms attempt #2 (cache miss)
3639 timing reifyNode:node_modules/clean-stack Completed in 61475ms
3640 timing reifyNode:node_modules/@sinonjs/commons Completed in 61499ms
3641 http fetch GET 200 https://registry.npmjs.org/socks/-/socks-2.7.0.tgz 60784ms (cache miss)
3642 timing reifyNode:node_modules/cjs-module-lexer Completed in 61527ms
3643 timing reifyNode:node_modules/is-data-view Completed in 61554ms
3644 timing reifyNode:node_modules/is-array-buffer Completed in 61555ms
3645 http fetch GET 200 https://registry.npmjs.org/jsonparse/-/jsonparse-1.3.1.tgz 60523ms attempt #2 (cache miss)
3646 timing reifyNode:node_modules/eslint-scope Completed in 61604ms
3647 http fetch GET 200 https://registry.npmjs.org/character-parser/-/character-parser-2.2.0.tgz 60270ms attempt #2 (cache miss)
3648 timing reifyNode:node_modules/character-parser Completed in 61596ms
3649 http fetch GET 200 https://registry.npmjs.org/cli-table3/-/cli-table3-0.6.4.tgz 60282ms attempt #2 (cache miss)
3650 http fetch GET 200 https://registry.npmjs.org/arraybuffer.prototype.slice/-/arraybuffer.prototype.slice-1.0.3.tgz 60220ms attempt #2 (cache miss)
3651 http fetch GET 200 https://registry.npmjs.org/minipass/-/minipass-3.3.4.tgz 60617ms attempt #2 (cache miss)
3652 timing reifyNode:node_modules/minipass Completed in 61638ms
3653 timing reifyNode:node_modules/braces Completed in 61599ms
3654 http fetch GET 200 https://registry.npmjs.org/fastify-error-page/-/fastify-error-page-4.0.0.tgz 60432ms attempt #2 (cache miss)
3655 http fetch GET 200 https://registry.npmjs.org/merge-stream/-/merge-stream-2.0.0.tgz 60679ms attempt #2 (cache miss)
3656 timing reifyNode:node_modules/merge-stream Completed in 61695ms
3657 http fetch GET 200 https://registry.npmjs.org/json-schema-ref-resolver/-/json-schema-ref-resolver-1.0.1.tgz 60646ms attempt #2 (cache miss)
3658 http fetch GET 200 https://registry.npmjs.org/collect-v8-coverage/-/collect-v8-coverage-1.0.2.tgz 60356ms attempt #2 (cache miss)
3659 timing reifyNode:node_modules/collect-v8-coverage Completed in 61667ms
3660 http fetch GET 200 https://registry.npmjs.org/is-obj/-/is-obj-2.0.0.tgz 60606ms attempt #2 (cache miss)
3661 timing reifyNode:node_modules/is-obj Completed in 61700ms
3662 timing reifyNode:node_modules/socks Completed in 61741ms
3663 timing reifyNode:node_modules/mime-db Completed in 61737ms
3664 http fetch GET 200 https://registry.npmjs.org/@pnpm/npm-conf/-/npm-conf-1.0.5.tgz 60218ms attempt #2 (cache miss)
3665 timing reifyNode:node_modules/eslint-visitor-keys Completed in 61717ms
3666 http fetch GET 200 https://registry.npmjs.org/json-buffer/-/json-buffer-3.0.1.tgz 60711ms attempt #2 (cache miss)
3667 timing reifyNode:node_modules/json-buffer Completed in 61761ms
3668 http fetch GET 200 https://registry.npmjs.org/has-flag/-/has-flag-4.0.0.tgz 60616ms attempt #2 (cache miss)
3669 timing reifyNode:node_modules/has-flag Completed in 61754ms
3670 http fetch GET 200 https://registry.npmjs.org/istanbul-lib-coverage/-/istanbul-lib-coverage-3.2.2.tgz 60683ms attempt #2 (cache miss)
3671 http fetch GET 200 https://registry.npmjs.org/make-promises-safe/-/make-promises-safe-5.1.0.tgz 60750ms attempt #2 (cache miss)
3672 timing reifyNode:node_modules/make-promises-safe Completed in 61773ms
3673 http fetch GET 200 https://registry.npmjs.org/minipass-sized/-/minipass-sized-1.0.3.tgz 60800ms attempt #2 (cache miss)
3674 timing reifyNode:node_modules/minipass-sized Completed in 61805ms
3675 http fetch GET 200 https://registry.npmjs.org/argparse/-/argparse-2.0.1.tgz 60377ms attempt #2 (cache miss)
3676 http fetch GET 200 https://registry.npmjs.org/is-yarn-global/-/is-yarn-global-0.4.0.tgz 60750ms attempt #2 (cache miss)
3677 timing reifyNode:node_modules/is-yarn-global Completed in 61835ms
3678 http fetch GET 200 https://registry.npmjs.org/make-dir/-/make-dir-4.0.0.tgz 60820ms attempt #2 (cache miss)
3679 timing reifyNode:node_modules/make-dir Completed in 61842ms
3680 http fetch GET 200 https://registry.npmjs.org/is-date-object/-/is-date-object-1.0.5.tgz 60732ms attempt #2 (cache miss)
3681 timing reifyNode:node_modules/cli-table3 Completed in 61836ms
3682 timing reifyNode:node_modules/arraybuffer.prototype.slice Completed in 61832ms
3683 http fetch GET 200 https://registry.npmjs.org/ignore-walk/-/ignore-walk-6.0.4.tgz 60741ms attempt #2 (cache miss)
3684 timing reifyNode:node_modules/ignore-walk Completed in 61863ms
3685 http fetch GET 200 https://registry.npmjs.org/co/-/co-4.6.0.tgz 60528ms attempt #2 (cache miss)
3686 timing reifyNode:node_modules/co Completed in 61841ms
3687 http fetch GET 200 https://registry.npmjs.org/import-lazy/-/import-lazy-4.0.0.tgz 60750ms attempt #2 (cache miss)
3688 timing reifyNode:node_modules/import-lazy Completed in 61865ms
3689 timing reifyNode:node_modules/fastify-error-page Completed in 61859ms
3690 http fetch GET 200 https://registry.npmjs.org/istanbul-lib-source-maps/-/istanbul-lib-source-maps-4.0.1.tgz 60796ms attempt #2 (cache miss)
3691 http fetch GET 200 https://registry.npmjs.org/locate-path/-/locate-path-6.0.0.tgz 60849ms attempt #2 (cache miss)
3692 timing reifyNode:node_modules/locate-path Completed in 61881ms
3693 http fetch GET 200 https://registry.npmjs.org/escape-html/-/escape-html-1.0.3.tgz 60691ms attempt #2 (cache miss)
3694 timing reifyNode:node_modules/escape-html Completed in 61912ms
3695 http fetch GET 200 https://registry.npmjs.org/gauge/-/gauge-4.0.4.tgz 60770ms attempt #2 (cache miss)
3696 http fetch GET 200 https://registry.npmjs.org/jest-mock/-/jest-mock-29.7.0.tgz 60904ms attempt #2 (cache miss)
3697 timing reifyNode:node_modules/jest-mock Completed in 61970ms
3698 timing reifyNode:node_modules/@pnpm/npm-conf Completed in 61928ms
3699 http fetch GET 200 https://registry.npmjs.org/hosted-git-info/-/hosted-git-info-5.2.1.tgz 60838ms attempt #2 (cache miss)
3700 timing reifyNode:node_modules/hosted-git-info Completed in 61967ms
3701 http fetch GET 200 https://registry.npmjs.org/jest/-/jest-29.7.0.tgz 60899ms attempt #2 (cache miss)
3702 timing reifyNode:node_modules/jest Completed in 61977ms
3703 http fetch GET 200 https://registry.npmjs.org/levn/-/levn-0.4.1.tgz 60945ms attempt #2 (cache miss)
3704 timing reifyNode:node_modules/levn Completed in 61983ms
3705 http fetch GET 200 https://registry.npmjs.org/json-stable-stringify-without-jsonify/-/json-stable-stringify-without-jsonify-1.0.1.tgz 60937ms attempt #2 (cache miss)
3706 http fetch GET 200 https://registry.npmjs.org/mime-types/-/mime-types-2.1.35.tgz 60976ms attempt #2 (cache miss)
3707 timing reifyNode:node_modules/mime-types Completed in 61986ms
3708 http fetch GET 200 https://registry.npmjs.org/jest-matcher-utils/-/jest-matcher-utils-29.7.0.tgz 60916ms attempt #2 (cache miss)
3709 timing reifyNode:node_modules/jest-matcher-utils Completed in 61982ms
3710 http fetch GET 200 https://registry.npmjs.org/is-typed-array/-/is-typed-array-1.1.13.tgz 60906ms attempt #2 (cache miss)
3711 http fetch GET 200 https://registry.npmjs.org/pg-protocol/-/pg-protocol-1.6.1.tgz 61104ms (cache miss)
3712 timing reifyNode:node_modules/pg-protocol Completed in 62030ms
3713 timing reifyNode:node_modules/argparse Completed in 62002ms
3714 http fetch GET 200 https://registry.npmjs.org/js-tokens/-/js-tokens-4.0.0.tgz 60998ms attempt #2 (cache miss)
3715 timing reifyNode:node_modules/js-tokens Completed in 62049ms
3716 http fetch GET 200 https://registry.npmjs.org/fastq/-/fastq-1.17.1.tgz 60855ms attempt #2 (cache miss)
3717 http fetch GET 200 https://registry.npmjs.org/inflight/-/inflight-1.0.6.tgz 60934ms attempt #2 (cache miss)
3718 timing reifyNode:node_modules/inflight Completed in 62044ms
3719 http fetch GET 200 https://registry.npmjs.org/leven/-/leven-3.1.0.tgz 61019ms attempt #2 (cache miss)
3720 timing reifyNode:node_modules/leven Completed in 62056ms
3721 http fetch GET 200 https://registry.npmjs.org/infer-owner/-/infer-owner-1.0.4.tgz 60964ms attempt #2 (cache miss)
3722 timing reifyNode:node_modules/infer-owner Completed in 62075ms
3723 http fetch GET 200 https://registry.npmjs.org/lodash.isempty/-/lodash.isempty-4.4.0.tgz 61062ms attempt #2 (cache miss)
3724 timing reifyNode:node_modules/lodash.isempty Completed in 62091ms
3725 timing reifyNode:node_modules/istanbul-lib-coverage Completed in 62090ms
3726 http fetch GET 200 https://registry.npmjs.org/micromatch/-/micromatch-4.0.5.tgz 61088ms attempt #2 (cache miss)
3727 timing reifyNode:node_modules/micromatch Completed in 62103ms
3728 timing reifyNode:node_modules/gauge Completed in 62091ms
3729 http fetch GET 200 https://registry.npmjs.org/semver/-/semver-7.6.0.tgz 61329ms (cache miss)
3730 timing reifyNode:node_modules/semver Completed in 62152ms
3731 http fetch GET 200 https://registry.npmjs.org/ip/-/ip-2.0.0.tgz 61081ms attempt #2 (cache miss)
3732 timing reifyNode:node_modules/ip Completed in 62187ms
3733 timing reifyNode:node_modules/is-date-object Completed in 62208ms
3734 http fetch GET 200 https://registry.npmjs.org/path-scurry/-/path-scurry-1.10.2.tgz 61304ms (cache miss)
3735 timing reifyNode:node_modules/path-scurry Completed in 62235ms
3736 http fetch GET 200 https://registry.npmjs.org/lru-cache/-/lru-cache-10.2.0.tgz 60533ms (cache miss)
3737 timing reifyNode:node_modules/path-scurry/node_modules/lru-cache Completed in 62248ms
3738 http fetch GET 200 https://registry.npmjs.org/es-module-lexer/-/es-module-lexer-1.5.0.tgz 60978ms attempt #2 (cache miss)
3739 timing reifyNode:node_modules/flatted Completed in 62234ms
3740 http fetch GET 200 https://registry.npmjs.org/isobject/-/isobject-3.0.1.tgz 61186ms attempt #2 (cache miss)
3741 timing reifyNode:node_modules/isobject Completed in 62270ms
3742 http fetch GET 200 https://registry.npmjs.org/isexe/-/isexe-2.0.0.tgz 61187ms attempt #2 (cache miss)
3743 timing reifyNode:node_modules/isexe Completed in 62271ms
3744 http fetch GET 200 https://registry.npmjs.org/end-of-stream/-/end-of-stream-1.4.4.tgz 61008ms attempt #2 (cache miss)
3745 timing reifyNode:node_modules/end-of-stream Completed in 62248ms
3746 http fetch GET 200 https://registry.npmjs.org/is-regex/-/is-regex-1.1.4.tgz 61183ms attempt #2 (cache miss)
3747 http fetch GET 200 https://registry.npmjs.org/stack-utils/-/stack-utils-2.0.6.tgz 61531ms attempt #2 (cache miss)
3748 timing reifyNode:node_modules/stack-utils Completed in 62316ms
3749 timing reifyNode:node_modules/is-typed-array Completed in 62281ms
3750 http fetch GET 200 https://registry.npmjs.org/type-fest/-/type-fest-0.21.3.tgz 60489ms (cache miss)
3751 timing reifyNode:node_modules/ansi-escapes/node_modules/type-fest Completed in 62265ms
3752 http fetch GET 200 https://registry.npmjs.org/make-fetch-happen/-/make-fetch-happen-11.1.1.tgz 61309ms attempt #2 (cache miss)
3753 timing reifyNode:node_modules/istanbul-lib-source-maps Completed in 62326ms
3754 http fetch GET 200 https://registry.npmjs.org/file-entry-cache/-/file-entry-cache-6.0.1.tgz 61188ms attempt #2 (cache miss)
3755 timing reifyNode:node_modules/file-entry-cache Completed in 62370ms
3756 http fetch GET 200 https://registry.npmjs.org/jstransformer/-/jstransformer-1.0.0.tgz 61360ms attempt #2 (cache miss)
3757 timing reifyNode:node_modules/jstransformer Completed in 62403ms
3758 http fetch GET 200 https://registry.npmjs.org/err-code/-/err-code-2.0.3.tgz 61138ms attempt #2 (cache miss)
3759 timing reifyNode:node_modules/err-code Completed in 62378ms
3760 http fetch GET 200 https://registry.npmjs.org/sprintf-js/-/sprintf-js-1.0.3.tgz 61668ms attempt #2 (cache miss)
3761 http fetch GET 200 https://registry.npmjs.org/postcss-selector-parser/-/postcss-selector-parser-6.0.16.tgz 61550ms (cache miss)
3762 timing reifyNode:node_modules/postcss-selector-parser Completed in 62456ms
3763 timing reifyNode:node_modules/is-regex Completed in 62561ms
3764 http fetch GET 200 https://registry.npmjs.org/spdx-exceptions/-/spdx-exceptions-2.5.0.tgz 61805ms attempt #2 (cache miss)
3765 timing reifyNode:node_modules/spdx-exceptions Completed in 62597ms
3766 http fetch GET 200 https://registry.npmjs.org/https-proxy-agent/-/https-proxy-agent-5.0.1.tgz 61434ms attempt #2 (cache miss)
3767 http fetch GET 200 https://registry.npmjs.org/es-shim-unscopables/-/es-shim-unscopables-1.0.2.tgz 61318ms attempt #2 (cache miss)
3768 http fetch GET 200 https://registry.npmjs.org/is-expression/-/is-expression-4.0.0.tgz 61464ms attempt #2 (cache miss)
3769 timing reifyNode:node_modules/is-expression Completed in 62566ms
3770 http fetch GET 200 https://registry.npmjs.org/lodash.merge/-/lodash.merge-4.6.2.tgz 61549ms attempt #2 (cache miss)
3771 timing reifyNode:node_modules/lodash.merge Completed in 62578ms
3772 http fetch GET 200 https://registry.npmjs.org/istanbul-lib-report/-/istanbul-lib-report-3.0.1.tgz 61494ms attempt #2 (cache miss)
3773 timing reifyNode:node_modules/json-schema-ref-resolver Completed in 62579ms
3774 http fetch GET 200 https://registry.npmjs.org/mimic-fn/-/mimic-fn-2.1.0.tgz 61575ms attempt #2 (cache miss)
3775 timing reifyNode:node_modules/mimic-fn Completed in 62584ms
3776 timing reifyNode:node_modules/es-module-lexer Completed in 62579ms
3777 timing reifyNode:node_modules/make-fetch-happen Completed in 62607ms
3778 http fetch GET 200 https://registry.npmjs.org/has-yarn/-/has-yarn-3.0.0.tgz 61507ms attempt #2 (cache miss)
3779 timing reifyNode:node_modules/has-yarn Completed in 62639ms
3780 http fetch GET 200 https://registry.npmjs.org/minipass-collect/-/minipass-collect-1.0.2.tgz 61650ms attempt #2 (cache miss)
3781 timing reifyNode:node_modules/minipass-collect Completed in 62657ms
3782 http fetch GET 200 https://registry.npmjs.org/jstransformer-markdown-it/-/jstransformer-markdown-it-3.0.0.tgz 61615ms attempt #2 (cache miss)
3783 timing reifyNode:node_modules/jstransformer-markdown-it Completed in 62656ms
3784 http fetch GET 200 https://registry.npmjs.org/ipaddr.js/-/ipaddr.js-1.9.1.tgz 61540ms attempt #2 (cache miss)
3785 timing reifyNode:node_modules/ipaddr.js Completed in 62648ms
3786 http fetch GET 200 https://registry.npmjs.org/loader-runner/-/loader-runner-4.3.0.tgz 61627ms attempt #2 (cache miss)
3787 timing reifyNode:node_modules/loader-runner Completed in 62661ms
3788 http fetch GET 200 https://registry.npmjs.org/@jest/core/-/core-29.7.0.tgz 61114ms (cache miss)
3789 timing reifyNode:node_modules/@jest/core Completed in 62611ms
3790 http fetch GET 200 https://registry.npmjs.org/minipass-fetch/-/minipass-fetch-3.0.4.tgz 61712ms attempt #2 (cache miss)
3791 http fetch GET 200 https://registry.npmjs.org/get-caller-file/-/get-caller-file-2.0.5.tgz 61592ms attempt #2 (cache miss)
3792 timing reifyNode:node_modules/get-caller-file Completed in 62752ms
3793 http fetch GET 200 https://registry.npmjs.org/jest-leak-detector/-/jest-leak-detector-29.7.0.tgz 61697ms attempt #2 (cache miss)
3794 timing reifyNode:node_modules/jest-leak-detector Completed in 62766ms
3795 http fetch GET 200 https://registry.npmjs.org/json-schema-traverse/-/json-schema-traverse-0.4.1.tgz 61732ms attempt #2 (cache miss)
3796 timing reifyNode:node_modules/sprintf-js Completed in 62817ms
3797 timing reifyNode:node_modules/jest-util Completed in 62803ms
3798 http fetch GET 200 https://registry.npmjs.org/jest-resolve/-/jest-resolve-29.7.0.tgz 61742ms attempt #2 (cache miss)
3799 http fetch GET 200 https://registry.npmjs.org/define-properties/-/define-properties-1.2.1.tgz 61526ms attempt #2 (cache miss)
3800 http fetch GET 200 https://registry.npmjs.org/constantinople/-/constantinople-4.0.1.tgz 61490ms attempt #2 (cache miss)
3801 http fetch GET 200 https://registry.npmjs.org/json-parse-even-better-errors/-/json-parse-even-better-errors-2.3.1.tgz 61762ms attempt #2 (cache miss)
3802 timing reifyNode:node_modules/json-parse-even-better-errors Completed in 62811ms
3803 http fetch GET 200 https://registry.npmjs.org/dir-glob/-/dir-glob-3.0.1.tgz 61534ms attempt #2 (cache miss)
3804 timing reifyNode:node_modules/dir-glob Completed in 62784ms
3805 http fetch GET 200 https://registry.npmjs.org/http-proxy-agent/-/http-proxy-agent-5.0.0.tgz 61676ms attempt #2 (cache miss)
3806 timing reifyNode:node_modules/http-proxy-agent Completed in 62803ms
3807 http fetch GET 200 https://registry.npmjs.org/fp-and-or/-/fp-and-or-0.1.4.tgz 61633ms attempt #2 (cache miss)
3808 http fetch GET 200 https://registry.npmjs.org/escalade/-/escalade-3.1.1.tgz 61570ms attempt #2 (cache miss)
3809 timing reifyNode:node_modules/escalade Completed in 62793ms
3810 http fetch GET 200 https://registry.npmjs.org/escape-goat/-/escape-goat-4.0.0.tgz 61568ms attempt #2 (cache miss)
3811 timing reifyNode:node_modules/escape-goat Completed in 62794ms
3812 timing reifyNode:node_modules/https-proxy-agent Completed in 62863ms
3813 timing reifyNode:node_modules/es-shim-unscopables Completed in 62850ms
3814 timing reifyNode:node_modules/json-schema-traverse Completed in 62877ms
3815 timing reifyNode:node_modules/jsonparse Completed in 62877ms
3816 http fetch GET 200 https://registry.npmjs.org/fastify-plugin/-/fastify-plugin-3.0.1.tgz 61702ms attempt #2 (cache miss)
3817 timing reifyNode:node_modules/json-stable-stringify-without-jsonify Completed in 62906ms
3818 timing reifyNode:node_modules/define-properties Completed in 62887ms
3819 timing reifyNode:node_modules/minipass-fetch Completed in 62986ms
3820 http fetch GET 200 https://registry.npmjs.org/es-set-tostringtag/-/es-set-tostringtag-2.0.3.tgz 61730ms attempt #2 (cache miss)
3821 timing reifyNode:node_modules/es-set-tostringtag Completed in 62959ms
3822 http fetch GET 200 https://registry.npmjs.org/console-control-strings/-/console-control-strings-1.1.0.tgz 61667ms attempt #2 (cache miss)
3823 timing reifyNode:node_modules/console-control-strings Completed in 62956ms
3824 http fetch GET 200 https://registry.npmjs.org/espree/-/espree-10.0.1.tgz 61811ms attempt #2 (cache miss)
3825 timing reifyNode:node_modules/istanbul-lib-report Completed in 63046ms
3826 http fetch GET 200 https://registry.npmjs.org/@sigstore/protobuf-specs/-/protobuf-specs-0.2.1.tgz 61539ms (cache miss)
3827 timing reifyNode:node_modules/@sigstore/protobuf-specs Completed in 63008ms
3828 timing reifyNode:node_modules/jest-resolve Completed in 63076ms
3829 http fetch GET 200 https://registry.npmjs.org/depd/-/depd-2.0.0.tgz 61798ms attempt #2 (cache miss)
3830 timing reifyNode:node_modules/depd Completed in 63051ms
3831 http fetch GET 200 https://registry.npmjs.org/is-promise/-/is-promise-2.2.2.tgz 61985ms attempt #2 (cache miss)
3832 timing reifyNode:node_modules/is-promise Completed in 63076ms
3833 http fetch GET 200 https://registry.npmjs.org/minipass-flush/-/minipass-flush-1.0.5.tgz 62081ms attempt #2 (cache miss)
3834 timing reifyNode:node_modules/minipass-flush Completed in 63086ms
3835 http fetch GET 200 https://registry.npmjs.org/node-gyp-build/-/node-gyp-build-4.8.0.tgz 62072ms attempt #2 (cache miss)
3836 timing reifyNode:node_modules/node-gyp-build Completed in 63091ms
3837 http fetch GET 200 https://registry.npmjs.org/@nodelib/fs.stat/-/fs.stat-2.0.5.tgz 61550ms attempt #2 (cache miss)
3838 http fetch GET 200 https://registry.npmjs.org/expand-template/-/expand-template-2.0.3.tgz 61864ms attempt #2 (cache miss)
3839 timing reifyNode:node_modules/expand-template Completed in 63065ms
3840 http fetch GET 200 https://registry.npmjs.org/spawn-command/-/spawn-command-0.0.2.tgz 62370ms attempt #2 (cache miss)
3841 http fetch GET 200 https://registry.npmjs.org/es-errors/-/es-errors-1.3.0.tgz 61872ms attempt #2 (cache miss)
3842 http fetch GET 200 https://registry.npmjs.org/esprima/-/esprima-4.0.1.tgz 61910ms attempt #2 (cache miss)
3843 http fetch GET 200 https://registry.npmjs.org/readable-stream/-/readable-stream-4.5.2.tgz 61469ms (cache miss)
3844 timing reifyNode:node_modules/pino-pretty/node_modules/readable-stream Completed in 63178ms
3845 http fetch GET 200 https://registry.npmjs.org/readable-stream/-/readable-stream-4.5.2.tgz 61467ms (cache miss)
3846 timing reifyNode:node_modules/pino-abstract-transport/node_modules/readable-stream Completed in 63181ms
3847 timing reifyNode:node_modules/fastify-plugin Completed in 63154ms
3848 timing reifyNode:node_modules/fp-and-or Completed in 63159ms
3849 http fetch GET 200 https://registry.npmjs.org/mime/-/mime-3.0.0.tgz 62166ms attempt #2 (cache miss)
3850 http fetch GET 200 https://registry.npmjs.org/kind-of/-/kind-of-6.0.3.tgz 62143ms attempt #2 (cache miss)
3851 timing reifyNode:node_modules/kind-of Completed in 63183ms
3852 http fetch GET 200 https://registry.npmjs.org/istanbul-lib-instrument/-/istanbul-lib-instrument-6.0.2.tgz 62124ms attempt #2 (cache miss)
3853 http fetch GET 200 https://registry.npmjs.org/fast-copy/-/fast-copy-3.0.2.tgz 61998ms (cache miss)
3854 timing reifyNode:node_modules/fastq Completed in 63214ms
3855 http fetch GET 200 https://registry.npmjs.org/has-unicode/-/has-unicode-2.0.1.tgz 62087ms attempt #2 (cache miss)
3856 timing reifyNode:node_modules/has-unicode Completed in 63221ms
3857 timing reifyNode:node_modules/spawn-command Completed in 63261ms
3858 timing reifyNode:node_modules/espree Completed in 63255ms
3859 http fetch GET 200 https://registry.npmjs.org/eslint-module-utils/-/eslint-module-utils-2.8.1.tgz 62065ms attempt #2 (cache miss)
3860 http fetch GET 200 https://registry.npmjs.org/is-generator-fn/-/is-generator-fn-2.1.0.tgz 62211ms attempt #2 (cache miss)
3861 timing reifyNode:node_modules/is-generator-fn Completed in 63306ms
3862 http fetch GET 200 https://registry.npmjs.org/hashlru/-/hashlru-2.3.0.tgz 62171ms attempt #2 (cache miss)
3863 timing reifyNode:node_modules/hashlru Completed in 63303ms
3864 http fetch GET 200 https://registry.npmjs.org/is-lambda/-/is-lambda-1.0.1.tgz 62218ms attempt #2 (cache miss)
3865 timing reifyNode:node_modules/is-lambda Completed in 63312ms
3866 http fetch GET 200 https://registry.npmjs.org/is-installed-globally/-/is-installed-globally-0.4.0.tgz 62217ms attempt #2 (cache miss)
3867 timing reifyNode:node_modules/is-installed-globally Completed in 63311ms
3868 http fetch GET 200 https://registry.npmjs.org/has-symbols/-/has-symbols-1.0.3.tgz 62172ms attempt #2 (cache miss)
3869 http fetch GET 200 https://registry.npmjs.org/esrecurse/-/esrecurse-4.3.0.tgz 62088ms attempt #2 (cache miss)
3870 timing reifyNode:node_modules/esrecurse Completed in 63299ms
3871 http fetch GET 200 https://registry.npmjs.org/escape-string-regexp/-/escape-string-regexp-1.0.5.tgz 62088ms attempt #2 (cache miss)
3872 timing reifyNode:node_modules/escape-string-regexp Completed in 63312ms
3873 http fetch GET 200 https://registry.npmjs.org/ini/-/ini-2.0.0.tgz 62219ms attempt #2 (cache miss)
3874 timing reifyNode:node_modules/ini Completed in 63329ms
3875 http fetch GET 200 https://registry.npmjs.org/es-to-primitive/-/es-to-primitive-1.2.1.tgz 62090ms attempt #2 (cache miss)
3876 http fetch GET 200 https://registry.npmjs.org/json-parse-helpfulerror/-/json-parse-helpfulerror-1.0.3.tgz 62295ms attempt #2 (cache miss)
3877 timing reifyNode:node_modules/json-parse-helpfulerror Completed in 63343ms
3878 timing reifyNode:node_modules/esprima Completed in 63322ms
3879 timing reifyNode:node_modules/mime Completed in 63381ms
3880 http fetch GET 200 https://registry.npmjs.org/is-extglob/-/is-extglob-2.1.1.tgz 62277ms attempt #2 (cache miss)
3881 timing reifyNode:node_modules/is-extglob Completed in 63373ms
3882 timing reifyNode:node_modules/constantinople Completed in 63351ms
3883 timing reifyNode:node_modules/istanbul-lib-instrument Completed in 63398ms
3884 timing reifyNode:node_modules/fast-copy Completed in 63393ms
3885 http fetch GET 200 https://registry.npmjs.org/cross-spawn/-/cross-spawn-7.0.3.tgz 62123ms attempt #2 (cache miss)
3886 timing reifyNode:node_modules/cross-spawn Completed in 63404ms
3887 http fetch GET 200 https://registry.npmjs.org/eslint-import-resolver-node/-/eslint-import-resolver-node-0.3.9.tgz 62201ms attempt #2 (cache miss)
3888 timing reifyNode:node_modules/eslint-import-resolver-node Completed in 63422ms
3889 timing reifyNode:node_modules/eslint-module-utils Completed in 63441ms
3890 http fetch GET 200 https://registry.npmjs.org/forwarded/-/forwarded-0.2.0.tgz 62293ms attempt #2 (cache miss)
3891 timing reifyNode:node_modules/forwarded Completed in 63463ms
3892 http fetch GET 200 https://registry.npmjs.org/char-regex/-/char-regex-1.0.2.tgz 62120ms attempt #2 (cache miss)
3893 timing reifyNode:node_modules/char-regex Completed in 63448ms
3894 http fetch GET 200 https://registry.npmjs.org/at-least-node/-/at-least-node-1.0.0.tgz 62076ms attempt #2 (cache miss)
3895 timing reifyNode:node_modules/at-least-node Completed in 63450ms
3896 http fetch GET 200 https://registry.npmjs.org/@jridgewell/set-array/-/set-array-1.2.1.tgz 61951ms attempt #2 (cache miss)
3897 http fetch GET 200 https://registry.npmjs.org/jsonfile/-/jsonfile-6.1.0.tgz 62447ms attempt #2 (cache miss)
3898 timing reifyNode:node_modules/jsonfile Completed in 63493ms
3899 http fetch GET 200 https://registry.npmjs.org/mimic-response/-/mimic-response-1.0.1.tgz 62489ms attempt #2 (cache miss)
3900 timing reifyNode:node_modules/mimic-response Completed in 63498ms
3901 http fetch GET 200 https://registry.npmjs.org/is-typedarray/-/is-typedarray-1.0.0.tgz 62406ms attempt #2 (cache miss)
3902 timing reifyNode:node_modules/is-typedarray Completed in 63491ms
3903 http fetch GET 200 https://registry.npmjs.org/@webassemblyjs/ast/-/ast-1.12.1.tgz 62036ms (cache miss)
3904 timing reifyNode:node_modules/@webassemblyjs/ast Completed in 63459ms
3905 timing reifyNode:node_modules/@jridgewell/set-array Completed in 63485ms
3906 http fetch GET 200 https://registry.npmjs.org/cacheable-request/-/cacheable-request-7.0.2.tgz 62174ms attempt #2 (cache miss)
3907 timing reifyNode:node_modules/cacheable-request Completed in 63508ms
3908 http fetch GET 200 https://registry.npmjs.org/fastify-method-override/-/fastify-method-override-1.5.10.tgz 62340ms attempt #2 (cache miss)
3909 timing reifyNode:node_modules/fastify-method-override Completed in 63527ms
3910 http fetch GET 200 https://registry.npmjs.org/split2/-/split2-3.2.2.tgz 62838ms attempt #2 (cache miss)
3911 timing reifyNode:node_modules/split2 Completed in 63620ms
3912 http fetch GET 200 https://registry.npmjs.org/postcss/-/postcss-8.4.38.tgz 62731ms (cache miss)
3913 timing reifyNode:node_modules/postcss Completed in 63641ms
3914 http fetch GET 200 https://registry.npmjs.org/argparse/-/argparse-1.0.10.tgz 61803ms attempt #2 (cache miss)
3915 http fetch GET 200 https://registry.npmjs.org/kleur/-/kleur-3.0.3.tgz 62591ms attempt #2 (cache miss)
3916 timing reifyNode:node_modules/kleur Completed in 63631ms
3917 http fetch GET 200 https://registry.npmjs.org/event-emitter/-/event-emitter-0.3.5.tgz 62398ms attempt #2 (cache miss)
3918 http fetch GET 200 https://registry.npmjs.org/is-plain-object/-/is-plain-object-2.0.4.tgz 62534ms attempt #2 (cache miss)
3919 timing reifyNode:node_modules/is-plain-object Completed in 63626ms
3920 http fetch GET 200 https://registry.npmjs.org/get-intrinsic/-/get-intrinsic-1.2.4.tgz 62459ms attempt #2 (cache miss)
3921 http fetch GET 200 https://registry.npmjs.org/aggregate-error/-/aggregate-error-3.1.0.tgz 62195ms attempt #2 (cache miss)
3922 timing reifyNode:node_modules/aggregate-error Completed in 63593ms
3923 http fetch GET 200 https://registry.npmjs.org/is-path-inside/-/is-path-inside-3.0.3.tgz 62537ms attempt #2 (cache miss)
3924 timing reifyNode:node_modules/is-path-inside Completed in 63628ms
3925 http fetch GET 200 https://registry.npmjs.org/jackspeak/-/jackspeak-2.3.6.tgz 62563ms attempt #2 (cache miss)
3926 http fetch GET 200 https://registry.npmjs.org/chokidar/-/chokidar-3.5.3.tgz 62288ms attempt #2 (cache miss)
3927 http fetch GET 200 https://registry.npmjs.org/enhanced-resolve/-/enhanced-resolve-5.16.0.tgz 62389ms (cache miss)
3928 timing reifyNode:node_modules/enhanced-resolve Completed in 63630ms
3929 http fetch GET 200 https://registry.npmjs.org/jest-config/-/jest-config-29.7.0.tgz 62595ms attempt #2 (cache miss)
3930 http fetch GET 200 https://registry.npmjs.org/minipass-json-stream/-/minipass-json-stream-1.0.1.tgz 62674ms attempt #2 (cache miss)
3931 timing reifyNode:node_modules/minipass-json-stream Completed in 63678ms
3932 http fetch GET 200 https://registry.npmjs.org/lines-and-columns/-/lines-and-columns-1.2.4.tgz 62642ms attempt #2 (cache miss)
3933 timing reifyNode:node_modules/lines-and-columns Completed in 63677ms
3934 http fetch GET 200 https://registry.npmjs.org/indent-string/-/indent-string-4.0.0.tgz 62554ms attempt #2 (cache miss)
3935 timing reifyNode:node_modules/indent-string Completed in 63667ms
3936 http fetch GET 200 https://registry.npmjs.org/string_decoder/-/string_decoder-1.3.0.tgz 62933ms attempt #2 (cache miss)
3937 timing reifyNode:node_modules/string_decoder Completed in 63716ms
3938 http fetch GET 200 https://registry.npmjs.org/jest-validate/-/jest-validate-29.7.0.tgz 62624ms attempt #2 (cache miss)
3939 http fetch GET 200 https://registry.npmjs.org/keyv/-/keyv-4.5.4.tgz 62646ms attempt #2 (cache miss)
3940 timing reifyNode:node_modules/keyv Completed in 63686ms
3941 http fetch GET 200 https://registry.npmjs.org/jest-cli/-/jest-cli-29.7.0.tgz 62613ms attempt #2 (cache miss)
3942 timing reifyNode:node_modules/jest-cli Completed in 63685ms
3943 http fetch GET 200 https://registry.npmjs.org/imurmurhash/-/imurmurhash-0.1.4.tgz 62567ms attempt #2 (cache miss)
3944 timing reifyNode:node_modules/imurmurhash Completed in 63680ms
3945 http fetch GET 200 https://registry.npmjs.org/linkify-it/-/linkify-it-4.0.1.tgz 62682ms attempt #2 (cache miss)
3946 timing reifyNode:node_modules/linkify-it Completed in 63715ms
3947 http fetch GET 200 https://registry.npmjs.org/concurrently/-/concurrently-8.2.2.tgz 62396ms (cache miss)
3948 timing reifyNode:node_modules/concurrently Completed in 63689ms
3949 http fetch GET 200 https://registry.npmjs.org/jest-haste-map/-/jest-haste-map-29.7.0.tgz 62654ms attempt #2 (cache miss)
3950 timing reifyNode:node_modules/@istanbuljs/load-nyc-config/node_modules/argparse Completed in 63691ms
3951 timing reifyNode:node_modules/has-symbols Completed in 63735ms
3952 timing reifyNode:node_modules/get-intrinsic Completed in 63734ms
3953 http fetch GET 200 https://registry.npmjs.org/minimist/-/minimist-1.2.6.tgz 62750ms attempt #2 (cache miss)
3954 http fetch GET 200 https://registry.npmjs.org/jest-get-type/-/jest-get-type-29.6.3.tgz 62684ms attempt #2 (cache miss)
3955 timing reifyNode:node_modules/jest-get-type Completed in 63753ms
3956 http fetch GET 200 https://registry.npmjs.org/error-ex/-/error-ex-1.3.2.tgz 62493ms attempt #2 (cache miss)
3957 timing reifyNode:node_modules/error-ex Completed in 63733ms
3958 timing reifyNode:node_modules/jest-haste-map Completed in 63761ms
3959 timing reifyNode:node_modules/jackspeak Completed in 63762ms
3960 timing reifyNode:node_modules/chokidar Completed in 63735ms
3961 timing reifyNode:node_modules/foreground-child Completed in 63766ms
3962 timing reifyNode:node_modules/jest-config Completed in 63786ms
3963 http fetch GET 200 https://registry.npmjs.org/event-target-shim/-/event-target-shim-5.0.1.tgz 62560ms attempt #2 (cache miss)
3964 http fetch GET 200 https://registry.npmjs.org/doctrine/-/doctrine-3.0.0.tgz 62513ms attempt #2 (cache miss)
3965 http fetch GET 200 https://registry.npmjs.org/fastify-reverse-routes/-/fastify-reverse-routes-3.0.0.tgz 62592ms attempt #2 (cache miss)
3966 timing reifyNode:node_modules/fastify-reverse-routes Completed in 63776ms
3967 http fetch GET 200 https://registry.npmjs.org/estraverse/-/estraverse-5.3.0.tgz 62558ms attempt #2 (cache miss)
3968 timing reifyNode:node_modules/estraverse Completed in 63772ms
3969 http fetch GET 200 https://registry.npmjs.org/fastify-objectionjs/-/fastify-objectionjs-2.0.1.tgz 62592ms attempt #2 (cache miss)
3970 timing reifyNode:node_modules/fastify-objectionjs Completed in 63778ms
3971 http fetch GET 200 https://registry.npmjs.org/jest-runtime/-/jest-runtime-29.7.0.tgz 62733ms attempt #2 (cache miss)
3972 timing reifyNode:node_modules/jest-runtime Completed in 63794ms
3973 http fetch GET 200 https://registry.npmjs.org/mini-css-extract-plugin/-/mini-css-extract-plugin-2.9.0.tgz 62800ms attempt #2 (cache miss)
3974 timing reifyNode:node_modules/@nodelib/fs.stat Completed in 63773ms
3975 http fetch GET 200 https://registry.npmjs.org/is-boolean-object/-/is-boolean-object-1.1.2.tgz 62716ms attempt #2 (cache miss)
3976 http fetch GET 200 https://registry.npmjs.org/esniff/-/esniff-2.0.1.tgz 62601ms attempt #2 (cache miss)
3977 http fetch GET 200 https://registry.npmjs.org/js-yaml/-/js-yaml-3.14.1.tgz 62027ms (cache miss)
3978 timing reifyNode:node_modules/@istanbuljs/load-nyc-config/node_modules/js-yaml Completed in 63797ms
3979 http fetch GET 200 https://registry.npmjs.org/memoizee/-/memoizee-0.4.15.tgz 62841ms attempt #2 (cache miss)
3980 timing reifyNode:node_modules/memoizee Completed in 63858ms
3981 http fetch GET 200 https://registry.npmjs.org/css-loader/-/css-loader-7.1.1.tgz 62548ms attempt #2 (cache miss)
3982 timing reifyNode:node_modules/es-errors Completed in 63838ms
3983 http fetch GET 200 https://registry.npmjs.org/source-map-support/-/source-map-support-0.5.13.tgz 63107ms attempt #2 (cache miss)
3984 timing reifyNode:node_modules/source-map-support Completed in 63900ms
3985 http fetch GET 200 https://registry.npmjs.org/interpret/-/interpret-2.2.0.tgz 62756ms attempt #2 (cache miss)
3986 timing reifyNode:node_modules/interpret Completed in 63864ms
3987 http fetch GET 200 https://registry.npmjs.org/js-cookie/-/js-cookie-3.0.5.tgz 62822ms attempt #2 (cache miss)
3988 timing reifyNode:node_modules/js-cookie Completed in 63874ms
3989 http fetch GET 200 https://registry.npmjs.org/jsonlines/-/jsonlines-0.1.1.tgz 62833ms attempt #2 (cache miss)
3990 timing reifyNode:node_modules/jsonlines Completed in 63877ms
3991 http fetch GET 200 https://registry.npmjs.org/is-weakref/-/is-weakref-1.0.2.tgz 62788ms attempt #2 (cache miss)
3992 http fetch GET 200 https://registry.npmjs.org/@szmarczak/http-timer/-/http-timer-5.0.1.tgz 62368ms attempt #2 (cache miss)
3993 timing reifyNode:node_modules/@szmarczak/http-timer Completed in 63831ms
3994 http fetch GET 200 https://registry.npmjs.org/http-errors/-/http-errors-2.0.0.tgz 62742ms attempt #2 (cache miss)
3995 timing reifyNode:node_modules/http-errors Completed in 63869ms
3996 http fetch GET 200 https://registry.npmjs.org/@types/yargs-parser/-/yargs-parser-21.0.3.tgz 62412ms attempt #2 (cache miss)
3997 timing reifyNode:node_modules/@types/yargs-parser Completed in 63839ms
3998 http fetch GET 200 https://registry.npmjs.org/ieee754/-/ieee754-1.2.1.tgz 62753ms attempt #2 (cache miss)
3999 timing reifyNode:node_modules/ieee754 Completed in 63873ms
4000 http fetch GET 200 https://registry.npmjs.org/got/-/got-12.3.1.tgz 62732ms (cache miss)
4001 http fetch GET 200 https://registry.npmjs.org/icss-utils/-/icss-utils-5.1.0.tgz 62754ms attempt #2 (cache miss)
4002 timing reifyNode:node_modules/icss-utils Completed in 63876ms
4003 http fetch GET 200 https://registry.npmjs.org/type-fest/-/type-fest-1.4.0.tgz 62107ms (cache miss)
4004 timing reifyNode:node_modules/crypto-random-string/node_modules/type-fest Completed in 63864ms
4005 timing reifyNode:node_modules/event-target-shim Completed in 63879ms
4006 timing reifyNode:node_modules/doctrine Completed in 63876ms
4007 timing reifyNode:node_modules/is-weakref Completed in 63904ms
4008 http fetch GET 200 https://registry.npmjs.org/jest-circus/-/jest-circus-29.7.0.tgz 62831ms attempt #2 (cache miss)
4009 http fetch GET 200 https://registry.npmjs.org/spawn-please/-/spawn-please-2.0.2.tgz 63150ms attempt #2 (cache miss)
4010 timing reifyNode:node_modules/esniff Completed in 63894ms
4011 timing reifyNode:node_modules/mini-css-extract-plugin Completed in 63922ms
4012 timing reifyNode:node_modules/es-to-primitive Completed in 63895ms
4013 http fetch GET 200 https://registry.npmjs.org/jest-diff/-/jest-diff-29.7.0.tgz 62864ms attempt #2 (cache miss)
4014 http fetch GET 200 https://registry.npmjs.org/es-object-atoms/-/es-object-atoms-1.0.0.tgz 62678ms attempt #2 (cache miss)
4015 timing reifyNode:node_modules/is-boolean-object Completed in 63933ms
4016 http fetch GET 200 https://registry.npmjs.org/envinfo/-/envinfo-7.12.0.tgz 62676ms attempt #2 (cache miss)
4017 http fetch GET 200 https://registry.npmjs.org/@lukeed/ms/-/ms-2.0.2.tgz 62406ms attempt #2 (cache miss)
4018 timing reifyNode:node_modules/@lukeed/ms Completed in 63894ms
4019 timing reifyNode:node_modules/got Completed in 63937ms
4020 http fetch GET 200 https://registry.npmjs.org/@fastify/send/-/send-2.1.0.tgz 62383ms (cache miss)
4021 timing reifyNode:node_modules/css-loader Completed in 63946ms
4022 http fetch GET 200 https://registry.npmjs.org/@jridgewell/trace-mapping/-/trace-mapping-0.3.25.tgz 62443ms attempt #2 (cache miss)
4023 http fetch GET 200 https://registry.npmjs.org/convert-source-map/-/convert-source-map-2.0.0.tgz 62666ms attempt #2 (cache miss)
4024 timing reifyNode:node_modules/convert-source-map Completed in 63952ms
4025 http fetch GET 200 https://registry.npmjs.org/minimatch/-/minimatch-9.0.4.tgz 62184ms (cache miss)
4026 http fetch GET 200 https://registry.npmjs.org/uuid/-/uuid-8.3.2.tgz 63320ms (cache miss)
4027 timing reifyNode:node_modules/uuid Completed in 64046ms
4028 timing reifyNode:node_modules/jest-validate Completed in 64014ms
4029 timing reifyNode:node_modules/envinfo Completed in 63991ms
4030 timing reifyNode:node_modules/jest-circus Completed in 64015ms
4031 http fetch GET 200 https://registry.npmjs.org/minimatch/-/minimatch-9.0.1.tgz 62246ms (cache miss)
4032 timing reifyNode:node_modules/jest-diff Completed in 64039ms
4033 timing reifyNode:node_modules/es-object-atoms Completed in 64018ms
4034 http fetch GET 200 https://registry.npmjs.org/eslint-config-airbnb-base/-/eslint-config-airbnb-base-15.0.0.tgz 62808ms attempt #2 (cache miss)
4035 timing reifyNode:node_modules/@fastify/send Completed in 64000ms
4036 http fetch GET 200 https://registry.npmjs.org/minimatch/-/minimatch-9.0.4.tgz 62313ms (cache miss)
4037 timing reifyNode:node_modules/@jridgewell/trace-mapping Completed in 64030ms
4038 http fetch GET 200 https://registry.npmjs.org/prebuild-install 4092ms (cache miss)
4039 timing metavuln:packument:prebuild-install Completed in 4094ms
4040 timing metavuln:load:security-advisory:prebuild-install:cvuUIK3mvYU/u7TShVqDjuuoWy7Jgl2iyysqZzndeGLLwvbCDiePQ/rot9wwSNqpYc8yRaszF/7dU1Uelp1dUw== Completed in 0ms
4041 timing reifyNode:node_modules/@tufjs/models/node_modules/minimatch Completed in 64044ms
4042 timing reifyNode:node_modules/editorconfig/node_modules/minimatch Completed in 64080ms
4043 timing reifyNode:node_modules/eslint-config-airbnb-base Completed in 64095ms
4044 http fetch GET 200 https://registry.npmjs.org/minimatch/-/minimatch-9.0.4.tgz 62372ms (cache miss)
4045 timing reifyNode:node_modules/glob/node_modules/minimatch Completed in 64111ms
4046 timing reifyNode:node_modules/event-emitter Completed in 64112ms
4047 http fetch GET 200 https://registry.npmjs.org/@babel/generator/-/generator-7.24.4.tgz 62517ms (cache miss)
4048 timing reifyNode:node_modules/@babel/generator Completed in 64081ms
4049 timing reifyNode:node_modules/spawn-please Completed in 64172ms
4050 timing reifyNode:node_modules/ignore-walk/node_modules/minimatch Completed in 64148ms
4051 http fetch GET 200 https://registry.npmjs.org/minimatch/-/minimatch-9.0.4.tgz 62441ms (cache miss)
4052 http fetch GET 200 https://registry.npmjs.org/@sigstore/sign/-/sign-1.0.0.tgz 62663ms (cache miss)
4053 timing reifyNode:node_modules/minimist Completed in 64197ms
4054 timing reifyNode:node_modules/npm-check-updates/node_modules/minimatch Completed in 64228ms
4055 timing reifyNode:node_modules/@sigstore/sign Completed in 64184ms
4056 http fetch GET 200 https://registry.npmjs.org/@bcoe/v8-coverage/-/v8-coverage-0.2.3.tgz 62655ms (cache miss)
4057 http fetch GET 200 https://registry.npmjs.org/@eslint/eslintrc/-/eslintrc-3.0.2.tgz 62660ms (cache miss)
4058 timing reifyNode:node_modules/@eslint/eslintrc Completed in 64180ms
4059 http fetch GET 200 https://registry.npmjs.org/esm/-/esm-3.2.25.tgz 63010ms attempt #2 (cache miss)
4060 timing reifyNode:node_modules/esm Completed in 64225ms
4061 http fetch GET 200 https://registry.npmjs.org/uri-js/-/uri-js-4.4.1.tgz 63577ms (cache miss)
4062 http fetch GET 200 https://registry.npmjs.org/prompts/-/prompts-2.4.2.tgz 63409ms (cache miss)
4063 timing reifyNode:node_modules/prompts Completed in 64305ms
4064 http fetch GET 200 https://registry.npmjs.org/@eslint/eslintrc/-/eslintrc-2.1.4.tgz 62505ms (cache miss)
4065 timing reifyNode:node_modules/eslint/node_modules/@eslint/eslintrc Completed in 64265ms
4066 timing reifyNode:node_modules/@bcoe/v8-coverage Completed in 64255ms
4067 timing reifyNode:node_modules/uri-js Completed in 64387ms
4068 http fetch GET 200 https://registry.npmjs.org/events/-/events-3.3.0.tgz 63122ms attempt #2 (cache miss)
4069 http fetch GET 200 https://registry.npmjs.org/json5/-/json5-2.2.3.tgz 63334ms attempt #2 (cache miss)
4070 timing metavuln:cache:put:security-advisory:prebuild-install:jRqqdHWbOREw15H5SdurWE62CscvPSSYzDYeqtuoOjAS5T4a/EWVlt/5yu0vDTLEYuFXij3+w7qsCx2Gdyt/0A== Completed in 318ms
4071 timing metavuln:calculate:security-advisory:prebuild-install:cvuUIK3mvYU/u7TShVqDjuuoWy7Jgl2iyysqZzndeGLLwvbCDiePQ/rot9wwSNqpYc8yRaszF/7dU1Uelp1dUw== Completed in 4414ms
4072 http fetch GET 200 https://registry.npmjs.org/pino-pretty/-/pino-pretty-11.0.0.tgz 63508ms (cache miss)
4073 timing reifyNode:node_modules/events Completed in 64393ms
4074 timing metavuln:cache:get:security-advisory:sequelize:WP/J+bn63vzyhlFPu4gR5kILxEgdoa3SkHTx4OxjNEQkXzXPPFWVnAe7UrJ7qQH9YqkETnZXjCoBObFPCIcNYg== Completed in 16ms
4075 timing metavuln:load:security-advisory:sequelize:IkyJOqfhkev0E9tRX4zbgkqtsxJX67cd4upO2f1EheDpncnx522qyf9oLyXwjDcWGeZOQHSqJUAh/kUyYH60qQ== Completed in 38ms
4076 http fetch GET 200 https://registry.npmjs.org/light-my-request/-/light-my-request-5.13.0.tgz 63428ms attempt #2 (cache miss)
4077 http fetch GET 200 https://registry.npmjs.org/acorn/-/acorn-8.11.3.tgz 63029ms attempt #2 (cache miss)
4078 http fetch GET 200 https://registry.npmjs.org/type-fest/-/type-fest-2.19.0.tgz 62673ms (cache miss)
4079 timing reifyNode:node_modules/boxen/node_modules/type-fest Completed in 64436ms
4080 http fetch GET 200 https://registry.npmjs.org/pino-pretty/-/pino-pretty-10.3.1.tgz 62714ms (cache miss)
4081 timing reifyNode:node_modules/json5 Completed in 64479ms
4082 timing reifyNode:node_modules/acorn Completed in 64450ms
4083 timing reifyNode:node_modules/pino-pretty Completed in 64527ms
4084 timing reifyNode:node_modules/light-my-request Completed in 64523ms
4085 timing reifyNode:node_modules/fastify-cli/node_modules/pino-pretty Completed in 64509ms
4086 http fetch GET 200 https://registry.npmjs.org/fs-extra/-/fs-extra-9.1.0.tgz 63360ms attempt #2 (cache miss)
4087 http fetch GET 200 https://registry.npmjs.org/acorn/-/acorn-7.4.1.tgz 62811ms (cache miss)
4088 timing reifyNode:node_modules/is-expression/node_modules/acorn Completed in 64544ms
4089 timing reifyNode:node_modules/fs-extra Completed in 64575ms
4090 http fetch GET 200 https://registry.npmjs.org/glob/-/glob-10.3.12.tgz 63481ms (cache miss)
4091 http fetch GET 200 https://registry.npmjs.org/pure-rand/-/pure-rand-6.1.0.tgz 63811ms (cache miss)
4092 timing reifyNode:node_modules/glob Completed in 64673ms
4093 timing reifyNode:node_modules/pure-rand Completed in 64713ms
4094 timing metavuln:cache:put:security-advisory:sequelize:WP/J+bn63vzyhlFPu4gR5kILxEgdoa3SkHTx4OxjNEQkXzXPPFWVnAe7UrJ7qQH9YqkETnZXjCoBObFPCIcNYg== Completed in 298ms
4095 timing metavuln:calculate:security-advisory:sequelize:IkyJOqfhkev0E9tRX4zbgkqtsxJX67cd4upO2f1EheDpncnx522qyf9oLyXwjDcWGeZOQHSqJUAh/kUyYH60qQ== Completed in 352ms
4096 timing metavuln:cache:get:security-advisory:@webpack-cli/configtest:b4m8NuooYTIA52NRofpykXKsNJXhI/hZokfJmZK3eMyZ91+Gy7N4DTPkKnSOjHMTDNtz3tKcpUaQlXgYolFajw== Completed in 27ms
4097 timing metavuln:cache:get:security-advisory:@webpack-cli/info:4Ds6078ZextuCWT6jXrsLa2Pd6hu32g4nY8H0+T8m+aNKVhEB+52Q1eUKB1D7t/Yrw589oA8B9wCx3mYH5Czxg== Completed in 26ms
4098 timing metavuln:cache:get:security-advisory:@webpack-cli/serve:P+MTiTWti/cexrtrDQJD8+RBcrtMy6Jp7vN92Es/wHBog8SMX86eBjTDijQuCnC+gyaCX0FrEqKPYrcWHqsQUA== Completed in 25ms
4099 timing metavuln:cache:get:security-advisory:css-loader:Ow76q8hhhU3MvyLxgnm1y/zYo7Fm99dr11gKzfApuH8ncvHl4guATrwKI/IqfjYipYNSdQJKvS0ecZLpxoiVmQ== Completed in 25ms
4100 timing metavuln:load:security-advisory:css-loader:IzHFkMfHDC+SV3IL23ZHngntgLDUgyESA9Ge8Mh5rKNVcDpaWLuTZIcoUJg4/bAH+BQlnDzJ4nLfJCy6fOIM0A== Completed in 24ms
4101 timing metavuln:cache:get:security-advisory:mini-css-extract-plugin:G55y4j6io8Q0QytwZFEND0SCeOlZDD4Vj1H2U/A+S3fJbvRCbCyz3KTSkkMgsfR41LScHaNAhK7X/sWIKBGcAw== Completed in 49ms
4102 timing metavuln:cache:get:security-advisory:style-loader://zsLE/rNXdfMckNmpQNmCoWkrP2Nf7A28LGm4q43CiVrFNuxtrmx0tN+1t0mRm8jyGzzBYXQ9oXn2Zl71qHDA== Completed in 49ms
4103 timing metavuln:cache:get:security-advisory:terser-webpack-plugin:OYMC0geGD8QKOno0urEqU4CzSfBbjPVdXorYRugje09dSj0v95b22iyrJDHHzhuhDvgdM+pkY+8LIQ1bjQveVw== Completed in 48ms
4104 timing metavuln:load:security-advisory:terser-webpack-plugin:IzHFkMfHDC+SV3IL23ZHngntgLDUgyESA9Ge8Mh5rKNVcDpaWLuTZIcoUJg4/bAH+BQlnDzJ4nLfJCy6fOIM0A== Completed in 4ms
4105 timing metavuln:cache:get:security-advisory:webpack-cli:NppzCdkvi81KMTMlBTFbaCoFY8gtVck+ljspUq01iJFvWJ0Elli7ukXQBmz7c1UtSEy7ZuJxrJ2UZIkY/mZfhg== Completed in 53ms
4106 timing metavuln:load:security-advisory:webpack-cli:IzHFkMfHDC+SV3IL23ZHngntgLDUgyESA9Ge8Mh5rKNVcDpaWLuTZIcoUJg4/bAH+BQlnDzJ4nLfJCy6fOIM0A== Completed in 31ms
4107 http fetch GET 200 https://registry.npmjs.org/graphemer/-/graphemer-1.4.0.tgz 63717ms attempt #2 (cache miss)
4108 http fetch GET 200 https://registry.npmjs.org/esquery/-/esquery-1.5.0.tgz 63649ms attempt #2 (cache miss)
4109 timing reifyNode:node_modules/esquery Completed in 64862ms
4110 timing reifyNode:node_modules/graphemer Completed in 64894ms
4111 http fetch GET 200 https://registry.npmjs.org/i18next/-/i18next-23.11.2.tgz 63828ms attempt #2 (cache miss)
4112 timing reifyNode:node_modules/i18next Completed in 64951ms
4113 http fetch GET 200 https://registry.npmjs.org/neo-async/-/neo-async-2.6.2.tgz 64002ms (cache miss)
4114 timing reifyNode:node_modules/neo-async Completed in 64997ms
4115 http fetch GET 200 https://registry.npmjs.org/iconv-lite/-/iconv-lite-0.6.3.tgz 63879ms attempt #2 (cache miss)
4116 http fetch GET 200 https://registry.npmjs.org/ext/-/ext-1.7.0.tgz 63825ms attempt #2 (cache miss)
4117 http fetch GET 200 https://registry.npmjs.org/@babel/traverse/-/traverse-7.24.1.tgz 63474ms (cache miss)
4118 timing reifyNode:node_modules/@babel/traverse Completed in 64998ms
4119 timing reifyNode:node_modules/iconv-lite Completed in 65056ms
4120 timing reifyNode:node_modules/ext Completed in 65072ms
4121 http fetch GET 200 https://registry.npmjs.org/source-map/-/source-map-0.6.1.tgz 64327ms attempt #2 (cache miss)
4122 timing reifyNode:node_modules/source-map Completed in 65122ms
4123 timing metavuln:cache:put:security-advisory:css-loader:Ow76q8hhhU3MvyLxgnm1y/zYo7Fm99dr11gKzfApuH8ncvHl4guATrwKI/IqfjYipYNSdQJKvS0ecZLpxoiVmQ== Completed in 326ms
4124 timing metavuln:calculate:security-advisory:css-loader:IzHFkMfHDC+SV3IL23ZHngntgLDUgyESA9Ge8Mh5rKNVcDpaWLuTZIcoUJg4/bAH+BQlnDzJ4nLfJCy6fOIM0A== Completed in 375ms
4125 timing metavuln:cache:put:security-advisory:terser-webpack-plugin:OYMC0geGD8QKOno0urEqU4CzSfBbjPVdXorYRugje09dSj0v95b22iyrJDHHzhuhDvgdM+pkY+8LIQ1bjQveVw== Completed in 324ms
4126 timing metavuln:calculate:security-advisory:terser-webpack-plugin:IzHFkMfHDC+SV3IL23ZHngntgLDUgyESA9Ge8Mh5rKNVcDpaWLuTZIcoUJg4/bAH+BQlnDzJ4nLfJCy6fOIM0A== Completed in 376ms
4127 timing metavuln:cache:put:security-advisory:webpack-cli:NppzCdkvi81KMTMlBTFbaCoFY8gtVck+ljspUq01iJFvWJ0Elli7ukXQBmz7c1UtSEy7ZuJxrJ2UZIkY/mZfhg== Completed in 295ms
4128 timing metavuln:calculate:security-advisory:webpack-cli:IzHFkMfHDC+SV3IL23ZHngntgLDUgyESA9Ge8Mh5rKNVcDpaWLuTZIcoUJg4/bAH+BQlnDzJ4nLfJCy6fOIM0A== Completed in 379ms
4129 http fetch GET 200 https://registry.npmjs.org/fast-glob/-/fast-glob-3.2.11.tgz 63937ms attempt #2 (cache miss)
4130 http fetch GET 200 https://registry.npmjs.org/js-yaml/-/js-yaml-4.1.0.tgz 64154ms attempt #2 (cache miss)
4131 timing reifyNode:node_modules/js-yaml Completed in 65203ms
4132 timing reifyNode:node_modules/fast-glob Completed in 65186ms
4133 http fetch GET 200 https://registry.npmjs.org/@webpack-cli%2fconfigtest 531ms (cache miss)
4134 timing metavuln:packument:@webpack-cli/configtest Completed in 534ms
4135 timing metavuln:load:security-advisory:@webpack-cli/configtest:IzHFkMfHDC+SV3IL23ZHngntgLDUgyESA9Ge8Mh5rKNVcDpaWLuTZIcoUJg4/bAH+BQlnDzJ4nLfJCy6fOIM0A== Completed in 0ms
4136 http fetch GET 200 https://registry.npmjs.org/@sinclair/typebox/-/typebox-0.27.8.tgz 63812ms attempt #2 (cache miss)
4137 http fetch GET 200 https://registry.npmjs.org/@webpack-cli%2fserve 571ms (cache miss)
4138 timing metavuln:packument:@webpack-cli/serve Completed in 573ms
4139 timing metavuln:load:security-advisory:@webpack-cli/serve:IzHFkMfHDC+SV3IL23ZHngntgLDUgyESA9Ge8Mh5rKNVcDpaWLuTZIcoUJg4/bAH+BQlnDzJ4nLfJCy6fOIM0A== Completed in 1ms
4140 http fetch GET 200 https://registry.npmjs.org/style-loader 613ms (cache miss)
4141 timing metavuln:packument:style-loader Completed in 616ms
4142 timing metavuln:load:security-advisory:style-loader:IzHFkMfHDC+SV3IL23ZHngntgLDUgyESA9Ge8Mh5rKNVcDpaWLuTZIcoUJg4/bAH+BQlnDzJ4nLfJCy6fOIM0A== Completed in 1ms
4143 http fetch GET 200 https://registry.npmjs.org/@fastify/view/-/view-9.0.0.tgz 63818ms (cache miss)
4144 timing reifyNode:node_modules/@fastify/view Completed in 65330ms
4145 timing reifyNode:node_modules/@sinclair/typebox Completed in 65363ms
4146 http fetch GET 200 https://registry.npmjs.org/rimraf/-/rimraf-5.0.5.tgz 63722ms (cache miss)
4147 http fetch GET 200 https://registry.npmjs.org/db-errors/-/db-errors-0.2.3.tgz 64161ms (cache miss)
4148 timing reifyNode:node_modules/npm-check-updates/node_modules/rimraf Completed in 65483ms
4149 http fetch GET 200 https://registry.npmjs.org/@webpack-cli%2finfo 732ms (cache miss)
4150 timing metavuln:packument:@webpack-cli/info Completed in 735ms
4151 timing metavuln:load:security-advisory:@webpack-cli/info:IzHFkMfHDC+SV3IL23ZHngntgLDUgyESA9Ge8Mh5rKNVcDpaWLuTZIcoUJg4/bAH+BQlnDzJ4nLfJCy6fOIM0A== Completed in 1ms
4152 http fetch GET 200 https://registry.npmjs.org/mini-css-extract-plugin 735ms (cache miss)
4153 timing metavuln:packument:mini-css-extract-plugin Completed in 737ms
4154 timing metavuln:load:security-advisory:mini-css-extract-plugin:IzHFkMfHDC+SV3IL23ZHngntgLDUgyESA9Ge8Mh5rKNVcDpaWLuTZIcoUJg4/bAH+BQlnDzJ4nLfJCy6fOIM0A== Completed in 5ms
4155 timing reifyNode:node_modules/db-errors Completed in 65479ms
4156 timing metavuln:cache:put:security-advisory:@webpack-cli/configtest:b4m8NuooYTIA52NRofpykXKsNJXhI/hZokfJmZK3eMyZ91+Gy7N4DTPkKnSOjHMTDNtz3tKcpUaQlXgYolFajw== Completed in 296ms
4157 timing metavuln:calculate:security-advisory:@webpack-cli/configtest:IzHFkMfHDC+SV3IL23ZHngntgLDUgyESA9Ge8Mh5rKNVcDpaWLuTZIcoUJg4/bAH+BQlnDzJ4nLfJCy6fOIM0A== Completed in 831ms
4158 http fetch GET 200 https://registry.npmjs.org/js-beautify/-/js-beautify-1.15.1.tgz 64623ms (cache miss)
4159 timing reifyNode:node_modules/js-beautify Completed in 65676ms
4160 timing metavuln:cache:put:security-advisory:style-loader://zsLE/rNXdfMckNmpQNmCoWkrP2Nf7A28LGm4q43CiVrFNuxtrmx0tN+1t0mRm8jyGzzBYXQ9oXn2Zl71qHDA== Completed in 321ms
4161 timing metavuln:calculate:security-advisory:style-loader:IzHFkMfHDC+SV3IL23ZHngntgLDUgyESA9Ge8Mh5rKNVcDpaWLuTZIcoUJg4/bAH+BQlnDzJ4nLfJCy6fOIM0A== Completed in 940ms
4162 timing metavuln:cache:put:security-advisory:@webpack-cli/serve:P+MTiTWti/cexrtrDQJD8+RBcrtMy6Jp7vN92Es/wHBog8SMX86eBjTDijQuCnC+gyaCX0FrEqKPYrcWHqsQUA== Completed in 372ms
4163 timing metavuln:calculate:security-advisory:@webpack-cli/serve:IzHFkMfHDC+SV3IL23ZHngntgLDUgyESA9Ge8Mh5rKNVcDpaWLuTZIcoUJg4/bAH+BQlnDzJ4nLfJCy6fOIM0A== Completed in 946ms
4164 http fetch GET 200 https://registry.npmjs.org/ajv-keywords/-/ajv-keywords-5.1.0.tgz 64097ms (cache miss)
4165 timing reifyNode:node_modules/schema-utils/node_modules/ajv-keywords Completed in 65816ms
4166 timing metavuln:cache:put:security-advisory:@webpack-cli/info:4Ds6078ZextuCWT6jXrsLa2Pd6hu32g4nY8H0+T8m+aNKVhEB+52Q1eUKB1D7t/Yrw589oA8B9wCx3mYH5Czxg== Completed in 295ms
4167 timing metavuln:calculate:security-advisory:@webpack-cli/info:IzHFkMfHDC+SV3IL23ZHngntgLDUgyESA9Ge8Mh5rKNVcDpaWLuTZIcoUJg4/bAH+BQlnDzJ4nLfJCy6fOIM0A== Completed in 1031ms
4168 timing metavuln:cache:put:security-advisory:mini-css-extract-plugin:G55y4j6io8Q0QytwZFEND0SCeOlZDD4Vj1H2U/A+S3fJbvRCbCyz3KTSkkMgsfR41LScHaNAhK7X/sWIKBGcAw== Completed in 293ms
4169 timing metavuln:calculate:security-advisory:mini-css-extract-plugin:IzHFkMfHDC+SV3IL23ZHngntgLDUgyESA9Ge8Mh5rKNVcDpaWLuTZIcoUJg4/bAH+BQlnDzJ4nLfJCy6fOIM0A== Completed in 1035ms
4170 timing metavuln:cache:get:security-advisory:make-fetch-happen:JS1eDAsaQnkSC/rAJ1kHDn4UjWqf1f7567HyV/oKSVvssuR/kR60hXTseVc1ROXD8kOdIPeD9ut6fRzIhPTZuw== Completed in 9ms
4171 http fetch GET 200 https://registry.npmjs.org/istanbul-reports/-/istanbul-reports-3.1.7.tgz 64782ms attempt #2 (cache miss)
4172 timing reifyNode:node_modules/istanbul-reports Completed in 65861ms
4173 http fetch GET 200 https://registry.npmjs.org/markdown-it/-/markdown-it-13.0.2.tgz 64868ms attempt #2 (cache miss)
4174 http fetch GET 200 https://registry.npmjs.org/@types/validator/-/validator-13.11.9.tgz 64435ms (cache miss)
4175 timing reifyNode:node_modules/markdown-it Completed in 65929ms
4176 timing reifyNode:node_modules/@types/validator Completed in 65954ms
4177 http fetch GET 200 https://registry.npmjs.org/find-my-way/-/find-my-way-8.1.0.tgz 65082ms attempt #2 (cache miss)
4178 timing reifyNode:node_modules/find-my-way Completed in 66279ms
4179 http fetch GET 200 https://registry.npmjs.org/resolve/-/resolve-1.22.8.tgz 65507ms (cache miss)
4180 timing reifyNode:node_modules/resolve Completed in 66348ms
4181 http fetch GET 200 https://registry.npmjs.org/type/-/type-2.7.2.tgz 65656ms (cache miss)
4182 timing reifyNode:node_modules/type Completed in 66443ms
4183 http fetch GET 200 https://registry.npmjs.org/make-fetch-happen 661ms (cache miss)
4184 timing metavuln:packument:make-fetch-happen Completed in 664ms
4185 timing metavuln:load:security-advisory:make-fetch-happen:yWh+WsUCdzVUoHJ+ukHX3VBWHgc+bzFCiNYaEHuuvW29uVMpISqXUxRqbG/B55MQ8eiu9zSwUnABxh5qJf1U0w== Completed in 3ms
4186 http fetch GET 200 https://registry.npmjs.org/generify/-/generify-4.2.0.tgz 65301ms attempt #2 (cache miss)
4187 timing reifyNode:node_modules/generify Completed in 66493ms
4188 http fetch GET 200 https://registry.npmjs.org/@fastify/static/-/static-7.0.3.tgz 64954ms (cache miss)
4189 timing reifyNode:node_modules/@fastify/static Completed in 66496ms
4190 http fetch GET 200 https://registry.npmjs.org/@types/node/-/node-20.12.7.tgz 65101ms (cache miss)
4191 timing reifyNode:node_modules/@types/node Completed in 66544ms
4192 timing metavuln:cache:put:security-advisory:make-fetch-happen:JS1eDAsaQnkSC/rAJ1kHDn4UjWqf1f7567HyV/oKSVvssuR/kR60hXTseVc1ROXD8kOdIPeD9ut6fRzIhPTZuw== Completed in 153ms
4193 timing metavuln:calculate:security-advisory:make-fetch-happen:yWh+WsUCdzVUoHJ+ukHX3VBWHgc+bzFCiNYaEHuuvW29uVMpISqXUxRqbG/B55MQ8eiu9zSwUnABxh5qJf1U0w== Completed in 820ms
4194 timing metavuln:cache:get:security-advisory:js-beautify:mVGwaR1hJpSySFGv5ENPLe2MXyLsuhCYccBRXwHzfIZ1FRuXcQpYf7sIInN7YhD/b7MqhQlEML2TlWJFU2xw9w== Completed in 15ms
4195 timing metavuln:load:security-advisory:js-beautify:/pief47seGDBHnUOHcdf4vh8S5av/gmYGMH6T5uy3DhJchX5AykoNsEcl2U0K2kYnXDy3Q1HW14AEdN7s+Mmhw== Completed in 4ms
4196 http fetch GET 200 https://registry.npmjs.org/ajv/-/ajv-6.12.6.tgz 65286ms attempt #2 (cache miss)
4197 timing reifyNode:node_modules/ajv Completed in 66701ms
4198 http fetch GET 200 https://registry.npmjs.org/moment-timezone/-/moment-timezone-0.5.45.tgz 65760ms (cache miss)
4199 timing reifyNode:node_modules/moment-timezone Completed in 66760ms
4200 http fetch GET 200 https://registry.npmjs.org/@babel/core/-/core-7.24.4.tgz 65134ms (cache miss)
4201 timing reifyNode:node_modules/@babel/core Completed in 66699ms
4202 timing metavuln:cache:put:security-advisory:js-beautify:mVGwaR1hJpSySFGv5ENPLe2MXyLsuhCYccBRXwHzfIZ1FRuXcQpYf7sIInN7YhD/b7MqhQlEML2TlWJFU2xw9w== Completed in 165ms
4203 timing metavuln:calculate:security-advisory:js-beautify:/pief47seGDBHnUOHcdf4vh8S5av/gmYGMH6T5uy3DhJchX5AykoNsEcl2U0K2kYnXDy3Q1HW14AEdN7s+Mmhw== Completed in 228ms
4204 timing metavuln:cache:get:security-advisory:fastify:lycCXiLX7WYkPGWyOZfK/x2MyEabGa58Yp0NN6fq6Yb6R/bh9aYOAn3zOTXTfsMH3UEP1cjjw4Kj5YdQJT91Fg== Completed in 11ms
4205 timing metavuln:load:security-advisory:fastify:UfYeYMGFnlVOh6z1dqFizSqjGi7YyyQMRc3JQ1VnZ/OBVx1zGC6e+b6mEKG/IaRMMtjP5WJ2749QJ6iB38mozA== Completed in 21ms
4206 http fetch GET 200 https://registry.npmjs.org/@babel/runtime/-/runtime-7.24.4.tgz 65336ms (cache miss)
4207 timing reifyNode:node_modules/@babel/runtime Completed in 66869ms
4208 http fetch GET 200 https://registry.npmjs.org/eslint-plugin-import/-/eslint-plugin-import-2.29.1.tgz 65742ms attempt #2 (cache miss)
4209 timing reifyNode:node_modules/eslint-plugin-import Completed in 66979ms
4210 http fetch GET 200 https://registry.npmjs.org/sqlite3/-/sqlite3-5.1.7.tgz 66279ms attempt #2 (cache miss)
4211 timing metavuln:cache:put:security-advisory:fastify:lycCXiLX7WYkPGWyOZfK/x2MyEabGa58Yp0NN6fq6Yb6R/bh9aYOAn3zOTXTfsMH3UEP1cjjw4Kj5YdQJT91Fg== Completed in 155ms
4212 timing metavuln:calculate:security-advisory:fastify:UfYeYMGFnlVOh6z1dqFizSqjGi7YyyQMRc3JQ1VnZ/OBVx1zGC6e+b6mEKG/IaRMMtjP5WJ2749QJ6iB38mozA== Completed in 187ms
4213 timing metavuln:cache:get:security-advisory:fastify-error-page:jFLobgupm1ygdOxTlUvCIArNYaFGGKBaaLAoJ8OKqbKNtBGSdJkKNTpzczRFYEIoK/2FzNs3+s9I4+12F+M70A== Completed in 13ms
4214 timing reifyNode:node_modules/sqlite3 Completed in 67099ms
4215 http fetch GET 200 https://registry.npmjs.org/jquery/-/jquery-3.7.1.tgz 66061ms (cache miss)
4216 timing reifyNode:node_modules/jquery Completed in 67114ms
4217 http fetch GET 200 https://registry.npmjs.org/@vscode/sqlite3/-/sqlite3-5.1.2.tgz 65651ms (cache miss)
4218 timing reifyNode:node_modules/@vscode/sqlite3 Completed in 67101ms
4219 http fetch GET 200 https://registry.npmjs.org/pino/-/pino-8.20.0.tgz 66709ms (cache miss)
4220 http fetch GET 200 https://registry.npmjs.org/fastify-error-page 584ms (cache miss)
4221 timing metavuln:packument:fastify-error-page Completed in 586ms
4222 timing metavuln:load:security-advisory:fastify-error-page:GCj7wAVwXmpdpHsZ3FBltk4ddq703nJZceXkq77o3f+gaNLubEhWMdGOuTbsQUIPAj4PXvzoyIJlnaLab4wWyA== Completed in 1ms
4223 http fetch GET 200 https://registry.npmjs.org/validator/-/validator-13.11.0.tgz 66950ms (cache miss)
4224 timing reifyNode:node_modules/validator Completed in 67673ms
4225 timing reifyNode:node_modules/pino Completed in 67696ms
4226 timing metavuln:cache:put:security-advisory:fastify-error-page:jFLobgupm1ygdOxTlUvCIArNYaFGGKBaaLAoJ8OKqbKNtBGSdJkKNTpzczRFYEIoK/2FzNs3+s9I4+12F+M70A== Completed in 243ms
4227 timing metavuln:calculate:security-advisory:fastify-error-page:GCj7wAVwXmpdpHsZ3FBltk4ddq703nJZceXkq77o3f+gaNLubEhWMdGOuTbsQUIPAj4PXvzoyIJlnaLab4wWyA== Completed in 831ms
4228 timing metavuln:cache:get:security-advisory:@fastify/fast-json-stringify-compiler:T3idCMwXfKJ4rLtTut5bnrsntfUdXCYDpZKzUJyIAvWDpoPZOIfNdKQ1eIaBPrlU5bnqZyBttQagt+CrNwOZcw== Completed in 9ms
4229 timing metavuln:cache:get:security-advisory:fastify:6R1W3FtPA9aJo7Mc/sjV5YYHWDIcez+643gilAiPVIfoxhVI6DDIbE/T+5uDhp/7/J4lXUelNeaK6gsY9N56cQ== Completed in 8ms
4230 timing metavuln:load:security-advisory:fastify:q9N71XWnBsJPqDKKgJP1GNWXnkQo9q/JN3xbepBBgUqODg37eZxtAOMt/wu8fusgAG3qrD2wmdkX4s3QRv5oeg== Completed in 19ms
4231 http fetch GET 200 https://registry.npmjs.org/npm-check-updates/-/npm-check-updates-16.14.18.tgz 67005ms (cache miss)
4232 timing reifyNode:node_modules/npm-check-updates Completed in 68012ms
4233 http fetch GET 200 https://registry.npmjs.org/objection/-/objection-3.1.4.tgz 67058ms (cache miss)
4234 timing reifyNode:node_modules/objection Completed in 68024ms
4235 timing metavuln:cache:put:security-advisory:fastify:6R1W3FtPA9aJo7Mc/sjV5YYHWDIcez+643gilAiPVIfoxhVI6DDIbE/T+5uDhp/7/J4lXUelNeaK6gsY9N56cQ== Completed in 126ms
4236 timing metavuln:calculate:security-advisory:fastify:q9N71XWnBsJPqDKKgJP1GNWXnkQo9q/JN3xbepBBgUqODg37eZxtAOMt/wu8fusgAG3qrD2wmdkX4s3QRv5oeg== Completed in 153ms
4237 http fetch GET 200 https://registry.npmjs.org/node-gyp/-/node-gyp-9.4.1.tgz 67049ms (cache miss)
4238 timing reifyNode:node_modules/node-gyp Completed in 68058ms
4239 http fetch GET 200 https://registry.npmjs.org/knex/-/knex-2.5.1.tgz 66532ms (cache miss)
4240 timing reifyNode:node_modules/fastify-objectionjs/node_modules/knex Completed in 68275ms
4241 http fetch GET 200 https://registry.npmjs.org/fastify-cli/-/fastify-cli-6.1.1.tgz 67110ms attempt #2 (cache miss)
4242 timing reifyNode:node_modules/fastify-cli Completed in 68317ms
4243 http fetch GET 200 https://registry.npmjs.org/@babel/types/-/types-7.24.0.tgz 66874ms (cache miss)
4244 http fetch GET 200 https://registry.npmjs.org/@fastify%2ffast-json-stringify-compiler 596ms (cache miss)
4245 timing metavuln:packument:@fastify/fast-json-stringify-compiler Completed in 597ms
4246 timing metavuln:load:security-advisory:@fastify/fast-json-stringify-compiler:q9N71XWnBsJPqDKKgJP1GNWXnkQo9q/JN3xbepBBgUqODg37eZxtAOMt/wu8fusgAG3qrD2wmdkX4s3QRv5oeg== Completed in 2ms
4247 timing reifyNode:node_modules/@babel/types Completed in 68415ms
4248 timing metavuln:cache:put:security-advisory:@fastify/fast-json-stringify-compiler:T3idCMwXfKJ4rLtTut5bnrsntfUdXCYDpZKzUJyIAvWDpoPZOIfNdKQ1eIaBPrlU5bnqZyBttQagt+CrNwOZcw== Completed in 78ms
4249 timing metavuln:calculate:security-advisory:@fastify/fast-json-stringify-compiler:q9N71XWnBsJPqDKKgJP1GNWXnkQo9q/JN3xbepBBgUqODg37eZxtAOMt/wu8fusgAG3qrD2wmdkX4s3QRv5oeg== Completed in 680ms
4250 timing metavuln:cache:get:security-advisory:fastify:2TjzAFoHIHG0Rt3ScmsscewDU42TDlMbOg/lQ6ZrirAEUWBM/n0yLetN+PPPYRDcYrvOc0WZFWMDP/4VIWmV+g== Completed in 6ms
4251 timing metavuln:load:security-advisory:fastify:pNEjazSVzs6ey3KKJhLla9+NdcGgCgl9KP486AJECtFo+vXUcD8DWzv0EUKD8mtsOnppee02RnqyE9qDJsA9Lw== Completed in 7ms
4252 timing metavuln:cache:put:security-advisory:fastify:2TjzAFoHIHG0Rt3ScmsscewDU42TDlMbOg/lQ6ZrirAEUWBM/n0yLetN+PPPYRDcYrvOc0WZFWMDP/4VIWmV+g== Completed in 100ms
4253 timing metavuln:calculate:security-advisory:fastify:pNEjazSVzs6ey3KKJhLla9+NdcGgCgl9KP486AJECtFo+vXUcD8DWzv0EUKD8mtsOnppee02RnqyE9qDJsA9Lw== Completed in 113ms
4254 timing metavuln:cache:get:security-advisory:socks-proxy-agent:O35lPVDdakgt3PlMJ9Zvn535r+Rq41+Bl/9fFt/aDDpWq0oHeg7o+DHqp/GCXtD2sFx/QS2MkwRqg1u8nOKHkQ== Completed in 6ms
4255 http fetch GET 200 https://registry.npmjs.org/knex/-/knex-3.1.0.tgz 67753ms attempt #2 (cache miss)
4256 timing reifyNode:node_modules/knex Completed in 68889ms
4257 http fetch GET 200 https://registry.npmjs.org/socks-proxy-agent 304ms (cache miss)
4258 timing metavuln:packument:socks-proxy-agent Completed in 304ms
4259 timing metavuln:load:security-advisory:socks-proxy-agent:re7e5WgYC0N2yCcyKEpIVOef1b0RSDx7Y0SpqokON2S0og4NBc+basQ12t25Rom7giF5cYm2S3iMuCSJlhszhQ== Completed in 2ms
4260 http fetch GET 200 https://registry.npmjs.org/@popperjs/core/-/core-2.11.8.tgz 67522ms attempt #2 (cache miss)
4261 timing reifyNode:node_modules/@popperjs/core Completed in 69002ms
4262 timing metavuln:cache:put:security-advisory:socks-proxy-agent:O35lPVDdakgt3PlMJ9Zvn535r+Rq41+Bl/9fFt/aDDpWq0oHeg7o+DHqp/GCXtD2sFx/QS2MkwRqg1u8nOKHkQ== Completed in 83ms
4263 timing metavuln:calculate:security-advisory:socks-proxy-agent:re7e5WgYC0N2yCcyKEpIVOef1b0RSDx7Y0SpqokON2S0og4NBc+basQ12t25Rom7giF5cYm2S3iMuCSJlhszhQ== Completed in 390ms
4264 timing metavuln:cache:get:security-advisory:webpack:JftYdshFur//E5T4X92eMr+3ntXPZDJ+GCIeFNjvSdMva59Eynz8k2kYRNBgeLJzm3dzvTSVXqU5Xweef/OxdQ== Completed in 5ms
4265 timing metavuln:load:security-advisory:webpack:329sgNMopuugPFiEvSVitHHehdTr5nHB47XwDe3JfAo+J6Nc9SQhgI2F9XPbnv2SVTzEoWYsaJ8lBj3HmQYXeg== Completed in 29ms
4266 timing metavuln:cache:put:security-advisory:webpack:JftYdshFur//E5T4X92eMr+3ntXPZDJ+GCIeFNjvSdMva59Eynz8k2kYRNBgeLJzm3dzvTSVXqU5Xweef/OxdQ== Completed in 90ms
4267 timing metavuln:calculate:security-advisory:webpack:329sgNMopuugPFiEvSVitHHehdTr5nHB47XwDe3JfAo+J6Nc9SQhgI2F9XPbnv2SVTzEoWYsaJ8lBj3HmQYXeg== Completed in 124ms
4268 timing metavuln:cache:get:security-advisory:make-fetch-happen:i9EWLQURMjAySZXCi5WtA8NzwiONkym6qMEPsUX+uPSg1yz1bg479ufVR/tOdZWMzNzCglMBtyw+v486D3ACDQ== Completed in 5ms
4269 timing metavuln:load:security-advisory:make-fetch-happen:xvJIWB5/FY/DmZpxvmgqyq49qJv5ggEb6QVj3OY5ousoMlm27iLo5bVkFK9lSFNIWe3eU5heX0nWjs8DbT01mg== Completed in 14ms
4270 timing metavuln:cache:get:security-advisory:pacote:OtnJdJ42a1bInL8GrqOWym4puwNQ7oh2bGqAOg0E5uptu0OSRW4gjuYFOkEEYOvjetc1WkglEEM0U0Bgv6+wAw== Completed in 20ms
4271 timing metavuln:load:security-advisory:pacote:xvJIWB5/FY/DmZpxvmgqyq49qJv5ggEb6QVj3OY5ousoMlm27iLo5bVkFK9lSFNIWe3eU5heX0nWjs8DbT01mg== Completed in 5ms
4272 timing metavuln:cache:put:security-advisory:pacote:OtnJdJ42a1bInL8GrqOWym4puwNQ7oh2bGqAOg0E5uptu0OSRW4gjuYFOkEEYOvjetc1WkglEEM0U0Bgv6+wAw== Completed in 70ms
4273 timing metavuln:calculate:security-advisory:pacote:xvJIWB5/FY/DmZpxvmgqyq49qJv5ggEb6QVj3OY5ousoMlm27iLo5bVkFK9lSFNIWe3eU5heX0nWjs8DbT01mg== Completed in 96ms
4274 timing metavuln:cache:put:security-advisory:make-fetch-happen:i9EWLQURMjAySZXCi5WtA8NzwiONkym6qMEPsUX+uPSg1yz1bg479ufVR/tOdZWMzNzCglMBtyw+v486D3ACDQ== Completed in 77ms
4275 timing metavuln:calculate:security-advisory:make-fetch-happen:xvJIWB5/FY/DmZpxvmgqyq49qJv5ggEb6QVj3OY5ousoMlm27iLo5bVkFK9lSFNIWe3eU5heX0nWjs8DbT01mg== Completed in 96ms
4276 timing metavuln:cache:get:security-advisory:@npmcli/run-script:iGTtwNhtzJqD6NRQrZd/d/zEGMzgSqpgcRI1vjqHKnRzGZno56l+gHAbYs0XRY+CB7swkVDTEWOkDAMckkToXA== Completed in 4ms
4277 timing metavuln:cache:get:security-advisory:sqlite3:/EyvdRGvNSmIfPvDagXmxhNg0I3IVs11DoQPmZbPhEN8VqxbrAo8DVoBrE8H0mBolYmeaGyEYJxfj/d4+SoOrA== Completed in 4ms
4278 timing metavuln:load:security-advisory:sqlite3:l/WeQkAPWJ0/mHENc58u9JNvnzqgqXWhnfEbUs8zhmL1UmoofkwGw4482B1GnFfApFQ5hXpUDaLf7UIPw6jpww== Completed in 4ms
4279 timing metavuln:cache:put:security-advisory:sqlite3:/EyvdRGvNSmIfPvDagXmxhNg0I3IVs11DoQPmZbPhEN8VqxbrAo8DVoBrE8H0mBolYmeaGyEYJxfj/d4+SoOrA== Completed in 88ms
4280 timing metavuln:calculate:security-advisory:sqlite3:l/WeQkAPWJ0/mHENc58u9JNvnzqgqXWhnfEbUs8zhmL1UmoofkwGw4482B1GnFfApFQ5hXpUDaLf7UIPw6jpww== Completed in 96ms
4281 http fetch GET 200 https://registry.npmjs.org/@npmcli%2frun-script 277ms (cache miss)
4282 timing metavuln:packument:@npmcli/run-script Completed in 278ms
4283 timing metavuln:load:security-advisory:@npmcli/run-script:l/WeQkAPWJ0/mHENc58u9JNvnzqgqXWhnfEbUs8zhmL1UmoofkwGw4482B1GnFfApFQ5hXpUDaLf7UIPw6jpww== Completed in 3ms
4284 timing metavuln:cache:put:security-advisory:@npmcli/run-script:iGTtwNhtzJqD6NRQrZd/d/zEGMzgSqpgcRI1vjqHKnRzGZno56l+gHAbYs0XRY+CB7swkVDTEWOkDAMckkToXA== Completed in 95ms
4285 timing metavuln:calculate:security-advisory:@npmcli/run-script:l/WeQkAPWJ0/mHENc58u9JNvnzqgqXWhnfEbUs8zhmL1UmoofkwGw4482B1GnFfApFQ5hXpUDaLf7UIPw6jpww== Completed in 377ms
4286 timing metavuln:cache:get:security-advisory:npm-check-updates:3a1dSTSz2mQ0SY5QLKCAVyecBp16P1w6TZ0LEKSvcyuL2frIaamAAWnvTNhDy7T5umx7WmeE1h7mvHxaJVxZ7Q== Completed in 4ms
4287 timing metavuln:load:security-advisory:npm-check-updates:YEGC2tr63UMpFVgVz0cNuFV3bU8S49mLN9fSXNf8TSeZFIG2IIlfze6ewtj1AcnmZfEVnbmO+QJdA95V6mwuNA== Completed in 38ms
4288 timing metavuln:cache:put:security-advisory:npm-check-updates:3a1dSTSz2mQ0SY5QLKCAVyecBp16P1w6TZ0LEKSvcyuL2frIaamAAWnvTNhDy7T5umx7WmeE1h7mvHxaJVxZ7Q== Completed in 115ms
4289 timing metavuln:calculate:security-advisory:npm-check-updates:YEGC2tr63UMpFVgVz0cNuFV3bU8S49mLN9fSXNf8TSeZFIG2IIlfze6ewtj1AcnmZfEVnbmO+QJdA95V6mwuNA== Completed in 157ms
4290 timing metavuln:cache:get:security-advisory:@sigstore/sign:gxeN9h00LM5324/XxET8P0+GPZEVKHCdf+jOHSaCvQTLuwSUluPl5uo7ZHXFYjW2xwkD7P6pMpFE+UgpP/tPDQ== Completed in 11ms
4291 timing metavuln:cache:get:security-advisory:npm-check-updates:9ZRWZwbw/kFW4we/s9ZytIhCXNFSAtoN7r1b3HEN9Kt59xN3AvUqmYBYR13EWY5MjgGjI7RT4j6hN3VaZWfu5A== Completed in 9ms
4292 timing metavuln:load:security-advisory:npm-check-updates:JS1eDAsaQnkSC/rAJ1kHDn4UjWqf1f7567HyV/oKSVvssuR/kR60hXTseVc1ROXD8kOdIPeD9ut6fRzIhPTZuw== Completed in 31ms
4293 timing metavuln:cache:get:security-advisory:npm-registry-fetch:jTwU2ocpa2F1Gl6F6mIoiNLWDiThBDO4pDtOU839jhOJFWGWbQ781jfDqHY9xg8lvUgrdB971fXo+xQMKn4YyA== Completed in 41ms
4294 timing metavuln:cache:get:security-advisory:sigstore:Rv00qatMGdIbV25G7szwdziZdJnK334VQAYuhSzYU7wgGrEPcJjdhEHJyYLLow9hkmU78uZlSl1x+iswPUipEA== Completed in 40ms
4295 timing metavuln:cache:get:security-advisory:tuf-js:07lmlzsGh7j8O54vxohIVSrz884DHxq1pgHvyRzJJID2IkcWbDjN2Pjip45kGl8EGRCU2GSAK+Y4MwRE4fdABw== Completed in 39ms
4296 timing metavuln:cache:get:security-advisory:node-gyp:5rq91deMwL71Py6PvBs4DPzl2PiTOCJMC2TwWfC0r34chaVidbfSvH06scEnLlTST/lclYYq9vacE3hoHCmR5g== Completed in 37ms
4297 timing metavuln:load:security-advisory:node-gyp:JS1eDAsaQnkSC/rAJ1kHDn4UjWqf1f7567HyV/oKSVvssuR/kR60hXTseVc1ROXD8kOdIPeD9ut6fRzIhPTZuw== Completed in 20ms
4298 http fetch GET 200 https://registry.npmjs.org/es5-ext/-/es5-ext-0.10.64.tgz 68731ms attempt #2 (cache miss)
4299 timing metavuln:cache:put:security-advisory:npm-check-updates:9ZRWZwbw/kFW4we/s9ZytIhCXNFSAtoN7r1b3HEN9Kt59xN3AvUqmYBYR13EWY5MjgGjI7RT4j6hN3VaZWfu5A== Completed in 138ms
4300 timing metavuln:calculate:security-advisory:npm-check-updates:JS1eDAsaQnkSC/rAJ1kHDn4UjWqf1f7567HyV/oKSVvssuR/kR60hXTseVc1ROXD8kOdIPeD9ut6fRzIhPTZuw== Completed in 178ms
4301 timing metavuln:cache:put:security-advisory:node-gyp:5rq91deMwL71Py6PvBs4DPzl2PiTOCJMC2TwWfC0r34chaVidbfSvH06scEnLlTST/lclYYq9vacE3hoHCmR5g== Completed in 121ms
4302 timing metavuln:calculate:security-advisory:node-gyp:JS1eDAsaQnkSC/rAJ1kHDn4UjWqf1f7567HyV/oKSVvssuR/kR60hXTseVc1ROXD8kOdIPeD9ut6fRzIhPTZuw== Completed in 178ms
4303 timing reifyNode:node_modules/es5-ext Completed in 69976ms
4304 http fetch GET 200 https://registry.npmjs.org/tuf-js 324ms (cache miss)
4305 timing metavuln:packument:tuf-js Completed in 324ms
4306 timing metavuln:load:security-advisory:tuf-js:JS1eDAsaQnkSC/rAJ1kHDn4UjWqf1f7567HyV/oKSVvssuR/kR60hXTseVc1ROXD8kOdIPeD9ut6fRzIhPTZuw== Completed in 3ms
4307 http fetch GET 200 https://registry.npmjs.org/sigstore 342ms (cache miss)
4308 timing metavuln:packument:sigstore Completed in 345ms
4309 timing metavuln:load:security-advisory:sigstore:JS1eDAsaQnkSC/rAJ1kHDn4UjWqf1f7567HyV/oKSVvssuR/kR60hXTseVc1ROXD8kOdIPeD9ut6fRzIhPTZuw== Completed in 14ms
4310 http fetch GET 200 https://registry.npmjs.org/npm-registry-fetch 402ms (cache miss)
4311 timing metavuln:packument:npm-registry-fetch Completed in 405ms
4312 timing metavuln:load:security-advisory:npm-registry-fetch:JS1eDAsaQnkSC/rAJ1kHDn4UjWqf1f7567HyV/oKSVvssuR/kR60hXTseVc1ROXD8kOdIPeD9ut6fRzIhPTZuw== Completed in 6ms
4313 http fetch GET 200 https://registry.npmjs.org/ajv/-/ajv-8.12.0.tgz 68493ms (cache miss)
4314 timing metavuln:cache:put:security-advisory:tuf-js:07lmlzsGh7j8O54vxohIVSrz884DHxq1pgHvyRzJJID2IkcWbDjN2Pjip45kGl8EGRCU2GSAK+Y4MwRE4fdABw== Completed in 125ms
4315 timing metavuln:calculate:security-advisory:tuf-js:JS1eDAsaQnkSC/rAJ1kHDn4UjWqf1f7567HyV/oKSVvssuR/kR60hXTseVc1ROXD8kOdIPeD9ut6fRzIhPTZuw== Completed in 453ms
4316 http fetch GET 200 https://registry.npmjs.org/ajv/-/ajv-8.11.0.tgz 68601ms (cache miss)
4317 timing reifyNode:node_modules/fast-json-stringify/node_modules/ajv Completed in 70258ms
4318 timing metavuln:cache:put:security-advisory:sigstore:Rv00qatMGdIbV25G7szwdziZdJnK334VQAYuhSzYU7wgGrEPcJjdhEHJyYLLow9hkmU78uZlSl1x+iswPUipEA== Completed in 105ms
4319 timing metavuln:calculate:security-advisory:sigstore:JS1eDAsaQnkSC/rAJ1kHDn4UjWqf1f7567HyV/oKSVvssuR/kR60hXTseVc1ROXD8kOdIPeD9ut6fRzIhPTZuw== Completed in 464ms
4320 timing reifyNode:node_modules/schema-utils/node_modules/ajv Completed in 70312ms
4321 timing metavuln:cache:put:security-advisory:npm-registry-fetch:jTwU2ocpa2F1Gl6F6mIoiNLWDiThBDO4pDtOU839jhOJFWGWbQ781jfDqHY9xg8lvUgrdB971fXo+xQMKn4YyA== Completed in 85ms
4322 timing metavuln:calculate:security-advisory:npm-registry-fetch:JS1eDAsaQnkSC/rAJ1kHDn4UjWqf1f7567HyV/oKSVvssuR/kR60hXTseVc1ROXD8kOdIPeD9ut6fRzIhPTZuw== Completed in 496ms
4323 http fetch GET 200 https://registry.npmjs.org/sequelize/-/sequelize-6.37.3.tgz 69527ms (cache miss)
4324 http fetch GET 200 https://registry.npmjs.org/ajv/-/ajv-8.12.0.tgz 68609ms (cache miss)
4325 timing reifyNode:node_modules/sequelize Completed in 70349ms
4326 timing reifyNode:node_modules/objection/node_modules/ajv Completed in 70339ms
4327 http fetch GET 200 https://registry.npmjs.org/ajv/-/ajv-8.11.0.tgz 68525ms (cache miss)
4328 timing reifyNode:node_modules/ajv-formats/node_modules/ajv Completed in 70308ms
4329 http fetch GET 200 https://registry.npmjs.org/eslint/-/eslint-8.57.0.tgz 69401ms (cache miss)
4330 timing reifyNode:node_modules/eslint Completed in 70625ms
4331 http fetch GET 200 https://registry.npmjs.org/@sigstore%2fsign 1185ms (cache miss)
4332 timing metavuln:packument:@sigstore/sign Completed in 1186ms
4333 timing metavuln:load:security-advisory:@sigstore/sign:JS1eDAsaQnkSC/rAJ1kHDn4UjWqf1f7567HyV/oKSVvssuR/kR60hXTseVc1ROXD8kOdIPeD9ut6fRzIhPTZuw== Completed in 1ms
4334 timing metavuln:cache:put:security-advisory:@sigstore/sign:gxeN9h00LM5324/XxET8P0+GPZEVKHCdf+jOHSaCvQTLuwSUluPl5uo7ZHXFYjW2xwkD7P6pMpFE+UgpP/tPDQ== Completed in 55ms
4335 timing metavuln:calculate:security-advisory:@sigstore/sign:JS1eDAsaQnkSC/rAJ1kHDn4UjWqf1f7567HyV/oKSVvssuR/kR60hXTseVc1ROXD8kOdIPeD9ut6fRzIhPTZuw== Completed in 1244ms
4336 timing metavuln:cache:get:security-advisory:fastify:O4p+pRwkJlH6cYXmZVbH+HcJB86KZ2GNKpv0qf8G1kxLBbvtpKcZ3DiYykClIZphYXVRDORtHWcMv8OYPAx03Q== Completed in 3ms
4337 timing metavuln:load:security-advisory:fastify:T3idCMwXfKJ4rLtTut5bnrsntfUdXCYDpZKzUJyIAvWDpoPZOIfNdKQ1eIaBPrlU5bnqZyBttQagt+CrNwOZcw== Completed in 6ms
4338 timing metavuln:cache:put:security-advisory:fastify:O4p+pRwkJlH6cYXmZVbH+HcJB86KZ2GNKpv0qf8G1kxLBbvtpKcZ3DiYykClIZphYXVRDORtHWcMv8OYPAx03Q== Completed in 61ms
4339 timing metavuln:calculate:security-advisory:fastify:T3idCMwXfKJ4rLtTut5bnrsntfUdXCYDpZKzUJyIAvWDpoPZOIfNdKQ1eIaBPrlU5bnqZyBttQagt+CrNwOZcw== Completed in 71ms
4340 timing metavuln:cache:get:security-advisory:pacote:MS+9ca68tdxeElO9akLXw7yb5VApoczfnQKLx1EukwgWla9k04iPl4Po3r/HJQy/+Wzz5cv0LVQSH7FloSCQcg== Completed in 4ms
4341 timing metavuln:load:security-advisory:pacote:iGTtwNhtzJqD6NRQrZd/d/zEGMzgSqpgcRI1vjqHKnRzGZno56l+gHAbYs0XRY+CB7swkVDTEWOkDAMckkToXA== Completed in 10ms
4342 timing metavuln:cache:put:security-advisory:pacote:MS+9ca68tdxeElO9akLXw7yb5VApoczfnQKLx1EukwgWla9k04iPl4Po3r/HJQy/+Wzz5cv0LVQSH7FloSCQcg== Completed in 76ms
4343 timing metavuln:calculate:security-advisory:pacote:iGTtwNhtzJqD6NRQrZd/d/zEGMzgSqpgcRI1vjqHKnRzGZno56l+gHAbYs0XRY+CB7swkVDTEWOkDAMckkToXA== Completed in 91ms
4344 timing metavuln:cache:get:security-advisory:@sigstore/tuf:tI8a4sAvv4Ex9yO/NvwE3cq49Endh6zBwFEmLoalWUEBC1CvqIeHrPgpHu15xRlRF6+kuKPkgtJz5rV72bTJVA== Completed in 9ms
4345 http fetch GET 200 https://registry.npmjs.org/bootstrap/-/bootstrap-5.3.3.tgz 69860ms (cache miss)
4346 timing reifyNode:node_modules/bootstrap Completed in 71219ms
4347 http fetch GET 200 https://registry.npmjs.org/moment/-/moment-2.30.1.tgz 70271ms (cache miss)
4348 timing reifyNode:node_modules/moment Completed in 71277ms
4349 http fetch GET 200 https://registry.npmjs.org/@sigstore%2ftuf 195ms (cache miss)
4350 timing metavuln:packument:@sigstore/tuf Completed in 197ms
4351 timing metavuln:load:security-advisory:@sigstore/tuf:07lmlzsGh7j8O54vxohIVSrz884DHxq1pgHvyRzJJID2IkcWbDjN2Pjip45kGl8EGRCU2GSAK+Y4MwRE4fdABw== Completed in 1ms
4352 timing metavuln:cache:put:security-advisory:@sigstore/tuf:tI8a4sAvv4Ex9yO/NvwE3cq49Endh6zBwFEmLoalWUEBC1CvqIeHrPgpHu15xRlRF6+kuKPkgtJz5rV72bTJVA== Completed in 42ms
4353 timing metavuln:calculate:security-advisory:@sigstore/tuf:07lmlzsGh7j8O54vxohIVSrz884DHxq1pgHvyRzJJID2IkcWbDjN2Pjip45kGl8EGRCU2GSAK+Y4MwRE4fdABw== Completed in 241ms
4354 timing metavuln:cache:get:security-advisory:pacote:9p0F/JB+ald0XE4A7i1a/J68dZA4eV/2xfPPwuDNCTRuQ9iRoL97wQ2TNV2RvVonwghss2KN+WWxhQFIo3nB7g== Completed in 2ms
4355 timing metavuln:load:security-advisory:pacote:Rv00qatMGdIbV25G7szwdziZdJnK334VQAYuhSzYU7wgGrEPcJjdhEHJyYLLow9hkmU78uZlSl1x+iswPUipEA== Completed in 5ms
4356 timing metavuln:cache:put:security-advisory:pacote:9p0F/JB+ald0XE4A7i1a/J68dZA4eV/2xfPPwuDNCTRuQ9iRoL97wQ2TNV2RvVonwghss2KN+WWxhQFIo3nB7g== Completed in 57ms
4357 timing metavuln:calculate:security-advisory:pacote:Rv00qatMGdIbV25G7szwdziZdJnK334VQAYuhSzYU7wgGrEPcJjdhEHJyYLLow9hkmU78uZlSl1x+iswPUipEA== Completed in 64ms
4358 timing metavuln:cache:get:security-advisory:pacote:v/Wx+No8lTTUx3pt5UDycUsDr2SLqMOux7aARyHYmfvOWFlLhIlCtj0dfcTvwDc78teR/Q4TYiE2HqwCDqNPyg== Completed in 3ms
4359 timing metavuln:load:security-advisory:pacote:jTwU2ocpa2F1Gl6F6mIoiNLWDiThBDO4pDtOU839jhOJFWGWbQ781jfDqHY9xg8lvUgrdB971fXo+xQMKn4YyA== Completed in 9ms
4360 timing metavuln:cache:put:security-advisory:pacote:v/Wx+No8lTTUx3pt5UDycUsDr2SLqMOux7aARyHYmfvOWFlLhIlCtj0dfcTvwDc78teR/Q4TYiE2HqwCDqNPyg== Completed in 37ms
4361 timing metavuln:calculate:security-advisory:pacote:jTwU2ocpa2F1Gl6F6mIoiNLWDiThBDO4pDtOU839jhOJFWGWbQ781jfDqHY9xg8lvUgrdB971fXo+xQMKn4YyA== Completed in 50ms
4362 timing metavuln:cache:get:security-advisory:sigstore:TTD5fb9jAE8DIab5gcqzyJoyo1QthZOxUdxKWxcX4c1NN+KR8ZAYyk91KVmVtN3vwxc/Rl8anvp4MXaW8DFomw== Completed in 2ms
4363 timing metavuln:load:security-advisory:sigstore:gxeN9h00LM5324/XxET8P0+GPZEVKHCdf+jOHSaCvQTLuwSUluPl5uo7ZHXFYjW2xwkD7P6pMpFE+UgpP/tPDQ== Completed in 1ms
4364 http fetch GET 200 https://registry.npmjs.org/caniuse-lite/-/caniuse-lite-1.0.30001612.tgz 70224ms attempt #2 (cache miss)
4365 timing reifyNode:node_modules/caniuse-lite Completed in 71561ms
4366 timing metavuln:cache:put:security-advisory:sigstore:TTD5fb9jAE8DIab5gcqzyJoyo1QthZOxUdxKWxcX4c1NN+KR8ZAYyk91KVmVtN3vwxc/Rl8anvp4MXaW8DFomw== Completed in 31ms
4367 timing metavuln:calculate:security-advisory:sigstore:gxeN9h00LM5324/XxET8P0+GPZEVKHCdf+jOHSaCvQTLuwSUluPl5uo7ZHXFYjW2xwkD7P6pMpFE+UgpP/tPDQ== Completed in 35ms
4368 timing metavuln:cache:get:security-advisory:sigstore:7IifTNyOdt0CxKAKn+2Sq3kwLn+9cfQ8/8XqUTlCD3qGzs48032kNWKtvJaSsdko3uk1EEASP6faivANpvrrSg== Completed in 2ms
4369 timing metavuln:load:security-advisory:sigstore:tI8a4sAvv4Ex9yO/NvwE3cq49Endh6zBwFEmLoalWUEBC1CvqIeHrPgpHu15xRlRF6+kuKPkgtJz5rV72bTJVA== Completed in 1ms
4370 timing metavuln:cache:put:security-advisory:sigstore:7IifTNyOdt0CxKAKn+2Sq3kwLn+9cfQ8/8XqUTlCD3qGzs48032kNWKtvJaSsdko3uk1EEASP6faivANpvrrSg== Completed in 70ms
4371 timing metavuln:calculate:security-advisory:sigstore:tI8a4sAvv4Ex9yO/NvwE3cq49Endh6zBwFEmLoalWUEBC1CvqIeHrPgpHu15xRlRF6+kuKPkgtJz5rV72bTJVA== Completed in 74ms
4372 timing auditReport:init Completed in 65255ms
4373 timing reify:audit Completed in 71764ms
4374 http fetch GET 200 https://registry.npmjs.org/lodash/-/lodash-4.17.21.tgz 70785ms attempt #2 (cache miss)
4375 timing reifyNode:node_modules/lodash Completed in 71821ms
4376 http fetch GET 200 https://registry.npmjs.org/sodium-native/-/sodium-native-4.1.1.tgz 71340ms (cache miss)
4377 timing reifyNode:node_modules/sodium-native Completed in 72140ms
4378 http fetch GET 200 https://registry.npmjs.org/es-abstract/-/es-abstract-1.23.3.tgz 72537ms attempt #2 (cache miss)
4379 timing reifyNode:node_modules/es-abstract Completed in 73778ms
4380 http fetch GET 200 https://registry.npmjs.org/rxjs/-/rxjs-7.8.1.tgz 73655ms (cache miss)
4381 timing reifyNode:node_modules/rxjs Completed in 74484ms
4382 http fetch GET 200 https://registry.npmjs.org/date-fns/-/date-fns-2.30.0.tgz 90817ms (cache miss)
4383 timing reifyNode:node_modules/date-fns Completed in 92092ms
4384 timing reify:unpack Completed in 92172ms
4385 timing reify:unretire Completed in 2ms
4386 timing build:queue Completed in 68ms
4387 timing build:link:node_modules/jest-cli Completed in 13ms
4388 timing build:link:node_modules/@babel/helper-compilation-targets/node_modules/semver Completed in 62ms
4389 timing build:link:node_modules/@npmcli/git/node_modules/which Completed in 62ms
4390 timing build:link:node_modules/@babel/core/node_modules/semver Completed in 62ms
4391 timing build:link:node_modules/@istanbuljs/load-nyc-config/node_modules/js-yaml Completed in 63ms
4392 timing build:link:node_modules/@npmcli/promise-spawn/node_modules/which Completed in 63ms
4393 timing build:link:node_modules/@npmcli/run-script/node_modules/which Completed in 63ms
4394 timing build:link:node_modules/eslint-config-airbnb-base/node_modules/semver Completed in 63ms
4395 timing build:link:node_modules/@babel/parser Completed in 82ms
4396 timing build:link:node_modules/eslint-plugin-import/node_modules/semver Completed in 62ms
4397 timing build:link:node_modules/fastify-objectionjs/node_modules/knex Completed in 62ms
4398 timing build:link:node_modules/babel-plugin-istanbul/node_modules/semver Completed in 63ms
4399 timing build:link:node_modules/is-expression/node_modules/acorn Completed in 62ms
4400 timing build:link:node_modules/js-beautify/node_modules/nopt Completed in 62ms
4401 timing build:link:node_modules/npm-check-updates/node_modules/rimraf Completed in 63ms
4402 timing build:link:node_modules/@fastify/secure-session Completed in 81ms
4403 timing build:link:node_modules/sqlite3/node_modules/node-gyp Completed in 63ms
4404 timing build:link:node_modules/browserslist Completed in 80ms
4405 timing build:link:node_modules/color-support Completed in 80ms
4406 timing build:link:node_modules/tsconfig-paths/node_modules/json5 Completed in 63ms
4407 timing build:link:node_modules/concurrently Completed in 80ms
4408 timing build:link:node_modules/cssesc Completed in 79ms
4409 timing build:link:node_modules/create-jest Completed in 80ms
4410 timing build:link:node_modules/editorconfig Completed in 79ms
4411 timing build:link:node_modules/envinfo Completed in 78ms
4412 timing build:link:node_modules/eslint Completed in 78ms
4413 timing build:link:node_modules/esprima Completed in 78ms
4414 timing build:link:node_modules/fastify-cli Completed in 78ms
4415 timing build:link:node_modules/generify Completed in 78ms
4416 timing build:link:node_modules/glob Completed in 78ms
4417 timing build:link:node_modules/import-local Completed in 78ms
4418 timing build:link:node_modules/is-ci Completed in 77ms
4419 timing build:link:node_modules/is-docker Completed in 77ms
4420 timing build:link:node_modules/jest Completed in 77ms
4421 timing build:link:node_modules/js-beautify Completed in 77ms
4422 timing build:link:node_modules/js-yaml Completed in 75ms
4423 timing build:link:node_modules/jsesc Completed in 75ms
4424 timing build:link:node_modules/json5 Completed in 75ms
4425 timing build:link:node_modules/knex Completed in 75ms
4426 timing build:link:node_modules/markdown-it Completed in 74ms
4427 timing build:link:node_modules/mime Completed in 74ms
4428 timing build:link:node_modules/mustache Completed in 74ms
4429 timing build:link:node_modules/nanoid Completed in 74ms
4430 timing build:link:node_modules/node-gyp Completed in 74ms
4431 timing build:link:node_modules/mkdirp Completed in 74ms
4432 timing build:link:node_modules/node-gyp-build Completed in 74ms
4433 timing build:link:node_modules/nopt Completed in 68ms
4434 timing build:link:node_modules/npm-check-updates Completed in 68ms
4435 timing build:link:node_modules/pacote Completed in 67ms
4436 timing build:link:node_modules/parse-github-url Completed in 71ms
4437 timing build:link:node_modules/@npmcli/installed-package-contents Completed in 87ms
4438 timing build:link:node_modules/acorn Completed in 87ms
4439 timing build:link:node_modules/pino Completed in 72ms
4440 timing build:link:node_modules/pino-pretty Completed in 72ms
4441 timing build:link:node_modules/prebuild-install Completed in 72ms
4442 timing build:link:node_modules/rc Completed in 72ms
4443 timing build:link:node_modules/resolve Completed in 72ms
4444 timing build:link:node_modules/rimraf Completed in 72ms
4445 timing build:link:node_modules/semver Completed in 72ms
4446 timing build:link:node_modules/sequelize-cli Completed in 72ms
4447 timing build:link:node_modules/sigstore Completed in 72ms
4448 timing build:link:node_modules/terser Completed in 72ms
4449 timing build:link:node_modules/tree-kill Completed in 72ms
4450 timing build:link:node_modules/update-browserslist-db Completed in 71ms
4451 timing build:link:node_modules/uuid Completed in 71ms
4452 timing build:link:node_modules/webpack Completed in 71ms
4453 timing build:link:node_modules/which Completed in 71ms
4454 timing build:link:node_modules/webpack-cli Completed in 71ms
4455 timing build:link:node_modules/node-gyp/node_modules/nopt Completed in 70ms
4456 timing build:link:node_modules/fastify-cli/node_modules/pino-pretty Completed in 70ms
4457 timing build:link Completed in 91ms
4458 info run @vscode/sqlite3@5.1.2 install node_modules/@vscode/sqlite3 node-gyp rebuild
4459 info run better-sqlite3@8.7.0 install node_modules/better-sqlite3 prebuild-install || node-gyp rebuild --release
4460 info run sodium-native@4.1.1 install node_modules/sodium-native node-gyp-build
4461 info run sodium-native@4.1.1 install { code: 0, signal: null }
4462 timing build:run:install:node_modules/sodium-native Completed in 315ms
4463 info run sqlite3@5.1.7 install node_modules/sqlite3 prebuild-install -r napi || node-gyp rebuild
4464 info run sqlite3@5.1.7 install { code: 0, signal: null }
4465 timing build:run:install:node_modules/sqlite3 Completed in 2442ms
4466 info run better-sqlite3@8.7.0 install { code: 0, signal: null }
4467 timing build:run:install:node_modules/better-sqlite3 Completed in 2839ms
4468 info run @vscode/sqlite3@5.1.2 install { code: 0, signal: null }
4469 timing build:run:install:node_modules/@vscode/sqlite3 Completed in 127195ms
4470 timing build:run:install Completed in 127196ms
4471 info run es5-ext@0.10.64 postinstall node_modules/es5-ext  node -e "try{require('./_postinstall')}catch(e){}" || exit 0
4472 info run es5-ext@0.10.64 postinstall { code: 0, signal: null }
4473 timing build:run:postinstall:node_modules/es5-ext Completed in 63ms
4474 timing build:run:postinstall Completed in 63ms
4475 timing build:deps Completed in 127421ms
4476 timing build Completed in 127422ms
4477 timing reify:build Completed in 127431ms
4478 timing reify:trash Completed in 6ms
4479 timing reify:save Completed in 415ms
4480 timing reify Completed in 221950ms
4481 silly ADD node_modules/youch
4482 silly ADD node_modules/youch/node_modules/cookie
4483 silly ADD node_modules/yocto-queue
4484 silly ADD node_modules/yargs-parser
4485 silly ADD node_modules/yargs
4486 silly ADD node_modules/yallist
4487 silly ADD node_modules/y18n
4488 silly ADD node_modules/xtend
4489 silly ADD node_modules/xdg-basedir
4490 silly ADD node_modules/write-file-atomic
4491 silly ADD node_modules/wrappy
4492 silly ADD node_modules/wrap-ansi-cjs
4493 silly ADD node_modules/wrap-ansi
4494 silly ADD node_modules/wrap-ansi/node_modules/strip-ansi
4495 silly ADD node_modules/wrap-ansi/node_modules/string-width
4496 silly ADD node_modules/wrap-ansi/node_modules/emoji-regex
4497 silly ADD node_modules/wrap-ansi/node_modules/ansi-styles
4498 silly ADD node_modules/wrap-ansi/node_modules/ansi-regex
4499 silly ADD node_modules/wkx
4500 silly ADD node_modules/with
4501 silly ADD node_modules/wildcard
4502 silly ADD node_modules/widest-line
4503 silly ADD node_modules/widest-line/node_modules/strip-ansi
4504 silly ADD node_modules/widest-line/node_modules/string-width
4505 silly ADD node_modules/widest-line/node_modules/emoji-regex
4506 silly ADD node_modules/widest-line/node_modules/ansi-regex
4507 silly ADD node_modules/wide-align
4508 silly ADD node_modules/which-typed-array
4509 silly ADD node_modules/which-boxed-primitive
4510 silly ADD node_modules/which
4511 silly ADD node_modules/webpack-sources
4512 silly ADD node_modules/webpack-merge
4513 silly ADD node_modules/webpack-cli
4514 silly ADD node_modules/webpack-cli/node_modules/interpret
4515 silly ADD node_modules/webpack
4516 silly ADD node_modules/webpack/node_modules/schema-utils
4517 silly ADD node_modules/webpack/node_modules/graceful-fs
4518 silly ADD node_modules/webpack/node_modules/estraverse
4519 silly ADD node_modules/webpack/node_modules/eslint-scope
4520 silly ADD node_modules/watchpack
4521 silly ADD node_modules/walker
4522 silly ADD node_modules/void-elements
4523 silly ADD node_modules/vary
4524 silly ADD node_modules/validator
4525 silly ADD node_modules/validate-npm-package-name
4526 silly ADD node_modules/validate-npm-package-license
4527 silly ADD node_modules/v8-to-istanbul
4528 silly ADD node_modules/uuid
4529 silly ADD node_modules/util-deprecate
4530 silly ADD node_modules/uri-js
4531 silly ADD node_modules/update-notifier
4532 silly ADD node_modules/update-notifier/node_modules/chalk
4533 silly ADD node_modules/update-browserslist-db
4534 silly ADD node_modules/untildify
4535 silly ADD node_modules/universalify
4536 silly ADD node_modules/unique-string
4537 silly ADD node_modules/unique-slug
4538 silly ADD node_modules/unique-filename
4539 silly ADD node_modules/undici-types
4540 silly ADD node_modules/unbox-primitive
4541 silly ADD node_modules/umzug
4542 silly ADD node_modules/uc.micro
4543 silly ADD node_modules/typedarray-to-buffer
4544 silly ADD node_modules/typed-array-length
4545 silly ADD node_modules/typed-array-byte-offset
4546 silly ADD node_modules/typed-array-byte-length
4547 silly ADD node_modules/typed-array-buffer
4548 silly ADD node_modules/type-is
4549 silly ADD node_modules/type-fest
4550 silly ADD node_modules/type-detect
4551 silly ADD node_modules/type-check
4552 silly ADD node_modules/type
4553 silly ADD node_modules/tunnel-agent
4554 silly ADD node_modules/tuf-js
4555 silly ADD node_modules/tslib
4556 silly ADD node_modules/tsconfig-paths
4557 silly ADD node_modules/tsconfig-paths/node_modules/strip-bom
4558 silly ADD node_modules/tsconfig-paths/node_modules/json5
4559 silly ADD node_modules/tree-kill
4560 silly ADD node_modules/toposort-class
4561 silly ADD node_modules/token-stream
4562 silly ADD node_modules/toidentifier
4563 silly ADD node_modules/toad-cache
4564 silly ADD node_modules/to-regex-range
4565 silly ADD node_modules/to-fast-properties
4566 silly ADD node_modules/tmpl
4567 silly ADD node_modules/timers-ext
4568 silly ADD node_modules/tildify
4569 silly ADD node_modules/thread-stream
4570 silly ADD node_modules/text-table
4571 silly ADD node_modules/test-exclude
4572 silly ADD node_modules/test-exclude/node_modules/glob
4573 silly ADD node_modules/terser-webpack-plugin
4574 silly ADD node_modules/terser-webpack-plugin/node_modules/supports-color
4575 silly ADD node_modules/terser-webpack-plugin/node_modules/schema-utils
4576 silly ADD node_modules/terser-webpack-plugin/node_modules/jest-worker
4577 silly ADD node_modules/terser
4578 silly ADD node_modules/terser/node_modules/source-map-support
4579 silly ADD node_modules/terser/node_modules/commander
4580 silly ADD node_modules/tarn
4581 silly ADD node_modules/tar-stream
4582 silly ADD node_modules/tar-fs
4583 silly ADD node_modules/tar-fs/node_modules/chownr
4584 silly ADD node_modules/tar
4585 silly ADD node_modules/tapable
4586 silly ADD node_modules/supports-preserve-symlinks-flag
4587 silly ADD node_modules/supports-color
4588 silly ADD node_modules/style-loader
4589 silly ADD node_modules/strip-json-comments
4590 silly ADD node_modules/strip-final-newline
4591 silly ADD node_modules/strip-bom
4592 silly ADD node_modules/strip-ansi-cjs
4593 silly ADD node_modules/strip-ansi
4594 silly ADD node_modules/string.prototype.trimstart
4595 silly ADD node_modules/string.prototype.trimend
4596 silly ADD node_modules/string.prototype.trim
4597 silly ADD node_modules/string-width-cjs
4598 silly ADD node_modules/string-width
4599 silly ADD node_modules/string-length
4600 silly ADD node_modules/string_decoder
4601 silly ADD node_modules/statuses
4602 silly ADD node_modules/stack-utils
4603 silly ADD node_modules/stack-utils/node_modules/escape-string-regexp
4604 silly ADD node_modules/stack-trace
4605 silly ADD node_modules/ssri
4606 silly ADD node_modules/ssri/node_modules/minipass
4607 silly ADD node_modules/sqlite3
4608 silly ADD node_modules/sqlite3/node_modules/ssri
4609 silly ADD node_modules/sqlite3/node_modules/socks-proxy-agent
4610 silly ADD node_modules/sqlite3/node_modules/node-gyp
4611 silly ADD node_modules/sqlite3/node_modules/node-addon-api
4612 silly ADD node_modules/sqlite3/node_modules/minipass-fetch
4613 silly ADD node_modules/sqlite3/node_modules/make-fetch-happen
4614 silly ADD node_modules/sqlite3/node_modules/lru-cache
4615 silly ADD node_modules/sqlite3/node_modules/http-proxy-agent
4616 silly ADD node_modules/sqlite3/node_modules/glob
4617 silly ADD node_modules/sqlite3/node_modules/cacache
4618 silly ADD node_modules/sqlite3/node_modules/@tootallnate/once
4619 silly ADD node_modules/sqlite3/node_modules/@npmcli/move-file
4620 silly ADD node_modules/sqlite3/node_modules/@npmcli/fs
4621 silly ADD node_modules/sprintf-js
4622 silly ADD node_modules/split2
4623 silly ADD node_modules/spdx-license-ids
4624 silly ADD node_modules/spdx-expression-parse
4625 silly ADD node_modules/spdx-exceptions
4626 silly ADD node_modules/spdx-correct
4627 silly ADD node_modules/spawn-please
4628 silly ADD node_modules/spawn-command
4629 silly ADD node_modules/source-map-support
4630 silly ADD node_modules/source-map-js
4631 silly ADD node_modules/source-map
4632 silly ADD node_modules/sonic-boom
4633 silly ADD node_modules/sodium-native
4634 silly ADD node_modules/socks-proxy-agent
4635 silly ADD node_modules/socks
4636 silly ADD node_modules/smart-buffer
4637 silly ADD node_modules/slash
4638 silly ADD node_modules/sisteransi
4639 silly ADD node_modules/simple-get
4640 silly ADD node_modules/simple-concat
4641 silly ADD node_modules/sigstore
4642 silly ADD node_modules/signal-exit
4643 silly ADD node_modules/side-channel
4644 silly ADD node_modules/shell-quote
4645 silly ADD node_modules/shebang-regex
4646 silly ADD node_modules/shebang-command
4647 silly ADD node_modules/shallow-clone
4648 silly ADD node_modules/setprototypeof
4649 silly ADD node_modules/set-function-name
4650 silly ADD node_modules/set-function-length
4651 silly ADD node_modules/set-cookie-parser
4652 silly ADD node_modules/set-blocking
4653 silly ADD node_modules/serialize-javascript
4654 silly ADD node_modules/sequelize-pool
4655 silly ADD node_modules/sequelize-cli
4656 silly ADD node_modules/sequelize-cli/node_modules/yargs-parser
4657 silly ADD node_modules/sequelize-cli/node_modules/yargs
4658 silly ADD node_modules/sequelize-cli/node_modules/wrap-ansi
4659 silly ADD node_modules/sequelize-cli/node_modules/cliui
4660 silly ADD node_modules/sequelize
4661 silly ADD node_modules/semver-utils
4662 silly ADD node_modules/semver-diff
4663 silly ADD node_modules/semver
4664 silly ADD node_modules/semver/node_modules/lru-cache
4665 silly ADD node_modules/secure-json-parse
4666 silly ADD node_modules/schema-utils
4667 silly ADD node_modules/schema-utils/node_modules/json-schema-traverse
4668 silly ADD node_modules/schema-utils/node_modules/ajv-keywords
4669 silly ADD node_modules/schema-utils/node_modules/ajv
4670 silly ADD node_modules/safer-buffer
4671 silly ADD node_modules/safe-stable-stringify
4672 silly ADD node_modules/safe-regex2
4673 silly ADD node_modules/safe-regex-test
4674 silly ADD node_modules/safe-buffer
4675 silly ADD node_modules/safe-array-concat
4676 silly ADD node_modules/rxjs
4677 silly ADD node_modules/run-parallel
4678 silly ADD node_modules/rimraf
4679 silly ADD node_modules/rimraf/node_modules/glob
4680 silly ADD node_modules/rfdc
4681 silly ADD node_modules/reusify
4682 silly ADD node_modules/retry-as-promised
4683 silly ADD node_modules/retry
4684 silly ADD node_modules/ret
4685 silly ADD node_modules/responselike
4686 silly ADD node_modules/responselike/node_modules/lowercase-keys
4687 silly ADD node_modules/resolve.exports
4688 silly ADD node_modules/resolve-from
4689 silly ADD node_modules/resolve-cwd
4690 silly ADD node_modules/resolve-alpn
4691 silly ADD node_modules/resolve
4692 silly ADD node_modules/require-from-string
4693 silly ADD node_modules/require-directory
4694 silly ADD node_modules/remote-git-tags
4695 silly ADD node_modules/registry-url
4696 silly ADD node_modules/registry-auth-token
4697 silly ADD node_modules/regexp.prototype.flags
4698 silly ADD node_modules/regenerator-runtime
4699 silly ADD node_modules/rechoir
4700 silly ADD node_modules/real-require
4701 silly ADD node_modules/readdirp
4702 silly ADD node_modules/readable-stream
4703 silly ADD node_modules/read-package-json-fast
4704 silly ADD node_modules/read-package-json-fast/node_modules/json-parse-even-better-errors
4705 silly ADD node_modules/read-package-json
4706 silly ADD node_modules/read-package-json/node_modules/json-parse-even-better-errors
4707 silly ADD node_modules/react-is
4708 silly ADD node_modules/rc-config-loader
4709 silly ADD node_modules/rc
4710 silly ADD node_modules/rc/node_modules/strip-json-comments
4711 silly ADD node_modules/rc/node_modules/ini
4712 silly ADD node_modules/randombytes
4713 silly ADD node_modules/quick-lru
4714 silly ADD node_modules/quick-format-unescaped
4715 silly ADD node_modules/queue-microtask
4716 silly ADD node_modules/qs
4717 silly ADD node_modules/pure-rand
4718 silly ADD node_modules/pupa
4719 silly ADD node_modules/punycode
4720 silly ADD node_modules/pump
4721 silly ADD node_modules/pug-walk
4722 silly ADD node_modules/pug-strip-comments
4723 silly ADD node_modules/pug-runtime
4724 silly ADD node_modules/pug-parser
4725 silly ADD node_modules/pug-load
4726 silly ADD node_modules/pug-linker
4727 silly ADD node_modules/pug-lexer
4728 silly ADD node_modules/pug-filters
4729 silly ADD node_modules/pug-error
4730 silly ADD node_modules/pug-code-gen
4731 silly ADD node_modules/pug-attrs
4732 silly ADD node_modules/pug
4733 silly ADD node_modules/proxy-addr
4734 silly ADD node_modules/proto-list
4735 silly ADD node_modules/prompts-ncu
4736 silly ADD node_modules/prompts-ncu/node_modules/kleur
4737 silly ADD node_modules/prompts
4738 silly ADD node_modules/promise-retry
4739 silly ADD node_modules/promise-inflight
4740 silly ADD node_modules/promise
4741 silly ADD node_modules/progress
4742 silly ADD node_modules/process-warning
4743 silly ADD node_modules/process
4744 silly ADD node_modules/proc-log
4745 silly ADD node_modules/pretty-format
4746 silly ADD node_modules/pretty-format/node_modules/ansi-styles
4747 silly ADD node_modules/prelude-ls
4748 silly ADD node_modules/prebuild-install
4749 silly ADD node_modules/postgres-interval
4750 silly ADD node_modules/postgres-date
4751 silly ADD node_modules/postgres-bytea
4752 silly ADD node_modules/postgres-array
4753 silly ADD node_modules/postcss-value-parser
4754 silly ADD node_modules/postcss-selector-parser
4755 silly ADD node_modules/postcss-modules-values
4756 silly ADD node_modules/postcss-modules-scope
4757 silly ADD node_modules/postcss-modules-local-by-default
4758 silly ADD node_modules/postcss-modules-extract-imports
4759 silly ADD node_modules/postcss
4760 silly ADD node_modules/possible-typed-array-names
4761 silly ADD node_modules/pkg-up
4762 silly ADD node_modules/pkg-up/node_modules/path-exists
4763 silly ADD node_modules/pkg-up/node_modules/p-locate
4764 silly ADD node_modules/pkg-up/node_modules/p-limit
4765 silly ADD node_modules/pkg-up/node_modules/locate-path
4766 silly ADD node_modules/pkg-up/node_modules/find-up
4767 silly ADD node_modules/pkg-dir
4768 silly ADD node_modules/pkg-dir/node_modules/p-locate
4769 silly ADD node_modules/pkg-dir/node_modules/p-limit
4770 silly ADD node_modules/pkg-dir/node_modules/locate-path
4771 silly ADD node_modules/pkg-dir/node_modules/find-up
4772 silly ADD node_modules/pirates
4773 silly ADD node_modules/pino-std-serializers
4774 silly ADD node_modules/pino-pretty
4775 silly ADD node_modules/pino-pretty/node_modules/readable-stream
4776 silly ADD node_modules/pino-pretty/node_modules/help-me
4777 silly ADD node_modules/pino-pretty/node_modules/buffer
4778 silly ADD node_modules/pino-abstract-transport
4779 silly ADD node_modules/pino-abstract-transport/node_modules/split2
4780 silly ADD node_modules/pino-abstract-transport/node_modules/readable-stream
4781 silly ADD node_modules/pino-abstract-transport/node_modules/buffer
4782 silly ADD node_modules/pino
4783 silly ADD node_modules/picomatch
4784 silly ADD node_modules/picocolors
4785 silly ADD node_modules/pgpass
4786 silly ADD node_modules/pgpass/node_modules/split2
4787 silly ADD node_modules/pg-types
4788 silly ADD node_modules/pg-protocol
4789 silly ADD node_modules/pg-pool
4790 silly ADD node_modules/pg-int8
4791 silly ADD node_modules/pg-connection-string
4792 silly ADD node_modules/pg-cloudflare
4793 silly ADD node_modules/pg
4794 silly ADD node_modules/pg/node_modules/pg-connection-string
4795 silly ADD node_modules/path-type
4796 silly ADD node_modules/path-to-regexp
4797 silly ADD node_modules/path-scurry
4798 silly ADD node_modules/path-scurry/node_modules/minipass
4799 silly ADD node_modules/path-scurry/node_modules/lru-cache
4800 silly ADD node_modules/path-parse
4801 silly ADD node_modules/path-key
4802 silly ADD node_modules/path-is-absolute
4803 silly ADD node_modules/path-exists
4804 silly ADD node_modules/parse-json
4805 silly ADD node_modules/parse-github-url
4806 silly ADD node_modules/parent-module
4807 silly ADD node_modules/pacote
4808 silly ADD node_modules/pacote/node_modules/minipass
4809 silly ADD node_modules/pacote/node_modules/fs-minipass
4810 silly ADD node_modules/pacote/node_modules/fs-minipass/node_modules/minipass
4811 silly ADD node_modules/package-json
4812 silly ADD node_modules/p-try
4813 silly ADD node_modules/p-map
4814 silly ADD node_modules/p-locate
4815 silly ADD node_modules/p-limit
4816 silly ADD node_modules/p-cancelable
4817 silly ADD node_modules/optionator
4818 silly ADD node_modules/onetime
4819 silly ADD node_modules/once
4820 silly ADD node_modules/on-exit-leak-free
4821 silly ADD node_modules/objection-unique
4822 silly ADD node_modules/objection
4823 silly ADD node_modules/objection/node_modules/json-schema-traverse
4824 silly ADD node_modules/objection/node_modules/ajv
4825 silly ADD node_modules/object.values
4826 silly ADD node_modules/object.groupby
4827 silly ADD node_modules/object.fromentries
4828 silly ADD node_modules/object.entries
4829 silly ADD node_modules/object.assign
4830 silly ADD node_modules/object-keys
4831 silly ADD node_modules/object-inspect
4832 silly ADD node_modules/object-assign
4833 silly ADD node_modules/npmlog
4834 silly ADD node_modules/npm-run-path
4835 silly ADD node_modules/npm-registry-fetch
4836 silly ADD node_modules/npm-registry-fetch/node_modules/minipass
4837 silly ADD node_modules/npm-pick-manifest
4838 silly ADD node_modules/npm-packlist
4839 silly ADD node_modules/npm-package-arg
4840 silly ADD node_modules/npm-package-arg/node_modules/lru-cache
4841 silly ADD node_modules/npm-package-arg/node_modules/hosted-git-info
4842 silly ADD node_modules/npm-normalize-package-bin
4843 silly ADD node_modules/npm-install-checks
4844 silly ADD node_modules/npm-check-updates
4845 silly ADD node_modules/npm-check-updates/node_modules/strip-json-comments
4846 silly ADD node_modules/npm-check-updates/node_modules/strip-ansi
4847 silly ADD node_modules/npm-check-updates/node_modules/source-map-support
4848 silly ADD node_modules/npm-check-updates/node_modules/rimraf
4849 silly ADD node_modules/npm-check-updates/node_modules/minimatch
4850 silly ADD node_modules/npm-check-updates/node_modules/ini
4851 silly ADD node_modules/npm-check-updates/node_modules/chalk
4852 silly ADD node_modules/npm-check-updates/node_modules/brace-expansion
4853 silly ADD node_modules/npm-check-updates/node_modules/ansi-regex
4854 silly ADD node_modules/npm-bundled
4855 silly ADD node_modules/normalize-url
4856 silly ADD node_modules/normalize-path
4857 silly ADD node_modules/normalize-package-data
4858 silly ADD node_modules/normalize-package-data/node_modules/lru-cache
4859 silly ADD node_modules/normalize-package-data/node_modules/hosted-git-info
4860 silly ADD node_modules/nopt
4861 silly ADD node_modules/node-releases
4862 silly ADD node_modules/node-int64
4863 silly ADD node_modules/node-gyp-build
4864 silly ADD node_modules/node-gyp
4865 silly ADD node_modules/node-gyp/node_modules/unique-slug
4866 silly ADD node_modules/node-gyp/node_modules/unique-filename
4867 silly ADD node_modules/node-gyp/node_modules/ssri
4868 silly ADD node_modules/node-gyp/node_modules/nopt
4869 silly ADD node_modules/node-gyp/node_modules/minipass-fetch
4870 silly ADD node_modules/node-gyp/node_modules/make-fetch-happen
4871 silly ADD node_modules/node-gyp/node_modules/lru-cache
4872 silly ADD node_modules/node-gyp/node_modules/glob
4873 silly ADD node_modules/node-gyp/node_modules/cacache
4874 silly ADD node_modules/node-gyp/node_modules/cacache/node_modules/minimatch
4875 silly ADD node_modules/node-gyp/node_modules/cacache/node_modules/glob
4876 silly ADD node_modules/node-gyp/node_modules/brace-expansion
4877 silly ADD node_modules/node-gyp/node_modules/@npmcli/fs
4878 silly ADD node_modules/node-addon-api
4879 silly ADD node_modules/node-abi
4880 silly ADD node_modules/next-tick
4881 silly ADD node_modules/neo-async
4882 silly ADD node_modules/negotiator
4883 silly ADD node_modules/natural-compare
4884 silly ADD node_modules/napi-build-utils
4885 silly ADD node_modules/nanoid
4886 silly ADD node_modules/mustache
4887 silly ADD node_modules/ms
4888 silly ADD node_modules/moment-timezone
4889 silly ADD node_modules/moment
4890 silly ADD node_modules/mkdirp-classic
4891 silly ADD node_modules/mkdirp
4892 silly ADD node_modules/minizlib
4893 silly ADD node_modules/minipass-sized
4894 silly ADD node_modules/minipass-pipeline
4895 silly ADD node_modules/minipass-json-stream
4896 silly ADD node_modules/minipass-flush
4897 silly ADD node_modules/minipass-fetch
4898 silly ADD node_modules/minipass-fetch/node_modules/minipass
4899 silly ADD node_modules/minipass-collect
4900 silly ADD node_modules/minipass
4901 silly ADD node_modules/minimist
4902 silly ADD node_modules/minimatch
4903 silly ADD node_modules/mini-css-extract-plugin
4904 silly ADD node_modules/mimic-response
4905 silly ADD node_modules/mimic-fn
4906 silly ADD node_modules/mime-types
4907 silly ADD node_modules/mime-db
4908 silly ADD node_modules/mime
4909 silly ADD node_modules/micromatch
4910 silly ADD node_modules/merge2
4911 silly ADD node_modules/merge-stream
4912 silly ADD node_modules/memoizee
4913 silly ADD node_modules/media-typer
4914 silly ADD node_modules/mdurl
4915 silly ADD node_modules/markdown-it
4916 silly ADD node_modules/makeerror
4917 silly ADD node_modules/make-promises-safe
4918 silly ADD node_modules/make-fetch-happen
4919 silly ADD node_modules/make-fetch-happen/node_modules/minipass
4920 silly ADD node_modules/make-fetch-happen/node_modules/lru-cache
4921 silly ADD node_modules/make-dir
4922 silly ADD node_modules/lru-queue
4923 silly ADD node_modules/lru-cache
4924 silly ADD node_modules/lru-cache/node_modules/yallist
4925 silly ADD node_modules/lowercase-keys
4926 silly ADD node_modules/lodash.merge
4927 silly ADD node_modules/lodash.isempty
4928 silly ADD node_modules/lodash.compact
4929 silly ADD node_modules/lodash.castarray
4930 silly ADD node_modules/lodash
4931 silly ADD node_modules/locate-path
4932 silly ADD node_modules/loader-runner
4933 silly ADD node_modules/linkify-it
4934 silly ADD node_modules/lines-and-columns
4935 silly ADD node_modules/light-my-request
4936 silly ADD node_modules/levn
4937 silly ADD node_modules/leven
4938 silly ADD node_modules/latest-version
4939 silly ADD node_modules/knex
4940 silly ADD node_modules/kleur
4941 silly ADD node_modules/kind-of
4942 silly ADD node_modules/keyv
4943 silly ADD node_modules/jstransformer-markdown-it
4944 silly ADD node_modules/jstransformer
4945 silly ADD node_modules/jsonparse
4946 silly ADD node_modules/jsonlines
4947 silly ADD node_modules/jsonfile
4948 silly ADD node_modules/json5
4949 silly ADD node_modules/json-stable-stringify-without-jsonify
4950 silly ADD node_modules/json-schema-traverse
4951 silly ADD node_modules/json-schema-ref-resolver
4952 silly ADD node_modules/json-parse-helpfulerror
4953 silly ADD node_modules/json-parse-even-better-errors
4954 silly ADD node_modules/json-buffer
4955 silly ADD node_modules/jsesc
4956 silly ADD node_modules/js-yaml
4957 silly ADD node_modules/js-tokens
4958 silly ADD node_modules/js-stringify
4959 silly ADD node_modules/js-cookie
4960 silly ADD node_modules/js-beautify
4961 silly ADD node_modules/js-beautify/node_modules/nopt
4962 silly ADD node_modules/js-beautify/node_modules/abbrev
4963 silly ADD node_modules/jquery
4964 silly ADD node_modules/joycon
4965 silly ADD node_modules/jju
4966 silly ADD node_modules/jest-worker
4967 silly ADD node_modules/jest-worker/node_modules/supports-color
4968 silly ADD node_modules/jest-watcher
4969 silly ADD node_modules/jest-validate
4970 silly ADD node_modules/jest-validate/node_modules/camelcase
4971 silly ADD node_modules/jest-util
4972 silly ADD node_modules/jest-snapshot
4973 silly ADD node_modules/jest-runtime
4974 silly ADD node_modules/jest-runtime/node_modules/glob
4975 silly ADD node_modules/jest-runner
4976 silly ADD node_modules/jest-resolve-dependencies
4977 silly ADD node_modules/jest-resolve
4978 silly ADD node_modules/jest-regex-util
4979 silly ADD node_modules/jest-pnp-resolver
4980 silly ADD node_modules/jest-mock
4981 silly ADD node_modules/jest-message-util
4982 silly ADD node_modules/jest-matcher-utils
4983 silly ADD node_modules/jest-leak-detector
4984 silly ADD node_modules/jest-haste-map
4985 silly ADD node_modules/jest-get-type
4986 silly ADD node_modules/jest-environment-node
4987 silly ADD node_modules/jest-each
4988 silly ADD node_modules/jest-docblock
4989 silly ADD node_modules/jest-diff
4990 silly ADD node_modules/jest-config
4991 silly ADD node_modules/jest-config/node_modules/glob
4992 silly ADD node_modules/jest-cli
4993 silly ADD node_modules/jest-circus
4994 silly ADD node_modules/jest-changed-files
4995 silly ADD node_modules/jest
4996 silly ADD node_modules/jackspeak
4997 silly ADD node_modules/istanbul-reports
4998 silly ADD node_modules/istanbul-lib-source-maps
4999 silly ADD node_modules/istanbul-lib-report
5000 silly ADD node_modules/istanbul-lib-instrument
5001 silly ADD node_modules/istanbul-lib-coverage
5002 silly ADD node_modules/isobject
5003 silly ADD node_modules/isexe
5004 silly ADD node_modules/isbinaryfile
5005 silly ADD node_modules/isarray
5006 silly ADD node_modules/is-yarn-global
5007 silly ADD node_modules/is-weakref
5008 silly ADD node_modules/is-typedarray
5009 silly ADD node_modules/is-typed-array
5010 silly ADD node_modules/is-symbol
5011 silly ADD node_modules/is-string
5012 silly ADD node_modules/is-stream
5013 silly ADD node_modules/is-shared-array-buffer
5014 silly ADD node_modules/is-regex
5015 silly ADD node_modules/is-promise
5016 silly ADD node_modules/is-plain-object
5017 silly ADD node_modules/is-path-inside
5018 silly ADD node_modules/is-obj
5019 silly ADD node_modules/is-number-object
5020 silly ADD node_modules/is-number
5021 silly ADD node_modules/is-npm
5022 silly ADD node_modules/is-negative-zero
5023 silly ADD node_modules/is-lambda
5024 silly ADD node_modules/is-installed-globally
5025 silly ADD node_modules/is-glob
5026 silly ADD node_modules/is-generator-fn
5027 silly ADD node_modules/is-fullwidth-code-point
5028 silly ADD node_modules/is-extglob
5029 silly ADD node_modules/is-expression
5030 silly ADD node_modules/is-expression/node_modules/acorn
5031 silly ADD node_modules/is-docker
5032 silly ADD node_modules/is-date-object
5033 silly ADD node_modules/is-data-view
5034 silly ADD node_modules/is-core-module
5035 silly ADD node_modules/is-ci
5036 silly ADD node_modules/is-callable
5037 silly ADD node_modules/is-boolean-object
5038 silly ADD node_modules/is-binary-path
5039 silly ADD node_modules/is-bigint
5040 silly ADD node_modules/is-arrayish
5041 silly ADD node_modules/is-array-buffer
5042 silly ADD node_modules/ipaddr.js
5043 silly ADD node_modules/ip
5044 silly ADD node_modules/interpret
5045 silly ADD node_modules/internal-slot
5046 silly ADD node_modules/ini
5047 silly ADD node_modules/inherits
5048 silly ADD node_modules/inflight
5049 silly ADD node_modules/inflection
5050 silly ADD node_modules/infer-owner
5051 silly ADD node_modules/indent-string
5052 silly ADD node_modules/imurmurhash
5053 silly ADD node_modules/import-local
5054 silly ADD node_modules/import-lazy
5055 silly ADD node_modules/import-fresh
5056 silly ADD node_modules/import-fresh/node_modules/resolve-from
5057 silly ADD node_modules/ignore-walk
5058 silly ADD node_modules/ignore-walk/node_modules/minimatch
5059 silly ADD node_modules/ignore-walk/node_modules/brace-expansion
5060 silly ADD node_modules/ignore
5061 silly ADD node_modules/ieee754
5062 silly ADD node_modules/icss-utils
5063 silly ADD node_modules/iconv-lite
5064 silly ADD node_modules/i18next
5065 silly ADD node_modules/humanize-ms
5066 silly ADD node_modules/human-signals
5067 silly ADD node_modules/https-proxy-agent
5068 silly ADD node_modules/http2-wrapper
5069 silly ADD node_modules/http-proxy-agent
5070 silly ADD node_modules/http-errors
5071 silly ADD node_modules/http-cache-semantics
5072 silly ADD node_modules/html-escaper
5073 silly ADD node_modules/hosted-git-info
5074 silly ADD node_modules/hosted-git-info/node_modules/lru-cache
5075 silly ADD node_modules/help-me
5076 silly ADD node_modules/help-me/node_modules/minimatch
5077 silly ADD node_modules/help-me/node_modules/glob
5078 silly ADD node_modules/help-me/node_modules/brace-expansion
5079 silly ADD node_modules/hasown
5080 silly ADD node_modules/hashlru
5081 silly ADD node_modules/has-yarn
5082 silly ADD node_modules/has-unicode
5083 silly ADD node_modules/has-tostringtag
5084 silly ADD node_modules/has-symbols
5085 silly ADD node_modules/has-proto
5086 silly ADD node_modules/has-property-descriptors
5087 silly ADD node_modules/has-flag
5088 silly ADD node_modules/has-bigints
5089 silly ADD node_modules/graphemer
5090 silly ADD node_modules/graceful-fs
5091 silly ADD node_modules/got
5092 silly ADD node_modules/gopd
5093 silly ADD node_modules/globby
5094 silly ADD node_modules/globalthis
5095 silly ADD node_modules/globals
5096 silly ADD node_modules/global-dirs
5097 silly ADD node_modules/glob-to-regexp
5098 silly ADD node_modules/glob-parent
5099 silly ADD node_modules/glob
5100 silly ADD node_modules/glob/node_modules/minipass
5101 silly ADD node_modules/glob/node_modules/minimatch
5102 silly ADD node_modules/glob/node_modules/brace-expansion
5103 silly ADD node_modules/github-from-package
5104 silly ADD node_modules/getopts
5105 silly ADD node_modules/get-symbol-description
5106 silly ADD node_modules/get-stream
5107 silly ADD node_modules/get-stdin
5108 silly ADD node_modules/get-package-type
5109 silly ADD node_modules/get-intrinsic
5110 silly ADD node_modules/get-caller-file
5111 silly ADD node_modules/gensync
5112 silly ADD node_modules/generify
5113 silly ADD node_modules/gauge
5114 silly ADD node_modules/functions-have-names
5115 silly ADD node_modules/function.prototype.name
5116 silly ADD node_modules/function-bind
5117 silly ADD
5118 silly ADD node_modules/fs.realpath
5119 silly ADD node_modules/fs-minipass
5120 silly ADD node_modules/fs-extra
5121 silly ADD node_modules/fs-constants
5122 silly ADD node_modules/fp-and-or
5123 silly ADD node_modules/forwarded
5124 silly ADD node_modules/form-data-encoder
5125 silly ADD node_modules/foreground-child
5126 silly ADD node_modules/foreground-child/node_modules/signal-exit
5127 silly ADD node_modules/for-each
5128 silly ADD node_modules/flatted
5129 silly ADD node_modules/flat-cache
5130 silly ADD node_modules/find-up
5131 silly ADD node_modules/find-my-way
5132 silly ADD node_modules/fill-range
5133 silly ADD node_modules/file-uri-to-path
5134 silly ADD node_modules/file-entry-cache
5135 silly ADD node_modules/fb-watchman
5136 silly ADD node_modules/fastq
5137 silly ADD node_modules/fastify-reverse-routes
5138 silly ADD node_modules/fastify-plugin
5139 silly ADD node_modules/fastify-objectionjs
5140 silly ADD node_modules/fastify-objectionjs/node_modules/pg-connection-string
5141 silly ADD node_modules/fastify-objectionjs/node_modules/knex
5142 silly ADD node_modules/fastify-objectionjs/node_modules/fastify-plugin
5143 silly ADD node_modules/fastify-method-override
5144 silly ADD node_modules/fastify-method-override/node_modules/fastify-plugin
5145 silly ADD node_modules/fastify-error-page
5146 silly ADD node_modules/fastify-error-page/node_modules/fastify-plugin
5147 silly ADD node_modules/fastify-cli
5148 silly ADD node_modules/fastify-cli/node_modules/readable-stream
5149 silly ADD node_modules/fastify-cli/node_modules/pino-pretty
5150 silly ADD node_modules/fastify-cli/node_modules/pino-pretty/node_modules/help-me
5151 silly ADD node_modules/fastify-cli/node_modules/fastify-plugin
5152 silly ADD node_modules/fastify-cli/node_modules/buffer
5153 silly ADD node_modules/fastify
5154 silly ADD node_modules/fastest-levenshtein
5155 silly ADD node_modules/fast-uri
5156 silly ADD node_modules/fast-safe-stringify
5157 silly ADD node_modules/fast-redact
5158 silly ADD node_modules/fast-querystring
5159 silly ADD node_modules/fast-memoize
5160 silly ADD node_modules/fast-levenshtein
5161 silly ADD node_modules/fast-json-stringify
5162 silly ADD node_modules/fast-json-stringify/node_modules/json-schema-traverse
5163 silly ADD node_modules/fast-json-stringify/node_modules/ajv-formats
5164 silly ADD node_modules/fast-json-stringify/node_modules/ajv
5165 silly ADD node_modules/fast-json-stable-stringify
5166 silly ADD node_modules/fast-glob
5167 silly ADD node_modules/fast-glob/node_modules/glob-parent
5168 silly ADD node_modules/fast-deep-equal
5169 silly ADD node_modules/fast-decode-uri-component
5170 silly ADD node_modules/fast-copy
5171 silly ADD node_modules/fast-content-type-parse
5172 silly ADD node_modules/ext
5173 silly ADD node_modules/exponential-backoff
5174 silly ADD node_modules/expect
5175 silly ADD node_modules/expand-template
5176 silly ADD node_modules/exit
5177 silly ADD node_modules/execa
5178 silly ADD node_modules/events
5179 silly ADD node_modules/event-target-shim
5180 silly ADD node_modules/event-emitter
5181 silly ADD node_modules/esutils
5182 silly ADD node_modules/estraverse
5183 silly ADD node_modules/esrecurse
5184 silly ADD node_modules/esquery
5185 silly ADD node_modules/esprima
5186 silly ADD node_modules/espree
5187 silly ADD node_modules/espree/node_modules/eslint-visitor-keys
5188 silly ADD node_modules/esniff
5189 silly ADD node_modules/esm
5190 silly ADD node_modules/eslint-visitor-keys
5191 silly ADD node_modules/eslint-scope
5192 silly ADD node_modules/eslint-plugin-import
5193 silly ADD node_modules/eslint-plugin-import/node_modules/semver
5194 silly ADD node_modules/eslint-plugin-import/node_modules/doctrine
5195 silly ADD node_modules/eslint-plugin-import/node_modules/debug
5196 silly ADD node_modules/eslint-module-utils
5197 silly ADD node_modules/eslint-module-utils/node_modules/debug
5198 silly ADD node_modules/eslint-import-resolver-node
5199 silly ADD node_modules/eslint-import-resolver-node/node_modules/debug
5200 silly ADD node_modules/eslint-config-airbnb-base
5201 silly ADD node_modules/eslint-config-airbnb-base/node_modules/semver
5202 silly ADD node_modules/eslint
5203 silly ADD node_modules/eslint/node_modules/globals
5204 silly ADD node_modules/eslint/node_modules/espree
5205 silly ADD node_modules/eslint/node_modules/escape-string-regexp
5206 silly ADD node_modules/eslint/node_modules/@eslint/js
5207 silly ADD node_modules/eslint/node_modules/@eslint/eslintrc
5208 silly ADD node_modules/escape-string-regexp
5209 silly ADD node_modules/escape-html
5210 silly ADD node_modules/escape-goat
5211 silly ADD node_modules/escalade
5212 silly ADD node_modules/es6-weak-map
5213 silly ADD node_modules/es6-symbol
5214 silly ADD node_modules/es6-iterator
5215 silly ADD node_modules/es5-ext
5216 silly ADD node_modules/es-to-primitive
5217 silly ADD node_modules/es-shim-unscopables
5218 silly ADD node_modules/es-set-tostringtag
5219 silly ADD node_modules/es-object-atoms
5220 silly ADD node_modules/es-module-lexer
5221 silly ADD node_modules/es-errors
5222 silly ADD node_modules/es-define-property
5223 silly ADD node_modules/es-abstract
5224 silly ADD node_modules/error-ex
5225 silly ADD node_modules/err-code
5226 silly ADD node_modules/envinfo
5227 silly ADD node_modules/env-paths
5228 silly ADD node_modules/entities
5229 silly ADD node_modules/enhanced-resolve
5230 silly ADD node_modules/end-of-stream
5231 silly ADD node_modules/encoding
5232 silly ADD node_modules/emoji-regex
5233 silly ADD node_modules/emittery
5234 silly ADD node_modules/electron-to-chromium
5235 silly ADD node_modules/editorconfig
5236 silly ADD node_modules/editorconfig/node_modules/minimatch
5237 silly ADD node_modules/editorconfig/node_modules/brace-expansion
5238 silly ADD node_modules/eastasianwidth
5239 silly ADD node_modules/dottie
5240 silly ADD node_modules/dotenv
5241 silly ADD node_modules/dot-prop
5242 silly ADD node_modules/doctypes
5243 silly ADD node_modules/doctrine
5244 silly ADD node_modules/dir-glob
5245 silly ADD node_modules/diff-sequences
5246 silly ADD node_modules/detect-newline
5247 silly ADD node_modules/detect-libc
5248 silly ADD node_modules/depd
5249 silly ADD node_modules/delegates
5250 silly ADD node_modules/define-properties
5251 silly ADD node_modules/define-data-property
5252 silly ADD node_modules/defer-to-connect
5253 silly ADD node_modules/deepmerge
5254 silly ADD node_modules/deep-is
5255 silly ADD node_modules/deep-extend
5256 silly ADD node_modules/dedent
5257 silly ADD node_modules/decompress-response
5258 silly ADD node_modules/decompress-response/node_modules/mimic-response
5259 silly ADD node_modules/debug
5260 silly ADD node_modules/debug/node_modules/ms
5261 silly ADD node_modules/db-errors
5262 silly ADD node_modules/dateformat
5263 silly ADD node_modules/date-fns
5264 silly ADD node_modules/data-view-byte-offset
5265 silly ADD node_modules/data-view-byte-length
5266 silly ADD node_modules/data-view-buffer
5267 silly ADD node_modules/d
5268 silly ADD node_modules/cssesc
5269 silly ADD node_modules/css-loader
5270 silly ADD node_modules/crypto-random-string
5271 silly ADD node_modules/crypto-random-string/node_modules/type-fest
5272 silly ADD node_modules/cross-spawn
5273 silly ADD node_modules/create-jest
5274 silly ADD node_modules/cookie-signature
5275 silly ADD node_modules/cookie
5276 silly ADD node_modules/convert-source-map
5277 silly ADD node_modules/content-disposition
5278 silly ADD node_modules/constantinople
5279 silly ADD node_modules/console-control-strings
5280 silly ADD node_modules/confusing-browser-globals
5281 silly ADD node_modules/configstore
5282 silly ADD node_modules/configstore/node_modules/write-file-atomic
5283 silly ADD node_modules/config-chain
5284 silly ADD node_modules/config-chain/node_modules/ini
5285 silly ADD node_modules/concurrently
5286 silly ADD node_modules/concurrently/node_modules/supports-color
5287 silly ADD node_modules/concat-map
5288 silly ADD node_modules/commist
5289 silly ADD node_modules/commander
5290 silly ADD node_modules/colorette
5291 silly ADD node_modules/color-support
5292 silly ADD node_modules/color-name
5293 silly ADD node_modules/color-convert
5294 silly ADD node_modules/collect-v8-coverage
5295 silly ADD node_modules/co
5296 silly ADD node_modules/close-with-grace
5297 silly ADD node_modules/clone-response
5298 silly ADD node_modules/clone-deep
5299 silly ADD node_modules/cliui
5300 silly ADD node_modules/cliui/node_modules/wrap-ansi
5301 silly ADD node_modules/cli-table3
5302 silly ADD node_modules/cli-color
5303 silly ADD node_modules/cli-boxes
5304 silly ADD node_modules/clean-stack
5305 silly ADD node_modules/cjs-module-lexer
5306 silly ADD node_modules/ci-info
5307 silly ADD node_modules/chrome-trace-event
5308 silly ADD node_modules/chownr
5309 silly ADD node_modules/chokidar
5310 silly ADD node_modules/chokidar/node_modules/glob-parent
5311 silly ADD node_modules/character-parser
5312 silly ADD node_modules/char-regex
5313 silly ADD node_modules/chalk
5314 silly ADD node_modules/caniuse-lite
5315 silly ADD node_modules/camelcase
5316 silly ADD node_modules/callsites
5317 silly ADD node_modules/call-bind
5318 silly ADD node_modules/cacheable-request
5319 silly ADD node_modules/cacheable-request/node_modules/lowercase-keys
5320 silly ADD node_modules/cacheable-request/node_modules/get-stream
5321 silly ADD node_modules/cacheable-lookup
5322 silly ADD node_modules/cacache
5323 silly ADD node_modules/cacache/node_modules/unique-slug
5324 silly ADD node_modules/cacache/node_modules/unique-filename
5325 silly ADD node_modules/cacache/node_modules/minipass
5326 silly ADD node_modules/cacache/node_modules/lru-cache
5327 silly ADD node_modules/cacache/node_modules/fs-minipass
5328 silly ADD node_modules/builtins
5329 silly ADD node_modules/buffer-from
5330 silly ADD node_modules/buffer
5331 silly ADD node_modules/bser
5332 silly ADD node_modules/browserslist
5333 silly ADD node_modules/braces
5334 silly ADD node_modules/brace-expansion
5335 silly ADD node_modules/boxen
5336 silly ADD node_modules/boxen/node_modules/type-fest
5337 silly ADD node_modules/boxen/node_modules/strip-ansi
5338 silly ADD node_modules/boxen/node_modules/string-width
5339 silly ADD node_modules/boxen/node_modules/emoji-regex
5340 silly ADD node_modules/boxen/node_modules/chalk
5341 silly ADD node_modules/boxen/node_modules/camelcase
5342 silly ADD node_modules/boxen/node_modules/ansi-regex
5343 silly ADD node_modules/bootstrap
5344 silly ADD node_modules/bluebird
5345 silly ADD node_modules/bl
5346 silly ADD node_modules/bindings
5347 silly ADD node_modules/binary-extensions
5348 silly ADD node_modules/better-sqlite3
5349 silly ADD node_modules/base64-js
5350 silly ADD node_modules/balanced-match
5351 silly ADD node_modules/babel-walk
5352 silly ADD node_modules/babel-preset-jest
5353 silly ADD node_modules/babel-preset-current-node-syntax
5354 silly ADD node_modules/babel-plugin-jest-hoist
5355 silly ADD node_modules/babel-plugin-istanbul
5356 silly ADD node_modules/babel-plugin-istanbul/node_modules/semver
5357 silly ADD node_modules/babel-plugin-istanbul/node_modules/istanbul-lib-instrument
5358 silly ADD node_modules/babel-jest
5359 silly ADD node_modules/avvio
5360 silly ADD node_modules/available-typed-arrays
5361 silly ADD node_modules/atomic-sleep
5362 silly ADD node_modules/at-least-node
5363 silly ADD node_modules/assert-never
5364 silly ADD node_modules/asap
5365 silly ADD node_modules/arraybuffer.prototype.slice
5366 silly ADD node_modules/array.prototype.flatmap
5367 silly ADD node_modules/array.prototype.flat
5368 silly ADD node_modules/array.prototype.findlastindex
5369 silly ADD node_modules/array-union
5370 silly ADD node_modules/array-includes
5371 silly ADD node_modules/array-buffer-byte-length
5372 silly ADD node_modules/argparse
5373 silly ADD node_modules/are-we-there-yet
5374 silly ADD node_modules/archy
5375 silly ADD node_modules/aproba
5376 silly ADD node_modules/anymatch
5377 silly ADD node_modules/ansi-styles
5378 silly ADD node_modules/ansi-regex
5379 silly ADD node_modules/ansi-escapes
5380 silly ADD node_modules/ansi-escapes/node_modules/type-fest
5381 silly ADD node_modules/ansi-align
5382 silly ADD node_modules/ajv-keywords
5383 silly ADD node_modules/ajv-formats
5384 silly ADD node_modules/ajv-formats/node_modules/json-schema-traverse
5385 silly ADD node_modules/ajv-formats/node_modules/ajv
5386 silly ADD node_modules/ajv
5387 silly ADD node_modules/aggregate-error
5388 silly ADD node_modules/agentkeepalive
5389 silly ADD node_modules/agentkeepalive/node_modules/depd
5390 silly ADD node_modules/agent-base
5391 silly ADD node_modules/acorn-jsx
5392 silly ADD node_modules/acorn-import-assertions
5393 silly ADD node_modules/acorn
5394 silly ADD node_modules/abstract-logging
5395 silly ADD node_modules/abort-controller
5396 silly ADD node_modules/abbrev
5397 silly ADD node_modules/@xtuc/long
5398 silly ADD node_modules/@xtuc/ieee754
5399 silly ADD node_modules/@webpack-cli/serve
5400 silly ADD node_modules/@webpack-cli/info
5401 silly ADD node_modules/@webpack-cli/configtest
5402 silly ADD node_modules/@webassemblyjs/wast-printer
5403 silly ADD node_modules/@webassemblyjs/wasm-parser
5404 silly ADD node_modules/@webassemblyjs/wasm-opt
5405 silly ADD node_modules/@webassemblyjs/wasm-gen
5406 silly ADD node_modules/@webassemblyjs/wasm-edit
5407 silly ADD node_modules/@webassemblyjs/utf8
5408 silly ADD node_modules/@webassemblyjs/leb128
5409 silly ADD node_modules/@webassemblyjs/ieee754
5410 silly ADD node_modules/@webassemblyjs/helper-wasm-section
5411 silly ADD node_modules/@webassemblyjs/helper-wasm-bytecode
5412 silly ADD node_modules/@webassemblyjs/helper-numbers
5413 silly ADD node_modules/@webassemblyjs/helper-buffer
5414 silly ADD node_modules/@webassemblyjs/helper-api-error
5415 silly ADD node_modules/@webassemblyjs/floating-point-hex-parser
5416 silly ADD node_modules/@webassemblyjs/ast
5417 silly ADD node_modules/@vscode/sqlite3
5418 silly ADD node_modules/@ungap/structured-clone
5419 silly ADD node_modules/@types/yargs-parser
5420 silly ADD node_modules/@types/yargs
5421 silly ADD node_modules/@types/validator
5422 silly ADD node_modules/@types/stack-utils
5423 silly ADD node_modules/@types/stack-trace
5424 silly ADD node_modules/@types/semver-utils
5425 silly ADD node_modules/@types/responselike
5426 silly ADD node_modules/@types/node
5427 silly ADD node_modules/@types/ms
5428 silly ADD node_modules/@types/keyv
5429 silly ADD node_modules/@types/json5
5430 silly ADD node_modules/@types/json-schema
5431 silly ADD node_modules/@types/jest
5432 silly ADD node_modules/@types/istanbul-reports
5433 silly ADD node_modules/@types/istanbul-lib-report
5434 silly ADD node_modules/@types/istanbul-lib-coverage
5435 silly ADD node_modules/@types/http-cache-semantics
5436 silly ADD node_modules/@types/graceful-fs
5437 silly ADD node_modules/@types/estree
5438 silly ADD node_modules/@types/eslint-scope
5439 silly ADD node_modules/@types/eslint
5440 silly ADD node_modules/@types/debug
5441 silly ADD node_modules/@types/cacheable-request
5442 silly ADD node_modules/@types/babel__traverse
5443 silly ADD node_modules/@types/babel__template
5444 silly ADD node_modules/@types/babel__generator
5445 silly ADD node_modules/@types/babel__core
5446 silly ADD node_modules/@tufjs/models
5447 silly ADD node_modules/@tufjs/models/node_modules/minimatch
5448 silly ADD node_modules/@tufjs/models/node_modules/brace-expansion
5449 silly ADD node_modules/@tufjs/canonical-json
5450 silly ADD node_modules/@tootallnate/once
5451 silly ADD node_modules/@szmarczak/http-timer
5452 silly ADD node_modules/@sinonjs/fake-timers
5453 silly ADD node_modules/@sinonjs/commons
5454 silly ADD node_modules/@sindresorhus/is
5455 silly ADD node_modules/@sinclair/typebox
5456 silly ADD node_modules/@sigstore/tuf
5457 silly ADD node_modules/@sigstore/sign
5458 silly ADD node_modules/@sigstore/protobuf-specs
5459 silly ADD node_modules/@sigstore/bundle
5460 silly ADD node_modules/@rails/ujs
5461 silly ADD node_modules/@popperjs/core
5462 silly ADD node_modules/@pnpm/npm-conf
5463 silly ADD node_modules/@pnpm/network.ca-file
5464 silly ADD node_modules/@pkgjs/parseargs
5465 silly ADD node_modules/@one-ini/wasm
5466 silly ADD node_modules/@npmcli/run-script
5467 silly ADD node_modules/@npmcli/run-script/node_modules/which
5468 silly ADD node_modules/@npmcli/promise-spawn
5469 silly ADD node_modules/@npmcli/promise-spawn/node_modules/which
5470 silly ADD node_modules/@npmcli/node-gyp
5471 silly ADD node_modules/@npmcli/move-file
5472 silly ADD node_modules/@npmcli/installed-package-contents
5473 silly ADD node_modules/@npmcli/git
5474 silly ADD node_modules/@npmcli/git/node_modules/which
5475 silly ADD node_modules/@npmcli/git/node_modules/lru-cache
5476 silly ADD node_modules/@npmcli/fs
5477 silly ADD node_modules/@nodelib/fs.walk
5478 silly ADD node_modules/@nodelib/fs.stat
5479 silly ADD node_modules/@nodelib/fs.scandir
5480 silly ADD node_modules/@lukeed/ms
5481 silly ADD node_modules/@jridgewell/trace-mapping
5482 silly ADD node_modules/@jridgewell/sourcemap-codec
5483 silly ADD node_modules/@jridgewell/source-map
5484 silly ADD node_modules/@jridgewell/set-array
5485 silly ADD node_modules/@jridgewell/resolve-uri
5486 silly ADD node_modules/@jridgewell/gen-mapping
5487 silly ADD node_modules/@jest/types
5488 silly ADD node_modules/@jest/transform
5489 silly ADD node_modules/@jest/test-sequencer
5490 silly ADD node_modules/@jest/test-result
5491 silly ADD node_modules/@jest/source-map
5492 silly ADD node_modules/@jest/schemas
5493 silly ADD node_modules/@jest/reporters
5494 silly ADD node_modules/@jest/reporters/node_modules/glob
5495 silly ADD node_modules/@jest/globals
5496 silly ADD node_modules/@jest/fake-timers
5497 silly ADD node_modules/@jest/expect-utils
5498 silly ADD node_modules/@jest/expect
5499 silly ADD node_modules/@jest/environment
5500 silly ADD node_modules/@jest/core
5501 silly ADD node_modules/@jest/console
5502 silly ADD node_modules/@istanbuljs/schema
5503 silly ADD node_modules/@istanbuljs/load-nyc-config
5504 silly ADD node_modules/@istanbuljs/load-nyc-config/node_modules/p-locate
5505 silly ADD node_modules/@istanbuljs/load-nyc-config/node_modules/p-limit
5506 silly ADD node_modules/@istanbuljs/load-nyc-config/node_modules/locate-path
5507 silly ADD node_modules/@istanbuljs/load-nyc-config/node_modules/js-yaml
5508 silly ADD node_modules/@istanbuljs/load-nyc-config/node_modules/find-up
5509 silly ADD node_modules/@istanbuljs/load-nyc-config/node_modules/argparse
5510 silly ADD node_modules/@isaacs/cliui
5511 silly ADD node_modules/@isaacs/cliui/node_modules/strip-ansi
5512 silly ADD node_modules/@isaacs/cliui/node_modules/string-width
5513 silly ADD node_modules/@isaacs/cliui/node_modules/emoji-regex
5514 silly ADD node_modules/@isaacs/cliui/node_modules/ansi-regex
5515 silly ADD node_modules/@humanwhocodes/object-schema
5516 silly ADD node_modules/@humanwhocodes/module-importer
5517 silly ADD node_modules/@humanwhocodes/config-array
5518 silly ADD node_modules/@gar/promisify
5519 silly ADD node_modules/@fastify/view
5520 silly ADD node_modules/@fastify/view/node_modules/fastify-plugin
5521 silly ADD node_modules/@fastify/static
5522 silly ADD node_modules/@fastify/static/node_modules/fastify-plugin
5523 silly ADD node_modules/@fastify/sensible
5524 silly ADD node_modules/@fastify/sensible/node_modules/fastify-plugin
5525 silly ADD node_modules/@fastify/send
5526 silly ADD node_modules/@fastify/secure-session
5527 silly ADD node_modules/@fastify/secure-session/node_modules/fastify-plugin
5528 silly ADD node_modules/@fastify/merge-json-schemas
5529 silly ADD node_modules/@fastify/formbody
5530 silly ADD node_modules/@fastify/formbody/node_modules/fastify-plugin
5531 silly ADD node_modules/@fastify/flash
5532 silly ADD node_modules/@fastify/flash/node_modules/fastify-plugin
5533 silly ADD node_modules/@fastify/fast-json-stringify-compiler
5534 silly ADD node_modules/@fastify/error
5535 silly ADD node_modules/@fastify/deepmerge
5536 silly ADD node_modules/@fastify/cookie
5537 silly ADD node_modules/@fastify/cookie/node_modules/fastify-plugin
5538 silly ADD node_modules/@fastify/ajv-compiler
5539 silly ADD node_modules/@fastify/ajv-compiler/node_modules/json-schema-traverse
5540 silly ADD node_modules/@fastify/ajv-compiler/node_modules/ajv
5541 silly ADD node_modules/@fastify/accept-negotiator
5542 silly ADD node_modules/@eslint/js
5543 silly ADD node_modules/@eslint/eslintrc
5544 silly ADD node_modules/@eslint/eslintrc/node_modules/globals
5545 silly ADD node_modules/@eslint-community/regexpp
5546 silly ADD node_modules/@eslint-community/eslint-utils
5547 silly ADD node_modules/@discoveryjs/json-ext
5548 silly ADD node_modules/@colors/colors
5549 silly ADD node_modules/@bcoe/v8-coverage
5550 silly ADD node_modules/@babel/types
5551 silly ADD node_modules/@babel/traverse
5552 silly ADD node_modules/@babel/traverse/node_modules/globals
5553 silly ADD node_modules/@babel/template
5554 silly ADD node_modules/@babel/runtime
5555 silly ADD node_modules/@babel/plugin-syntax-typescript
5556 silly ADD node_modules/@babel/plugin-syntax-top-level-await
5557 silly ADD node_modules/@babel/plugin-syntax-optional-chaining
5558 silly ADD node_modules/@babel/plugin-syntax-optional-catch-binding
5559 silly ADD node_modules/@babel/plugin-syntax-object-rest-spread
5560 silly ADD node_modules/@babel/plugin-syntax-numeric-separator
5561 silly ADD node_modules/@babel/plugin-syntax-nullish-coalescing-operator
5562 silly ADD node_modules/@babel/plugin-syntax-logical-assignment-operators
5563 silly ADD node_modules/@babel/plugin-syntax-jsx
5564 silly ADD node_modules/@babel/plugin-syntax-json-strings
5565 silly ADD node_modules/@babel/plugin-syntax-import-meta
5566 silly ADD node_modules/@babel/plugin-syntax-class-properties
5567 silly ADD node_modules/@babel/plugin-syntax-bigint
5568 silly ADD node_modules/@babel/plugin-syntax-async-generators
5569 silly ADD node_modules/@babel/parser
5570 silly ADD node_modules/@babel/highlight
5571 silly ADD node_modules/@babel/highlight/node_modules/supports-color
5572 silly ADD node_modules/@babel/highlight/node_modules/has-flag
5573 silly ADD node_modules/@babel/highlight/node_modules/color-name
5574 silly ADD node_modules/@babel/highlight/node_modules/color-convert
5575 silly ADD node_modules/@babel/highlight/node_modules/chalk
5576 silly ADD node_modules/@babel/highlight/node_modules/ansi-styles
5577 silly ADD node_modules/@babel/helpers
5578 silly ADD node_modules/@babel/helper-validator-option
5579 silly ADD node_modules/@babel/helper-validator-identifier
5580 silly ADD node_modules/@babel/helper-string-parser
5581 silly ADD node_modules/@babel/helper-split-export-declaration
5582 silly ADD node_modules/@babel/helper-simple-access
5583 silly ADD node_modules/@babel/helper-plugin-utils
5584 silly ADD node_modules/@babel/helper-module-transforms
5585 silly ADD node_modules/@babel/helper-module-imports
5586 silly ADD node_modules/@babel/helper-hoist-variables
5587 silly ADD node_modules/@babel/helper-function-name
5588 silly ADD node_modules/@babel/helper-environment-visitor
5589 silly ADD node_modules/@babel/helper-compilation-targets
5590 silly ADD node_modules/@babel/helper-compilation-targets/node_modules/semver
5591 silly ADD node_modules/@babel/generator
5592 silly ADD node_modules/@babel/core
5593 silly ADD node_modules/@babel/core/node_modules/semver
5594 silly ADD node_modules/@babel/compat-data
5595 silly ADD node_modules/@babel/code-frame
5596 silly ADD node_modules/@ampproject/remapping
5597 silly ADD node_modules/@aashutoshrathi/word-wrap
5598 timing command:install Completed in 222185ms
5599 notice
5599 notice New [31mmajor[39m version of npm available! [31m10.5.0[39m -> [32m11.14.1[39m
5599 notice Changelog: [36mhttps://github.com/npm/cli/releases/tag/v11.14.1[39m
5599 notice Run [32mnpm install -g npm@11.14.1[39m to update!
5599 notice
5600 verbose exit 0
5601 timing npm Completed in 222623ms
5602 info ok
